emd_code,sido_name,sigungu_name,emd_name,center_lat,center_lon,grid_nx,grid_ny,announce_time,temperature,humidity,feels_like,risk_tier
4700000000,경상북도,,,36.394142,128.691316,90,102,20240805T14:00,35.5,65.0,36.4,위험
4711100000,경상북도,포항시 남구,포항시 남구,35.962993,129.430789,103,93,20240805T14:00,35.2,71.0,36.7,위험
4711125000,경상북도,포항시 남구,구룡포읍,35.984333,129.528889,105,94,20240805T14:00,34.7,74.0,36.4,위험
4711125300,경상북도,포항시 남구,연일읍,36.010193,129.307598,101,94,20240805T14:00,35.2,71.0,36.7,위험
4711125600,경상북도,포항시 남구,오천읍,35.922702,129.391507,103,92,20240805T14:00,35.2,71.0,36.7,위험
4711131000,경상북도,포항시 남구,대송면,35.94137,129.349373,102,93,20240805T14:00,35.2,71.0,36.7,위험
4711132000,경상북도,포항시 남구,동해면,36.004211,129.48682,104,94,20240805T14:00,34.7,74.0,36.4,위험
4711133000,경상북도,포항시 남구,장기면,35.907819,129.475464,104,92,20240805T14:00,35.2,71.0,36.7,위험
4711134000,경상북도,포항시 남구,대보면,36.056479,129.55081,105,95,20240805T14:00,35.2,71.0,36.7,위험
4711135000,경상북도,포항시 남구,호미곶면,36.056479,129.55081,105,95,20240805T14:00,34.7,74.0,36.4,위험
4711151000,경상북도,포항시 남구,상대1동,35.184237,128.113714,81,75,20240805T14:00,35.6,69.0,36.9,위험
4711152000,경상북도,포항시 남구,상대2동,35.184237,128.113714,81,75,20240805T14:00,35.6,69.0,36.9,위험
4711152500,경상북도,포항시 남구,상대동,36.014784,129.359298,102,94,20240805T14:00,35.6,69.0,36.9,위험
4711153000,경상북도,포항시 남구,해도1동,36.020387,129.372834,102,94,20240805T14:00,35.6,69.0,36.9,위험
4711154000,경상북도,포항시 남구,해도2동,36.020387,129.372834,102,94,20240805T14:00,35.6,69.0,36.9,위험
4711154500,경상북도,포항시 남구,해도동,36.020387,129.372834,102,94,20240805T14:00,35.6,69.0,36.9,위험
4711155000,경상북도,포항시 남구,송도동,36.036849,129.375022,102,95,20240805T14:00,35.6,69.0,36.9,위험
4711156000,경상북도,포항시 남구,청림동,35.99238,129.415599,103,94,20240805T14:00,35.6,69.0,36.9,위험
4711157000,경상북도,포항시 남구,제철동,35.997764,129.383559,103,94,20240805T14:00,35.6,69.0,36.9,위험
4711158000,경상북도,포항시 남구,효곡동,36.020058,129.321683,101,94,20240805T14:00,35.6,69.0,36.9,위험
4711159000,경상북도,포항시 남구,대이동,36.025504,129.338077,102,94,20240805T14:00,35.6,69.0,36.9,위험
4711300000,경상북도,포항시 북구,포항시 북구,36.174294,129.193396,99,97,20240805T14:00,35.0,72.0,36.6,위험
4711325000,경상북도,포항시 북구,흥해읍,36.105144,129.360459,102,96,20240805T14:00,34.5,75.0,36.3,위험
4711331000,경상북도,포항시 북구,신광면,36.146383,129.257959,100,97,20240805T14:00,35.0,72.0,36.6,위험
4711332000,경상북도,포항시 북구,청하면,36.197029,129.318057,101,98,20240805T14:00,35.0,72.0,36.6,위험
4711333000,경상북도,포항시 북구,송라면,36.243174,129.345043,102,99,20240805T14:00,35.0,72.0,36.6,위험
4711334000,경상북도,포항시 북구,기계면,36.085185,129.170237,99,96,20240805T14:00,35.0,72.0,36.6,위험
4711335000,경상북도,포항시 북구,죽장면,36.222444,129.160913,98,99,20240805T14:00,35.0,72.0,36.6,위험
4711335500,경상북도,포항시 북구,죽장면상옥출장소,36.019032,129.343386,102,94,20240805T14:00,35.0,72.0,36.6,위험
4711336000,경상북도,포항시 북구,기북면,36.154473,129.1843,99,97,20240805T14:00,34.4,73.0,36.0,위험
4711352000,경상북도,포항시 북구,중앙동,36.046306,129.366932,102,95,20240805T14:00,35.4,70.0,36.8,위험
4711356000,경상북도,포항시 북구,학산동,36.046306,129.366932,102,95,20240805T14:00,35.4,70.0,36.8,위험
4711363000,경상북도,포항시 북구,양학동,36.032202,129.345114,102,95,20240805T14:00,35.4,70.0,36.8,위험
4711364000,경상북도,포항시 북구,죽도1동,36.025493,129.358129,102,94,20240805T14:00,35.4,70.0,36.8,위험
4711365000,경상북도,포항시 북구,죽도2동,36.025493,129.358129,102,94,20240805T14:00,35.4,70.0,36.8,위험
4711365500,경상북도,포항시 북구,죽도동,36.025493,129.358129,102,94,20240805T14:00,35.4,70.0,36.8,위험
4711366500,경상북도,포항시 북구,용흥동,36.039569,129.350846,102,95,20240805T14:00,35.4,70.0,36.8,위험
4711368000,경상북도,포항시 북구,우창동,36.063656,129.357828,102,95,20240805T14:00,35.4,70.0,36.8,위험
4711369000,경상북도,포항시 북구,두호동,36.063924,129.391375,103,95,20240805T14:00,35.4,70.0,36.8,위험
4711370000,경상북도,포항시 북구,장량동,36.081037,129.385988,103,96,20240805T14:00,35.4,70.0,36.8,위험
4711371000,경상북도,포항시 북구,환여동,36.072497,129.399897,103,95,20240805T14:00,35.4,70.0,36.8,위험
4713000000,경상북도,경주시,경주시,35.859593,129.207894,100,91,20240805T14:00,35.5,65.0,36.4,위험
4713025000,경상북도,경주시,감포읍,35.797878,129.471632,104,90,20240805T14:00,35.0,68.0,36.2,위험
4713025300,경상북도,경주시,안강읍,35.980304,129.179591,99,93,20240805T14:00,35.0,68.0,36.2,위험
4713025600,경상북도,경주시,건천읍,35.837043,129.089258,98,90,20240805T14:00,35.5,65.0,36.4,위험
4713025900,경상북도,경주시,외동읍,35.71326,129.317514,102,88,20240805T14:00,35.5,65.0,36.4,위험
4713031000,경상북도,경주시,양북면,35.802658,129.400441,103,90,20240805T14:00,34.9,66.0,35.9,위험
4713031500,경상북도,경주시,문무대왕면,35.803267,129.400688,103,90,20240805T14:00,35.5,65.0,36.4,위험
4713032000,경상북도,경주시,양남면,35.703817,129.419931,103,87,20240805T14:00,35.5,65.0,36.4,위험
4713033000,경상북도,경주시,내남면,35.75015,129.174664,99,88,20240805T14:00,35.5,65.0,36.4,위험
4713034000,경상북도,경주시,산내면,35.74495,129.030385,97,88,20240805T14:00,34.9,66.0,35.9,위험
4713035000,경상북도,경주시,서면,35.89257,129.062182,97,91,20240805T14:00,35.5,65.0,36.4,위험
4713036000,경상북도,경주시,현곡면,35.897083,129.178042,99,91,20240805T14:00,34.9,66.0,35.9,위험
4713037000,경상북도,경주시,강동면,36.002548,129.266465,101,94,20240805T14:00,35.0,68.0,36.2,위험
4713038000,경상북도,경주시,천북면,35.905231,129.281994,101,92,20240805T14:00,34.9,66.0,35.9,위험
4713051500,경상북도,경주시,중부동,35.844228,129.210697,100,90,20240805T14:00,35.9,63.0,36.7,위험
4713052000,경상북도,경주시,성동동,35.845414,129.221009,100,90,20240805T14:00,35.9,63.0,36.7,위험
4713053000,경상북도,경주시,황오동,35.845415,129.220998,100,90,20240805T14:00,35.9,63.0,36.7,위험
4713055000,경상북도,경주시,성건동,35.856582,129.192591,99,91,20240805T14:00,35.9,63.0,36.7,위험
4713056000,경상북도,경주시,탑정동,35.813432,129.208808,100,90,20240805T14:00,35.9,63.0,36.7,위험
4713057000,경상북도,경주시,황남동,35.813877,129.20926,100,90,20240805T14:00,35.9,63.0,36.7,위험
4713059000,경상북도,경주시,선도동,35.84001,129.168247,99,90,20240805T14:00,35.9,63.0,36.7,위험
4713060500,경상북도,경주시,월성동,35.808257,129.251416,100,90,20240805T14:00,35.9,63.0,36.7,위험
4713061500,경상북도,경주시,용강동,35.873155,129.234025,100,91,20240805T14:00,35.9,63.0,36.7,위험
4713062100,경상북도,경주시,황성동,35.868972,129.214552,100,91,20240805T14:00,35.9,63.0,36.7,위험
4713063000,경상북도,경주시,동천동,35.851206,129.233281,100,90,20240805T14:00,35.9,63.0,36.7,위험
4713065000,경상북도,경주시,불국동,35.777718,129.286135,101,89,20240805T14:00,35.9,63.0,36.7,위험
4713066000,경상북도,경주시,보덕동,35.848236,129.318873,102,90,20240805T14:00,35.9,63.0,36.7,위험
4715000000,경상북도,김천시,김천시,36.043495,128.050697,79,94,20240805T14:00,36.5,62.0,37.2,위험
4715025000,경상북도,김천시,아포읍,36.14936,128.234953,82,96,20240805T14:00,36.0,65.0,36.9,위험
4715031000,경상북도,김천시,농소면,36.088382,128.177814,81,95,20240805T14:00,36.5,62.0,37.2,위험
4715032000,경상북도,김천시,남면,36.10035,128.233752,82,95,20240805T14:00,36.5,62.0,37.2,위험
4715034000,경상북도,김천시,개령면,36.171767,128.184169,81,97,20240805T14:00,35.9,63.0,36.7,위험
4715035000,경상북도,김천시,감문면,36.222709,128.175478,81,98,20240805T14:00,36.5,62.0,37.2,위험
4715036000,경상북도,김천시,어모면,36.203642,128.09372,80,97,20240805T14:00,36.5,62.0,37.2,위험
4715037000,경상북도,김천시,봉산면,36.169237,128.032773,79,97,20240805T14:00,35.9,63.0,36.7,위험
4715038000,경상북도,김천시,대항면,36.103415,128.013931,78,95,20240805T14:00,36.5,62.0,37.2,위험
4715039000,경상북도,김천시,감천면,36.066317,128.135839,81,95,20240805T14:00,36.5,62.0,37.2,위험
4715040000,경상북도,김천시,조마면,36.021303,128.121793,80,94,20240805T14:00,36.5,62.0,37.2,위험
4715041000,경상북도,김천시,구성면,36.042609,128.016899,78,94,20240805T14:00,36.5,62.0,37.2,위험
4715042000,경상북도,김천시,지례면,35.964183,128.050678,79,92,20240805T14:00,36.5,62.0,37.2,위험
4715043000,경상북도,김천시,부항면,36.002014,127.936691,77,93,20240805T14:00,36.5,62.0,37.2,위험
4715044000,경상북도,김천시,대덕면,35.909929,127.945638,77,91,20240805T14:00,36.5,62.0,37.2,위험
4715045000,경상북도,김천시,증산면,35.884791,128.028158,79,91,20240805T14:00,35.9,63.0,36.7,위험
4715051500,경상북도,김천시,용암동,36.123686,128.124911,80,96,20240805T14:00,36.9,60.0,37.4,위험
4715051600,경상북도,김천시,자산동,36.123371,128.124986,80,96,20240805T14:00,36.9,60.0,37.4,위험
4715053500,경상북도,김천시,성남동,36.120133,128.114782,80,96,20240805T14:00,36.9,60.0,37.4,위험
4715053600,경상북도,김천시,평화남산동,36.120133,128.114782,80,96,20240805T14:00,36.9,60.0,37.4,위험
4715054000,경상북도,김천시,평화동,36.124795,128.112818,80,96,20240805T14:00,36.9,60.0,37.4,위험
4715056500,경상북도,김천시,양금동,36.09813,128.105112,80,95,20240805T14:00,36.9,60.0,37.4,위험
4715057500,경상북도,김천시,대신동,36.148971,128.109971,80,96,20240805T14:00,36.9,60.0,37.4,위험
4715059500,경상북도,김천시,대곡동,36.114948,128.082374,80,96,20240805T14:00,36.9,60.0,37.4,위험
4715061000,경상북도,김천시,지좌동,36.119107,128.146854,81,96,20240805T14:00,36.9,60.0,37.4,위험
4715064000,경상북도,김천시,율곡동,36.122665,128.184843,81,96,20240805T14:00,36.9,60.0,37.4,위험
4717000000,경상북도,안동시,안동시,36.559298,128.724297,91,106,20240805T14:00,35.8,65.0,36.7,위험
4717025000,경상북도,안동시,풍산읍,36.598914,128.545731,87,106,20240805T14:00,35.2,66.0,36.2,위험
4717031000,경상북도,안동시,와룡면,36.632832,128.783172,92,107,20240805T14:00,35.8,65.0,36.7,위험
4717032000,경상북도,안동시,북후면,36.663734,128.703604,90,108,20240805T14:00,35.2,66.0,36.2,위험
4717033000,경상북도,안동시,서후면,36.626096,128.657467,89,107,20240805T14:00,35.8,65.0,36.7,위험
4717034000,경상북도,안동시,풍천면,36.517855,128.50574,87,105,20240805T14:00,35.8,65.0,36.7,위험
4717034500,경상북도,안동시,풍천면어담출장소,36.493723,128.563976,88,104,20240805T14:00,35.8,65.0,36.7,위험
4717035000,경상북도,안동시,일직면,36.46288,128.643295,89,103,20240805T14:00,35.8,65.0,36.7,위험
4717036000,경상북도,안동시,남후면,36.528635,128.629865,89,105,20240805T14:00,35.8,65.0,36.7,위험
4717037000,경상북도,안동시,남선면,36.507904,128.750611,91,104,20240805T14:00,35.8,65.0,36.7,위험
4717038000,경상북도,안동시,임하면,36.517209,128.846425,93,105,20240805T14:00,35.8,65.0,36.7,위험
4717039000,경상북도,안동시,길안면,36.406295,128.914297,94,102,20240805T14:00,35.8,65.0,36.7,위험
4717040000,경상북도,안동시,임동면,36.592312,128.933435,94,106,20240805T14:00,35.8,65.0,36.7,위험
4717041000,경상북도,안동시,예안면,36.684408,128.897191,93,108,20240805T14:00,35.8,65.0,36.7,위험
4717041500,경상북도,안동시,예안면삼계출장소,36.719503,128.925046,94,109,20240805T14:00,35.8,65.0,36.7,위험
4717042000,경상북도,안동시,도산면,36.748696,128.854323,93,110,20240805T14:00,35.2,66.0,36.2,위험
4717042500,경상북도,안동시,도산면서부출장소,36.698211,128.812232,92,109,20240805T14:00,35.2,66.0,36.2,위험
4717043000,경상북도,안동시,녹전면,36.750819,128.767156,91,110,20240805T14:00,35.8,65.0,36.7,위험
4717051000,경상북도,안동시,중구동,36.573575,128.756586,91,106,20240805T14:00,36.2,63.0,37.0,위험
4717052000,경상북도,안동시,명륜동,36.583133,128.742535,91,106,20240805T14:00,36.2,63.0,37.0,위험
4717055500,경상북도,안동시,용상동,36.561076,128.774877,91,106,20240805T14:00,36.2,63.0,37.0,위험
4717058500,경상북도,안동시,서구동,36.564365,128.721617,91,106,20240805T14:00,36.2,63.0,37.0,위험
4717060000,경상북도,안동시,태화동,36.561804,128.711988,90,106,20240805T14:00,36.2,63.0,37.0,위험
4717061000,경상북도,안동시,법상동,36.561804,128.711988,90,106,20240805T14:00,36.2,63.0,37.0,위험
4717062000,경상북도,안동시,평화동,36.573008,128.711191,90,106,20240805T14:00,36.2,63.0,37.0,위험
4717063000,경상북도,안동시,안기동,36.591716,128.714446,90,106,20240805T14:00,36.2,63.0,37.0,위험
4717065000,경상북도,안동시,옥동,36.558407,128.690336,90,106,20240805T14:00,36.2,63.0,37.0,위험
4717066000,경상북도,안동시,송하동,36.580293,128.691399,90,106,20240805T14:00,36.2,63.0,37.0,위험
4717069000,경상북도,안동시,강남동,36.543562,128.728383,91,105,20240805T14:00,36.2,63.0,37.0,위험
4719000000,경상북도,구미시,구미시,36.212292,128.362699,84,98,20240805T14:00,37.2,60.0,37.7,위험
4719025000,경상북도,구미시,선산읍,36.246959,128.28358,83,99,20240805T14:00,36.6,61.0,37.2,위험
4719025300,경상북도,구미시,고아읍,36.183645,128.327688,84,97,20240805T14:00,37.2,60.0,37.7,위험
4719025600,경상북도,구미시,산동읍,36.181061,128.462296,86,97,20240805T14:00,36.6,61.0,37.2,위험
4719031000,경상북도,구미시,무을면,36.265641,128.187926,81,99,20240805T14:00,37.2,60.0,37.7,위험
4719032000,경상북도,구미시,옥성면,36.304874,128.269568,83,100,20240805T14:00,37.2,60.0,37.7,위험
4719033000,경상북도,구미시,도개면,36.304108,128.349364,84,100,20240805T14:00,37.2,60.0,37.7,위험
4719034000,경상북도,구미시,해평면,36.219243,128.401761,85,98,20240805T14:00,36.7,63.0,37.5,위험
4719035000,경상북도,구미시,산동면,36.181476,128.462212,86,97,20240805T14:00,36.6,61.0,37.2,위험
4719036000,경상북도,구미시,장천면,36.152361,128.511968,87,97,20240805T14:00,37.2,60.0,37.7,위험
4719051000,경상북도,구미시,송정동,36.118147,128.348323,84,96,20240805T14:00,37.6,58.0,37.9,위험
4719052000,경상북도,구미시,원평1동,36.125409,128.347768,84,96,20240805T14:00,37.6,58.0,37.9,위험
4719053000,경상북도,구미시,원평2동,36.131203,128.331449,84,96,20240805T14:00,37.6,58.0,37.9,위험
4719053500,경상북도,구미시,원평동,36.12749,128.3403,84,96,20240805T14:00,37.6,58.0,37.9,위험
4719055100,경상북도,구미시,도량동,36.143027,128.329406,84,96,20240805T14:00,37.6,58.0,37.9,위험
4719055500,경상북도,구미시,지산동,36.137106,128.356007,84,96,20240805T14:00,37.6,58.0,37.9,위험
4719056500,경상북도,구미시,선주원남동,36.129862,128.310086,84,96,20240805T14:00,37.6,58.0,37.9,위험
4719058200,경상북도,구미시,형곡1동,36.114378,128.333049,84,96,20240805T14:00,37.6,58.0,37.9,위험
4719058300,경상북도,구미시,형곡2동,36.103021,128.334007,84,95,20240805T14:00,37.6,58.0,37.9,위험
4719059000,경상북도,구미시,신평1동,36.119944,128.361832,85,96,20240805T14:00,37.6,58.0,37.9,위험
4719060000,경상북도,구미시,신평2동,36.125069,128.366255,85,96,20240805T14:00,37.6,58.0,37.9,위험
4719061000,경상북도,구미시,비산동,36.122897,128.379833,85,96,20240805T14:00,37.6,58.0,37.9,위험
4719062100,경상북도,구미시,공단1동,36.118,128.380034,85,96,20240805T14:00,37.6,58.0,37.9,위험
4719062200,경상북도,구미시,공단2동,36.092451,128.379849,85,95,20240805T14:00,37.6,58.0,37.9,위험
4719063000,경상북도,구미시,광평동,36.108746,128.356977,84,96,20240805T14:00,37.6,58.0,37.9,위험
4719064500,경상북도,구미시,상모사곡동,36.092331,128.346546,84,95,20240805T14:00,37.6,58.0,37.9,위험
4719066000,경상북도,구미시,임오동,36.076222,128.362721,85,95,20240805T14:00,37.6,58.0,37.9,위험
4719067000,경상북도,구미시,인동동,36.097301,128.451853,86,95,20240805T14:00,37.6,58.0,37.9,위험
4719068000,경상북도,구미시,진미동,36.104062,128.409074,85,95,20240805T14:00,37.6,58.0,37.9,위험
4719069000,경상북도,구미시,양포동,36.1351,128.412822,85,96,20240805T14:00,37.6,58.0,37.9,위험
4719070000,경상북도,구미시,공단동,36.093272,128.379858,85,95,20240805T14:00,37.6,58.0,37.9,위험
4721000000,경상북도,영주시,영주시,36.880491,128.534994,87,112,20240805T14:00,35.3,66.0,36.3,위험
4721025000,경상북도,영주시,풍기읍,36.90781,128.48778,86,113,20240805T14:00,35.3,66.0,36.3,위험
4721031000,경상북도,영주시,이산면,36.813302,128.699653,90,111,20240805T14:00,34.7,67.0,35.8,위험
4721032000,경상북도,영주시,평은면,36.748751,128.706835,90,110,20240805T14:00,35.3,66.0,36.3,위험
4721033000,경상북도,영주시,문수면,36.747434,128.62603,89,110,20240805T14:00,35.3,66.0,36.3,위험
4721034000,경상북도,영주시,장수면,36.781245,128.558424,88,110,20240805T14:00,35.3,66.0,36.3,위험
4721035000,경상북도,영주시,안정면,36.842707,128.557195,87,112,20240805T14:00,35.3,66.0,36.3,위험
4721036000,경상북도,영주시,봉현면,36.819231,128.500173,86,111,20240805T14:00,35.3,66.0,36.3,위험
4721037000,경상북도,영주시,순흥면,36.927937,128.553004,87,113,20240805T14:00,35.3,66.0,36.3,위험
4721038000,경상북도,영주시,단산면,36.96087,128.593379,88,114,20240805T14:00,34.7,67.0,35.8,위험
4721039000,경상북도,영주시,부석면,36.980781,128.656245,89,115,20240805T14:00,35.3,66.0,36.3,위험
4721051000,경상북도,영주시,상망동,36.855953,128.627317,89,112,20240805T14:00,35.7,64.0,36.5,위험
4721052500,경상북도,영주시,하망동,36.822379,128.636434,89,111,20240805T14:00,35.7,64.0,36.5,위험
4721055000,경상북도,영주시,영주1동,36.828996,128.620171,89,111,20240805T14:00,35.7,64.0,36.5,위험
4721056000,경상북도,영주시,영주2동,36.823127,128.618337,89,111,20240805T14:00,35.7,64.0,36.5,위험
4721059000,경상북도,영주시,휴천1동,36.811476,128.650947,89,111,20240805T14:00,35.7,64.0,36.5,위험
4721060000,경상북도,영주시,휴천2동,36.810384,128.62277,89,111,20240805T14:00,35.7,64.0,36.5,위험
4721061000,경상북도,영주시,휴천3동,36.795256,128.64287,89,111,20240805T14:00,35.7,64.0,36.5,위험
4721062000,경상북도,영주시,가흥1동,36.802324,128.604639,88,111,20240805T14:00,35.7,64.0,36.5,위험
4721063000,경상북도,영주시,가흥2동,36.842237,128.604842,88,112,20240805T14:00,35.7,64.0,36.5,위험
4723000000,경상북도,영천시,영천시,36.007498,128.915793,94,94,20240805T14:00,37.6,61.0,38.2,위험
4723025000,경상북도,영천시,금호읍,35.923805,128.891633,94,92,20240805T14:00,37.6,61.0,38.2,위험
4723031000,경상북도,영천시,청통면,35.982475,128.83534,93,93,20240805T14:00,37.6,61.0,38.2,위험
4723032000,경상북도,영천시,신녕면,36.05756,128.761509,92,95,20240805T14:00,37.6,61.0,38.2,위험
4723033000,경상북도,영천시,화산면,36.048968,128.844488,93,95,20240805T14:00,37.0,62.0,37.7,위험
4723034000,경상북도,영천시,화북면,36.128163,128.948271,95,96,20240805T14:00,37.0,62.0,37.7,위험
4723035000,경상북도,영천시,화남면,36.083196,128.877989,94,95,20240805T14:00,37.0,62.0,37.7,위험
4723036000,경상북도,영천시,자양면,36.109123,129.037331,96,96,20240805T14:00,37.6,61.0,38.2,위험
4723037000,경상북도,영천시,임고면,36.044346,129.051012,97,95,20240805T14:00,37.6,61.0,38.2,위험
4723038000,경상북도,영천시,고경면,35.978653,129.042083,97,93,20240805T14:00,37.6,61.0,38.2,위험
4723039000,경상북도,영천시,북안면,35.894751,129.000756,96,91,20240805T14:00,37.0,62.0,37.7,위험
4723040000,경상북도,영천시,대창면,35.865319,128.922773,95,91,20240805T14:00,37.6,61.0,38.2,위험
4723051000,경상북도,영천시,동부동,35.991762,128.950899,95,93,20240805T14:00,38.0,59.0,38.4,위험
4723052000,경상북도,영천시,중앙동,36.001321,128.927409,95,94,20240805T14:00,38.0,59.0,38.4,위험
4723053500,경상북도,영천시,서부동,35.972571,128.898389,94,93,20240805T14:00,38.0,59.0,38.4,위험
4723054000,경상북도,영천시,완산동,35.961188,128.953477,95,93,20240805T14:00,38.0,59.0,38.4,위험
4723055500,경상북도,영천시,남부동,35.924169,128.959649,95,92,20240805T14:00,38.0,59.0,38.4,위험
4725000000,경상북도,상주시,상주시,36.447093,128.096999,80,103,20240805T14:00,36.8,63.0,37.6,위험
4725025000,경상북도,상주시,함창읍,36.551821,128.19194,81,105,20240805T14:00,36.8,63.0,37.6,위험
4725031000,경상북도,상주시,중동면,36.43196,128.279366,83,103,20240805T14:00,36.8,63.0,37.6,위험
4725032000,경상북도,상주시,사벌면,36.484553,128.222142,82,104,20240805T14:00,36.8,63.0,37.6,위험
4725032500,경상북도,상주시,사벌국면,36.484633,128.222288,82,104,20240805T14:00,36.8,63.0,37.6,위험
4725033000,경상북도,상주시,낙동면,36.365337,128.251414,82,101,20240805T14:00,36.8,63.0,37.6,위험
4725033500,경상북도,상주시,낙동면동부출장소,36.363581,128.29702,83,101,20240805T14:00,36.8,63.0,37.6,위험
4725034000,경상북도,상주시,청리면,36.332376,128.136858,80,100,20240805T14:00,36.8,63.0,37.6,위험
4725035000,경상북도,상주시,공성면,36.293745,128.087643,80,99,20240805T14:00,36.8,63.0,37.6,위험
4725036000,경상북도,상주시,외남면,36.357214,128.07995,79,101,20240805T14:00,36.8,63.0,37.6,위험
4725037000,경상북도,상주시,내서면,36.405579,128.063413,79,102,20240805T14:00,36.8,63.0,37.6,위험
4725038000,경상북도,상주시,모동면,36.298892,127.962508,77,99,20240805T14:00,36.8,63.0,37.6,위험
4725039000,경상북도,상주시,모서면,36.329788,127.894703,76,100,20240805T14:00,36.8,63.0,37.6,위험
4725039500,경상북도,상주시,모서면서부출장소,36.306838,127.871018,76,100,20240805T14:00,36.8,63.0,37.6,위험
4725040000,경상북도,상주시,화동면,36.398124,127.976243,78,102,20240805T14:00,36.2,64.0,37.1,위험
4725041000,경상북도,상주시,화서면,36.4571,127.960466,77,103,20240805T14:00,36.2,64.0,37.1,위험
4725042000,경상북도,상주시,화북면,36.582072,127.868385,76,106,20240805T14:00,36.2,64.0,37.1,위험
4725042600,경상북도,상주시,화북면서부출장소,36.601572,127.82817,75,106,20240805T14:00,36.2,64.0,37.1,위험
4725043000,경상북도,상주시,외서면,36.483641,128.047823,79,104,20240805T14:00,36.8,63.0,37.6,위험
4725044000,경상북도,상주시,은척면,36.550168,128.068036,79,105,20240805T14:00,36.8,63.0,37.6,위험
4725044500,경상북도,상주시,은척면북부출장소,36.577271,128.087727,79,106,20240805T14:00,36.2,64.0,37.1,위험
4725045000,경상북도,상주시,공검면,36.51691,128.14127,80,104,20240805T14:00,36.8,63.0,37.6,위험
4725046000,경상북도,상주시,이안면,36.577255,128.119258,80,106,20240805T14:00,36.8,63.0,37.6,위험
4725047000,경상북도,상주시,화남면,36.446854,127.893733,76,103,20240805T14:00,36.2,64.0,37.1,위험
4725052000,경상북도,상주시,남원동,36.410626,128.132109,80,102,20240805T14:00,37.2,61.0,37.8,위험
4725053000,경상북도,상주시,북문동,36.44403,128.159884,81,103,20240805T14:00,37.2,61.0,37.8,위험
4725054000,경상북도,상주시,계림동,36.440438,128.187781,81,103,20240805T14:00,37.2,61.0,37.8,위험
4725055000,경상북도,상주시,동문동,36.429228,128.211645,82,102,20240805T14:00,37.2,61.0,37.8,위험
4725056000,경상북도,상주시,동성동,36.389493,128.184734,81,102,20240805T14:00,37.2,61.0,37.8,위험
4725057000,경상북도,상주시,신흥동,36.370325,128.147946,81,101,20240805T14:00,37.2,61.0,37.8,위험
4728000000,경상북도,문경시,문경시,36.6932,128.133799,80,108,20240805T14:00,35.1,65.0,36.0,위험
4728025000,경상북도,문경시,문경읍,36.769978,128.125219,80,110,20240805T14:00,35.1,65.0,36.0,위험
4728025100,경상북도,문경시,문경읍갈평출장소,36.787127,128.158096,81,110,20240805T14:00,35.1,65.0,36.0,위험
4728025300,경상북도,문경시,가은읍,36.659463,127.997943,78,107,20240805T14:00,35.1,65.0,36.0,위험
4728025400,경상북도,문경시,가은읍북부출장소,36.577271,128.087727,79,106,20240805T14:00,34.5,66.0,35.5,위험
4728029000,경상북도,문경시,문경읍갈평출장소,36.787127,128.158096,81,110,20240805T14:00,35.1,65.0,36.0,위험
4728029100,경상북도,문경시,가은읍북부출장소,36.577271,128.087727,79,106,20240805T14:00,34.5,66.0,35.5,위험
4728031000,경상북도,문경시,영순면,36.565942,128.25675,82,105,20240805T14:00,35.1,65.0,36.0,위험
4728032000,경상북도,문경시,산양면,36.621501,128.257952,82,107,20240805T14:00,34.5,66.0,35.5,위험
4728033000,경상북도,문경시,호계면,36.664288,128.195486,81,108,20240805T14:00,35.1,65.0,36.0,위험
4728034000,경상북도,문경시,산북면,36.708721,128.257498,82,109,20240805T14:00,34.5,66.0,35.5,위험
4728035000,경상북도,문경시,동로면,36.774704,128.316798,83,110,20240805T14:00,35.1,65.0,36.0,위험
4728036000,경상북도,문경시,마성면,36.683541,128.110394,80,108,20240805T14:00,35.1,65.0,36.0,위험
4728037000,경상북도,문경시,농암면,36.582761,127.978928,78,106,20240805T14:00,35.1,65.0,36.0,위험
4728051500,경상북도,문경시,점촌동,36.59754,128.197312,81,106,20240805T14:00,35.5,63.0,36.3,위험
4728052000,경상북도,문경시,중앙동,36.58501,128.206477,82,106,20240805T14:00,35.5,63.0,36.3,위험
4728053000,경상북도,문경시,신흥동,36.618263,128.197812,81,107,20240805T14:00,35.5,63.0,36.3,위험
4728054500,경상북도,문경시,신평동,36.626631,128.14456,80,107,20240805T14:00,35.5,63.0,36.3,위험
4728056000,경상북도,문경시,모전동,36.590385,128.186024,81,106,20240805T14:00,35.5,63.0,36.3,위험
4728057000,경상북도,문경시,점촌1동,36.59754,128.197312,81,106,20240805T14:00,35.5,63.0,36.3,위험
4728058000,경상북도,문경시,점촌2동,36.58501,128.206477,82,106,20240805T14:00,35.5,63.0,36.3,위험
4728059000,경상북도,문경시,점촌3동,36.618263,128.197812,81,107,20240805T14:00,35.5,63.0,36.3,위험
4728060000,경상북도,문경시,점촌4동,36.62663,128.144661,80,107,20240805T14:00,35.5,63.0,36.3,위험
4728061000,경상북도,문경시,점촌5동,36.590385,128.186024,81,106,20240805T14:00,35.5,63.0,36.3,위험
4729000000,경상북도,경산시,경산시,35.847692,128.80289,92,90,20240805T14:00,38.4,59.0,38.8,위험
4729025000,경상북도,경산시,하양읍,35.905595,128.786486,92,91,20240805T14:00,38.4,59.0,38.8,위험
4729025300,경상북도,경산시,진량읍,35.869526,128.826098,93,91,20240805T14:00,38.4,59.0,38.8,위험
4729025600,경상북도,경산시,압량읍,35.842701,128.772271,92,90,20240805T14:00,38.4,59.0,38.8,위험
4729031000,경상북도,경산시,와촌면,35.950643,128.800033,92,92,20240805T14:00,38.4,59.0,38.8,위험
4729033000,경상북도,경산시,자인면,35.822778,128.829637,93,90,20240805T14:00,38.4,59.0,38.8,위험
4729034000,경상북도,경산시,용성면,35.798638,128.896175,94,89,20240805T14:00,38.4,59.0,38.8,위험
4729035000,경상북도,경산시,남산면,35.776802,128.818715,93,89,20240805T14:00,37.8,60.0,38.3,위험
4729036000,경상북도,경산시,압량면,35.842046,128.772891,92,90,20240805T14:00,38.4,59.0,38.8,위험
4729037000,경상북도,경산시,남천면,35.753405,128.746183,92,88,20240805T14:00,38.4,59.0,38.8,위험
4729051000,경상북도,경산시,중방동,35.828657,128.734982,91,90,20240805T14:00,38.8,57.0,39.0,위험
4729052000,경상북도,경산시,중앙동,35.823419,128.739284,91,90,20240805T14:00,38.8,57.0,39.0,위험
4729053000,경상북도,경산시,남부동,35.804534,128.742566,91,89,20240805T14:00,38.8,57.0,39.0,위험
4729054000,경상북도,경산시,서부동,35.814498,128.724856,91,89,20240805T14:00,38.8,57.0,39.0,위험
4729054100,경상북도,경산시,서부1동,35.814498,128.724856,91,89,20240805T14:00,38.8,57.0,39.0,위험
4729054200,경상북도,경산시,서부2동,35.835341,128.727524,91,90,20240805T14:00,38.8,57.0,39.0,위험
4729055000,경상북도,경산시,북부동,35.835676,128.75358,92,90,20240805T14:00,38.8,57.0,39.0,위험
4729056000,경상북도,경산시,동부동,35.803496,128.771966,92,89,20240805T14:00,38.8,57.0,39.0,위험
4772000000,경상북도,군위군,군위군,36.167492,128.724889,91,97,20240805T14:00,37.3,61.0,37.9,위험
4772025000,경상북도,군위군,군위읍,36.235104,128.5789,88,98,20240805T14:00,37.3,61.0,37.9,위험
4772031000,경상북도,군위군,소보면,36.255996,128.471106,86,99,20240805T14:00,37.3,61.0,37.9,위험
4772032000,경상북도,군위군,효령면,36.143195,128.588722,88,96,20240805T14:00,36.7,62.0,37.4,위험
4772033000,경상북도,군위군,부계면,36.066367,128.659849,90,95,20240805T14:00,37.3,61.0,37.9,위험
4772034000,경상북도,군위군,우보면,36.169051,128.644794,89,97,20240805T14:00,37.3,61.0,37.9,위험
4772035000,경상북도,군위군,의흥면,36.162531,128.73743,91,97,20240805T14:00,37.3,61.0,37.9,위험
4772036000,경상북도,군위군,산성면,36.093577,128.71691,91,95,20240805T14:00,36.7,62.0,37.4,위험
4772037000,경상북도,군위군,고로면,36.151347,128.828782,93,97,20240805T14:00,37.3,61.0,37.9,위험
4772038000,경상북도,군위군,삼국유사면,36.151134,128.828445,93,97,20240805T14:00,37.3,61.0,37.9,위험
4773000000,경상북도,의성군,의성군,36.3622,128.594495,88,101,20240805T14:00,37.9,62.0,38.6,위험
4773025000,경상북도,의성군,의성읍,36.35062,128.700081,90,101,20240805T14:00,37.9,62.0,38.6,위험
4773031000,경상북도,의성군,단촌면,36.433691,128.690203,90,103,20240805T14:00,37.9,62.0,38.6,위험
4773032000,경상북도,의성군,점곡면,36.404497,128.765222,91,102,20240805T14:00,37.3,63.0,38.1,위험
4773033000,경상북도,의성군,옥산면,36.374946,128.830012,93,102,20240805T14:00,37.3,63.0,38.1,위험
4773034000,경상북도,의성군,사곡면,36.303683,128.790655,92,100,20240805T14:00,37.3,63.0,38.1,위험
4773035000,경상북도,의성군,춘산면,36.238194,128.818399,92,99,20240805T14:00,37.3,63.0,38.1,위험
4773036000,경상북도,의성군,가음면,36.230077,128.728135,91,98,20240805T14:00,37.9,62.0,38.6,위험
4773037000,경상북도,의성군,금성면,36.260877,128.685705,90,99,20240805T14:00,37.9,62.0,38.6,위험
4773038000,경상북도,의성군,봉양면,36.306127,128.611097,89,100,20240805T14:00,37.9,62.0,38.6,위험
4773039000,경상북도,의성군,비안면,36.339475,128.514651,87,101,20240805T14:00,37.9,62.0,38.6,위험
4773040000,경상북도,의성군,구천면,36.328166,128.420506,85,100,20240805T14:00,37.9,62.0,38.6,위험
4773041000,경상북도,의성군,단밀면,36.368619,128.363463,84,101,20240805T14:00,37.9,62.0,38.6,위험
4773042000,경상북도,의성군,단북면,36.394132,128.393919,85,102,20240805T14:00,37.3,63.0,38.1,위험
4773043000,경상북도,의성군,안계면,36.395672,128.464801,86,102,20240805T14:00,37.9,62.0,38.6,위험
4773044000,경상북도,의성군,다인면,36.469027,128.366071,84,103,20240805T14:00,37.9,62.0,38.6,위험
4773045000,경상북도,의성군,신평면,36.469825,128.517441,87,103,20240805T14:00,37.9,62.0,38.6,위험
4773046000,경상북도,의성군,안평면,36.38972,128.580854,88,102,20240805T14:00,37.9,62.0,38.6,위험
4773047000,경상북도,의성군,안사면,36.45298,128.456996,86,103,20240805T14:00,37.9,62.0,38.6,위험
4775000000,경상북도,청송군,청송군,36.377698,129.096199,97,102,20240805T14:00,35.6,65.0,36.5,위험
4775025000,경상북도,청송군,청송읍,36.419533,129.102241,97,103,20240805T14:00,35.6,65.0,36.5,위험
4775031000,경상북도,청송군,부동면,36.364857,129.14501,98,102,20240805T14:00,35.6,65.0,36.5,위험
4775031500,경상북도,청송군,부동면,36.364848,129.145021,98,102,20240805T14:00,35.6,65.0,36.5,위험
4775032000,경상북도,청송군,부남면,36.29581,129.146109,98,100,20240805T14:00,35.6,65.0,36.5,위험
4775033000,경상북도,청송군,현동면,36.249578,129.03191,96,99,20240805T14:00,35.6,65.0,36.5,위험
4775034000,경상북도,청송군,현서면,36.233732,128.930588,94,99,20240805T14:00,35.6,65.0,36.5,위험
4775035000,경상북도,청송군,안덕면,36.318613,128.979569,95,100,20240805T14:00,35.6,65.0,36.5,위험
4775036000,경상북도,청송군,파천면,36.440635,129.004597,96,103,20240805T14:00,35.6,65.0,36.5,위험
4775037000,경상북도,청송군,진보면,36.522211,129.054802,96,105,20240805T14:00,35.6,65.0,36.5,위험
4776000000,경상북도,영양군,영양군,36.684199,129.136399,98,109,20240805T14:00,34.8,67.0,35.9,위험
4776025000,경상북도,영양군,영양읍,36.636933,129.158372,98,108,20240805T14:00,34.8,67.0,35.9,위험
4776031000,경상북도,영양군,입암면,36.599525,129.063027,96,107,20240805T14:00,34.8,67.0,35.9,위험
4776032000,경상북도,영양군,청기면,36.722153,129.035915,96,109,20240805T14:00,34.8,67.0,35.9,위험
4776032500,경상북도,영양군,청기면당동출장소,36.722153,129.035915,96,109,20240805T14:00,34.8,67.0,35.9,위험
4776032600,경상북도,영양군,청기면당리출장소,36.75788,129.053587,96,110,20240805T14:00,34.8,67.0,35.9,위험
4776033000,경상북도,영양군,일월면,36.759279,129.120976,97,110,20240805T14:00,34.8,67.0,35.9,위험
4776034000,경상북도,영양군,수비면,36.778485,129.234867,99,111,20240805T14:00,34.8,67.0,35.9,위험
4776035000,경상북도,영양군,석보면,36.557798,129.168209,98,106,20240805T14:00,34.8,67.0,35.9,위험
4777000000,경상북도,영덕군,영덕군,36.470396,129.293799,101,104,20240805T14:00,34.5,73.0,36.1,위험
4777025000,경상북도,영덕군,영덕읍,36.433029,129.389875,102,103,20240805T14:00,34.5,73.0,36.1,위험
4777031000,경상북도,영덕군,강구면,36.377249,129.363087,102,102,20240805T14:00,34.0,76.0,35.9,위험
4777032000,경상북도,영덕군,남정면,36.321175,129.339662,102,101,20240805T14:00,34.5,73.0,36.1,위험
4777033000,경상북도,영덕군,달산면,36.370857,129.268259,100,102,20240805T14:00,33.9,74.0,35.6,위험
4777034000,경상북도,영덕군,지품면,36.456376,129.248485,100,104,20240805T14:00,34.5,73.0,36.1,위험
4777034500,경상북도,영덕군,지품면원전출장소,36.484981,129.191986,99,104,20240805T14:00,34.5,73.0,36.1,위험
4777035000,경상북도,영덕군,축산면,36.489499,129.376879,102,104,20240805T14:00,33.9,74.0,35.6,위험
4777035500,경상북도,영덕군,축산면축산출장소,36.505645,129.442005,103,105,20240805T14:00,33.9,74.0,35.6,위험
4777036000,경상북도,영덕군,영해면,36.532937,129.372802,102,105,20240805T14:00,34.0,76.0,35.9,위험
4777037000,경상북도,영덕군,병곡면,36.606627,129.381749,102,107,20240805T14:00,33.9,74.0,35.6,위험
4777038000,경상북도,영덕군,창수면,36.600176,129.285497,100,107,20240805T14:00,34.5,73.0,36.1,위험
4782000000,경상북도,청도군,청도군,35.706094,128.885296,94,87,20240805T14:00,37.1,62.0,37.8,위험
4782012000,경상북도,청도군,청도읍,35.634887,128.758974,92,85,20240805T14:00,37.1,62.0,37.8,위험
4782025000,경상북도,청도군,화양읍,35.666736,128.713623,91,86,20240805T14:00,36.5,63.0,37.3,위험
4782025100,경상북도,청도군,화양읍남성현출장,35.695872,128.717546,91,87,20240805T14:00,36.5,63.0,37.3,위험
4782025300,경상북도,청도군,청도읍,35.634887,128.758974,92,85,20240805T14:00,37.1,62.0,37.8,위험
4782025400,경상북도,청도군,청도읍유호출장소,35.571898,128.768824,92,84,20240805T14:00,37.1,62.0,37.8,위험
4782029000,경상북도,청도군,화양읍남성현출장,35.695872,128.717546,91,87,20240805T14:00,36.5,63.0,37.3,위험
4782029100,경상북도,청도군,청도읍유호출장소,35.571898,128.768824,92,84,20240805T14:00,37.1,62.0,37.8,위험
4782031000,경상북도,청도군,각남면,35.620657,128.661471,90,85,20240805T14:00,37.1,62.0,37.8,위험
4782032000,경상북도,청도군,풍각면,35.635923,128.582771,89,85,20240805T14:00,37.1,62.0,37.8,위험
4782033000,경상북도,청도군,각북면,35.690627,128.572281,89,87,20240805T14:00,36.5,63.0,37.3,위험
4782034000,경상북도,청도군,이서면,35.692281,128.653778,90,87,20240805T14:00,37.1,62.0,37.8,위험
4782035000,경상북도,청도군,운문면,35.726939,128.947915,95,88,20240805T14:00,37.1,62.0,37.8,위험
4782036000,경상북도,청도군,금천면,35.698527,128.903435,94,87,20240805T14:00,37.1,62.0,37.8,위험
4782037000,경상북도,청도군,매전면,35.665182,128.847115,93,86,20240805T14:00,37.1,62.0,37.8,위험
4783000000,경상북도,고령군,고령군,35.730999,128.310893,84,87,20240805T14:00,36.9,64.0,37.8,위험
4783025000,경상북도,고령군,고령읍,35.730636,128.261616,83,87,20240805T14:00,36.3,65.0,37.3,위험
4783025300,경상북도,고령군,대가야읍,35.730636,128.261616,83,87,20240805T14:00,36.9,64.0,37.8,위험
4783031000,경상북도,고령군,덕곡면,35.786079,128.204805,82,88,20240805T14:00,36.3,65.0,37.3,위험
4783032000,경상북도,고령군,운수면,35.782875,128.29096,83,88,20240805T14:00,36.9,64.0,37.8,위험
4783033000,경상북도,고령군,성산면,35.758671,128.359965,85,88,20240805T14:00,36.3,65.0,37.3,위험
4783034000,경상북도,고령군,다산면,35.815911,128.424618,86,89,20240805T14:00,36.3,65.0,37.3,위험
4783035000,경상북도,고령군,개진면,35.706436,128.398922,85,87,20240805T14:00,36.9,64.0,37.8,위험
4783036000,경상북도,고령군,우곡면,35.658507,128.337623,84,86,20240805T14:00,36.3,65.0,37.3,위험
4783037000,경상북도,고령군,쌍림면,35.688955,128.239835,83,86,20240805T14:00,36.9,64.0,37.8,위험
4784000000,경상북도,성주군,성주군,35.916199,128.228689,82,91,20240805T14:00,36.7,63.0,37.5,위험
4784025000,경상북도,성주군,성주읍,35.919712,128.282256,83,91,20240805T14:00,36.7,63.0,37.5,위험
4784031000,경상북도,성주군,선남면,35.903122,128.356406,85,91,20240805T14:00,36.7,63.0,37.5,위험
4784032000,경상북도,성주군,용암면,35.840912,128.317701,84,90,20240805T14:00,36.7,63.0,37.5,위험
4784033000,경상북도,성주군,수륜면,35.832836,128.200169,82,89,20240805T14:00,36.7,63.0,37.5,위험
4784034000,경상북도,성주군,가천면,35.869087,128.130593,81,90,20240805T14:00,36.7,63.0,37.5,위험
4784035000,경상북도,성주군,금수면,35.919377,128.130726,81,91,20240805T14:00,36.7,63.0,37.5,위험
4784035500,경상북도,성주군,금수강산면,35.919295,128.130847,81,91,20240805T14:00,36.2,66.0,37.2,위험
4784036000,경상북도,성주군,대가면,35.902817,128.20801,82,91,20240805T14:00,36.7,63.0,37.5,위험
4784037000,경상북도,성주군,벽진면,35.975974,128.190462,82,93,20240805T14:00,36.7,63.0,37.5,위험
4784038000,경상북도,성주군,초전면,35.997902,128.250354,83,93,20240805T14:00,36.7,63.0,37.5,위험
4784039000,경상북도,성주군,월항면,35.97444,128.302339,84,93,20240805T14:00,36.7,63.0,37.5,위험
4785000000,경상북도,칠곡군,칠곡군,36.004395,128.464494,86,93,20240805T14:00,37.5,60.0,38.0,위험
4785025000,경상북도,칠곡군,왜관읍,35.956087,128.411778,85,92,20240805T14:00,37.5,60.0,38.0,위험
4785025300,경상북도,칠곡군,북삼읍,36.060063,128.346744,84,94,20240805T14:00,36.9,61.0,37.5,위험
4785025600,경상북도,칠곡군,석적읍,36.049767,128.445663,86,94,20240805T14:00,37.5,60.0,38.0,위험
4785031000,경상북도,칠곡군,지천면,35.966346,128.482707,87,93,20240805T14:00,37.5,60.0,38.0,위험
4785032000,경상북도,칠곡군,동명면,36.004679,128.562127,88,93,20240805T14:00,37.5,60.0,38.0,위험
4785033000,경상북도,칠곡군,가산면,36.07521,128.515976,87,95,20240805T14:00,36.9,61.0,37.5,위험
4785034000,경상북도,칠곡군,석적면,36.049767,128.445663,86,94,20240805T14:00,37.5,60.0,38.0,위험
4785035000,경상북도,칠곡군,북삼면,36.060063,128.346744,84,94,20240805T14:00,36.9,61.0,37.5,위험
4785036000,경상북도,칠곡군,약목면,36.026146,128.356892,84,94,20240805T14:00,37.5,60.0,38.0,위험
4785037000,경상북도,칠곡군,기산면,35.978953,128.360175,85,93,20240805T14:00,36.9,61.0,37.5,위험
4790000000,경상북도,예천군,예천군,36.652097,128.47269,86,107,20240805T14:00,36.2,64.0,37.1,위험
4790025000,경상북도,예천군,예천읍,36.661948,128.449395,86,108,20240805T14:00,36.2,64.0,37.1,위험
4790025300,경상북도,예천군,호명읍,36.609043,128.476051,86,106,20240805T14:00,36.2,64.0,37.1,위험
4790031000,경상북도,예천군,용문면,36.707099,128.405782,85,109,20240805T14:00,36.2,64.0,37.1,위험
4790032000,경상북도,예천군,상리면,36.796642,128.422012,85,111,20240805T14:00,36.2,64.0,37.1,위험
4790033000,경상북도,예천군,하리면,36.745965,128.436752,85,109,20240805T14:00,36.2,64.0,37.1,위험
4790034000,경상북도,예천군,감천면,36.730675,128.521265,87,109,20240805T14:00,36.2,64.0,37.1,위험
4790035000,경상북도,예천군,보문면,36.680869,128.54525,87,108,20240805T14:00,36.2,64.0,37.1,위험
4790036000,경상북도,예천군,호명면,36.609411,128.476156,86,106,20240805T14:00,36.2,64.0,37.1,위험
4790037000,경상북도,예천군,유천면,36.653228,128.376924,84,107,20240805T14:00,36.2,64.0,37.1,위험
4790038000,경상북도,예천군,용궁면,36.610426,128.296041,83,106,20240805T14:00,36.2,64.0,37.1,위험
4790039000,경상북도,예천군,개포면,36.612169,128.369201,84,106,20240805T14:00,35.7,67.0,36.8,위험
4790040000,경상북도,예천군,지보면,36.549308,128.387659,85,105,20240805T14:00,36.2,64.0,37.1,위험
4790041000,경상북도,예천군,풍양면,36.510722,128.304121,83,104,20240805T14:00,36.2,64.0,37.1,위험
4790042000,경상북도,예천군,효자면,36.796642,128.422012,85,111,20240805T14:00,36.2,64.0,37.1,위험
4790043000,경상북도,예천군,은풍면,36.745965,128.436752,85,109,20240805T14:00,36.2,64.0,37.1,위험
4792000000,경상북도,봉화군,봉화군,36.923294,128.901897,93,114,20240805T14:00,33.2,68.0,34.4,경고
4792025000,경상북도,봉화군,봉화읍,36.889083,128.705113,90,113,20240805T14:00,32.6,69.0,33.8,경고
4792031000,경상북도,봉화군,물야면,36.97519,128.747285,91,115,20240805T14:00,33.2,68.0,34.4,경고
4792032000,경상북도,봉화군,봉성면,36.911733,128.809999,92,113,20240805T14:00,33.2,68.0,34.4,경고
4792033000,경상북도,봉화군,법전면,36.908329,128.909009,94,113,20240805T14:00,33.2,68.0,34.4,경고
4792034000,경상북도,봉화군,춘양면,37.002489,128.839482,92,115,20240805T14:00,33.2,68.0,34.4,경고
4792035000,경상북도,봉화군,소천면,36.955503,129.020395,95,114,20240805T14:00,33.2,68.0,34.4,경고
4792036000,경상북도,봉화군,재산면,36.812785,129.000101,95,111,20240805T14:00,32.6,69.0,33.8,경고
4792037000,경상북도,봉화군,명호면,36.833716,128.884876,93,112,20240805T14:00,33.2,68.0,34.4,경고
4792038000,경상북도,봉화군,상운면,36.840281,128.784308,91,112,20240805T14:00,33.2,68.0,34.4,경고
4792039000,경상북도,봉화군,석포면,37.04468,129.064912,96,116,20240805T14:00,32.7,71.0,34.1,경고
4793000000,경상북도,울진군,울진군,36.894792,129.284393,100,113,20240805T14:00,33.5,75.0,35.3,위험
4793025000,경상북도,울진군,울진읍,37.00135,129.356442,101,116,20240805T14:00,33.5,75.0,35.3,위험
4793025300,경상북도,울진군,평해읍,36.726113,129.446559,103,110,20240805T14:00,33.0,78.0,35.0,위험
4793031000,경상북도,울진군,북면,37.069587,129.311078,100,117,20240805T14:00,32.9,76.0,34.7,경고
4793031500,경상북도,울진군,북면하당출장소,37.040078,129.321676,101,116,20240805T14:00,32.9,76.0,34.7,경고
4793032000,경상북도,울진군,서면,36.946522,129.207587,99,114,20240805T14:00,33.5,75.0,35.3,위험
4793033000,경상북도,울진군,근남면,36.941526,129.342222,101,114,20240805T14:00,33.5,75.0,35.3,위험
4793034000,경상북도,울진군,원남면,36.862755,129.354664,101,113,20240805T14:00,33.5,75.0,35.3,위험
4793035000,경상북도,울진군,기성면,36.808754,129.405528,102,111,20240805T14:00,33.5,75.0,35.3,위험
4793036000,경상북도,울진군,온정면,36.717819,129.356413,101,109,20240805T14:00,33.5,75.0,35.3,위험
4793037000,경상북도,울진군,죽변면,37.054593,129.388809,102,117,20240805T14:00,33.5,75.0,35.3,위험
4793038000,경상북도,울진군,후포면,36.674978,129.421189,103,109,20240805T14:00,33.0,78.0,35.0,위험
4793039000,경상북도,울진군,금강송면,36.946522,129.207587,99,114,20240805T14:00,33.0,78.0,35.0,위험
4793040000,경상북도,울진군,매화면,36.862755,129.354664,101,113,20240805T14:00,32.9,76.0,34.7,경고
4794000000,경상북도,울릉군,울릉군,37.505097,130.856993,127,128,20240805T14:00,31.8,78.0,33.8,경고
4794025000,경상북도,울릉군,울릉읍,37.494669,130.888323,127,128,20240805T14:00,31.8,78.0,33.8,경고
4794031000,경상북도,울릉군,서면,37.493046,130.831419,126,128,20240805T14:00,31.8,78.0,33.8,경고
4794031500,경상북도,울릉군,서면태하출장소,37.512281,130.801001,126,128,20240805T14:00,31.8,78.0,33.8,경고
4794032000,경상북도,울릉군,북면,37.527319,130.856825,126,128,20240805T14:00,31.2,79.0,33.2,경고
