region_code,sido,sigungu,gu,eupmyeondong,level,region_name,total_population,elderly_65_plus,elderly_65_ratio,elderly_75_plus,elderly_75_ratio,elderly_85_plus,elderly_85_ratio,child_0_14,child_0_14_ratio,working_15_64,working_15_64_ratio,aging_index,pop_0_9,ratio_0_9,pop_10_19,ratio_10_19,pop_20_29,ratio_20_29,pop_30_39,ratio_30_39,pop_40_49,ratio_40_49,pop_50_59,ratio_50_59,pop_60_69,ratio_60_69,pop_70_79,ratio_70_79,pop_80_plus,ratio_80_plus,base_year
4711100000,경상북도,포항시 남구,북구,,sigungu,북구,275509,66327,24.07,23755,8.62,6014,2.18,30374.0,11.02,178808.0,64.9,218.4,17100.0,6.21,26018.0,9.44,23215.0,8.43,32995.0,11.98,39081.0,14.19,46707.0,16.95,48804.0,17.71,28840.0,10.47,12749.0,4.63,2026
4711125000,경상북도,포항시 남구,남구,구룡포읍,eupmyeondong,구룡포읍,6509,3415,52.47,1516,23.29,453,6.96,143.0,2.2,2951.0,45.34,2388.1,65.0,1.0,170.0,2.61,249.0,3.83,283.0,4.35,513.0,7.88,1056.0,16.22,1808.0,27.78,1438.0,22.09,927.0,14.24,2026
4711125300,경상북도,포항시 남구,남구,연일읍,eupmyeondong,연일읍,26633,6156,23.11,2002,7.52,448,1.68,2628.0,9.87,17849.0,67.02,234.2,1049.0,3.94,3139.0,11.79,2497.0,9.38,2074.0,7.79,3914.0,14.7,5215.0,19.58,5103.0,19.16,2645.0,9.93,997.0,3.74,2026
4711125600,경상북도,포항시 남구,남구,오천읍,eupmyeondong,오천읍,55927,9601,17.17,3150,5.63,818,1.46,6612.0,11.82,39714.0,71.01,145.2,3506.0,6.27,6131.0,10.96,5968.0,10.67,7232.0,12.93,9606.0,17.18,9936.0,17.77,7860.0,14.05,3989.0,7.13,1699.0,3.04,2026
4711131000,경상북도,포항시 남구,남구,대송면,eupmyeondong,대송면,2869,1470,51.24,581,20.25,148,5.16,62.0,2.16,1337.0,46.6,2371.0,23.0,0.8,78.0,2.72,106.0,3.69,183.0,6.38,221.0,7.7,399.0,13.91,887.0,30.92,665.0,23.18,307.0,10.7,2026
4711132000,경상북도,포항시 남구,남구,동해면,eupmyeondong,동해면,8837,3184,36.03,1311,14.84,347,3.93,588.0,6.65,5065.0,57.32,541.5,278.0,3.15,625.0,7.07,612.0,6.93,742.0,8.4,921.0,10.42,1550.0,17.54,1964.0,22.22,1385.0,15.67,760.0,8.6,2026
4711133000,경상북도,포항시 남구,남구,장기면,eupmyeondong,장기면,3561,2100,58.97,1086,30.5,383,10.76,72.0,2.02,1389.0,39.01,2916.7,32.0,0.9,88.0,2.47,85.0,2.39,138.0,3.88,220.0,6.18,510.0,14.32,916.0,25.72,884.0,24.82,688.0,19.32,2026
4711134000,경상북도,포항시 남구,,대보면,eupmyeondong,포항시 남구 대보면,3500,1200,34.29,540,15.43,144,4.11,,,,,,,,,,,,,,,,,,,,,,,,2026
4711135000,경상북도,포항시 남구,남구,호미곶면,eupmyeondong,호미곶면,1614,911,56.44,464,28.75,134,8.3,35.0,2.17,668.0,41.39,2602.9,15.0,0.93,50.0,3.1,43.0,2.66,48.0,2.97,114.0,7.06,245.0,15.18,441.0,27.32,399.0,24.72,259.0,16.05,2026
4711151000,경상북도,포항시 남구,남구,상대1동,eupmyeondong,상대동,21689,7277,33.55,2525,11.64,405,1.87,1096.0,5.05,13316.0,61.4,664.0,530.0,2.44,1205.0,5.56,2056.0,9.48,2316.0,10.68,2656.0,12.25,3539.0,16.32,4666.0,21.51,3562.0,16.42,1159.0,5.34,2026
4711152000,경상북도,포항시 남구,남구,상대2동,eupmyeondong,상대동,21689,7277,33.55,2525,11.64,405,1.87,1096.0,5.05,13316.0,61.4,664.0,530.0,2.44,1205.0,5.56,2056.0,9.48,2316.0,10.68,2656.0,12.25,3539.0,16.32,4666.0,21.51,3562.0,16.42,1159.0,5.34,2026
4711152500,경상북도,포항시 남구,남구,상대동,eupmyeondong,상대동,21689,7277,33.55,2525,11.64,405,1.87,1096.0,5.05,13316.0,61.4,664.0,530.0,2.44,1205.0,5.56,2056.0,9.48,2316.0,10.68,2656.0,12.25,3539.0,16.32,4666.0,21.51,3562.0,16.42,1159.0,5.34,2026
4711153000,경상북도,포항시 남구,남구,해도1동,eupmyeondong,해도동,14965,6102,40.78,2261,15.11,396,2.65,575.0,3.84,8288.0,55.38,1061.2,272.0,1.82,628.0,4.2,974.0,6.51,1202.0,8.03,1654.0,11.05,2504.0,16.73,3700.0,24.72,2941.0,19.65,1090.0,7.28,2026
4711154000,경상북도,포항시 남구,남구,해도2동,eupmyeondong,해도동,14965,6102,40.78,2261,15.11,396,2.65,575.0,3.84,8288.0,55.38,1061.2,272.0,1.82,628.0,4.2,974.0,6.51,1202.0,8.03,1654.0,11.05,2504.0,16.73,3700.0,24.72,2941.0,19.65,1090.0,7.28,2026
4711154500,경상북도,포항시 남구,남구,해도동,eupmyeondong,해도동,14965,6102,40.78,2261,15.11,396,2.65,575.0,3.84,8288.0,55.38,1061.2,272.0,1.82,628.0,4.2,974.0,6.51,1202.0,8.03,1654.0,11.05,2504.0,16.73,3700.0,24.72,2941.0,19.65,1090.0,7.28,2026
4711155000,경상북도,포항시 남구,남구,송도동,eupmyeondong,송도동,10590,4829,45.6,1878,17.73,395,3.73,387.0,3.65,5374.0,50.75,1247.8,185.0,1.75,475.0,4.49,601.0,5.68,657.0,6.2,1067.0,10.08,1647.0,15.55,2674.0,25.25,2334.0,22.04,950.0,8.97,2026
4711156000,경상북도,포항시 남구,남구,청림동,eupmyeondong,청림동,4395,1546,35.18,647,14.72,140,3.19,207.0,4.71,2642.0,60.11,746.9,128.0,2.91,190.0,4.32,506.0,11.51,579.0,13.17,412.0,9.37,631.0,14.36,899.0,20.46,721.0,16.41,329.0,7.49,2026
4711157000,경상북도,포항시 남구,남구,제철동,eupmyeondong,제철동,2251,633,28.12,224,9.95,47,2.09,133.0,5.91,1485.0,65.97,475.9,59.0,2.62,166.0,7.37,269.0,11.95,247.0,10.97,248.0,11.02,389.0,17.28,484.0,21.5,279.0,12.39,110.0,4.89,2026
4711158000,경상북도,포항시 남구,남구,효곡동,eupmyeondong,효곡동,28675,4192,14.62,971,3.39,162,0.56,5406.0,18.85,19077.0,66.53,77.5,2728.0,9.51,4556.0,15.89,2457.0,8.57,3008.0,10.49,5607.0,19.55,4254.0,14.84,3698.0,12.9,1992.0,6.95,375.0,1.31,2026
4711159000,경상북도,포항시 남구,남구,대이동,eupmyeondong,대이동,22994,3575,15.55,1105,4.81,284,1.24,2575.0,11.2,16844.0,73.25,138.8,1428.0,6.21,2398.0,10.43,2564.0,11.15,2925.0,12.72,3429.0,14.91,4773.0,20.76,3399.0,14.78,1486.0,6.46,592.0,2.57,2026
4711300000,경상북도,포항시 북구,북구,,sigungu,북구,275509,66327,24.07,23755,8.62,6014,2.18,30374.0,11.02,178808.0,64.9,218.4,17100.0,6.21,26018.0,9.44,23215.0,8.43,32995.0,11.98,39081.0,14.19,46707.0,16.95,48804.0,17.71,28840.0,10.47,12749.0,4.63,2026
4711325000,경상북도,포항시 북구,북구,흥해읍,eupmyeondong,흥해읍,60374,11012,18.24,3901,6.46,1114,1.85,8398.0,13.91,40964.0,67.85,131.1,5546.0,9.19,5358.0,8.87,4988.0,8.26,9910.0,16.41,8823.0,14.61,9974.0,16.52,9114.0,15.1,4437.0,7.35,2224.0,3.68,2026
4711331000,경상북도,포항시 북구,북구,신광면,eupmyeondong,신광면,2700,1547,57.3,681,25.22,245,9.07,70.0,2.59,1083.0,40.11,2210.0,33.0,1.22,75.0,2.78,93.0,3.44,98.0,3.63,153.0,5.67,354.0,13.11,839.0,31.07,621.0,23.0,434.0,16.07,2026
4711332000,경상북도,포항시 북구,북구,청하면,eupmyeondong,청하면,4165,2143,51.45,1036,24.87,332,7.97,114.0,2.74,1908.0,45.81,1879.8,45.0,1.08,144.0,3.46,175.0,4.2,184.0,4.42,299.0,7.18,661.0,15.87,1106.0,26.55,895.0,21.49,656.0,15.75,2026
4711333000,경상북도,포항시 북구,북구,송라면,eupmyeondong,송라면,2289,1241,54.22,620,27.09,220,9.61,50.0,2.18,998.0,43.6,2482.0,23.0,1.0,52.0,2.27,91.0,3.98,95.0,4.15,153.0,6.68,344.0,15.03,618.0,27.0,515.0,22.5,398.0,17.39,2026
4711334000,경상북도,포항시 북구,북구,기계면,eupmyeondong,기계면,4646,2577,55.47,1205,25.94,406,8.74,113.0,2.43,1956.0,42.1,2280.5,64.0,1.38,131.0,2.82,157.0,3.38,187.0,4.02,266.0,5.73,615.0,13.24,1381.0,29.72,1076.0,23.16,769.0,16.55,2026
4711335000,경상북도,포항시 북구,북구,죽장면,eupmyeondong,죽장면,2634,1595,60.55,704,26.73,245,9.3,37.0,1.4,1002.0,38.04,4310.8,11.0,0.42,54.0,2.05,59.0,2.24,62.0,2.35,108.0,4.1,374.0,14.2,904.0,34.32,639.0,24.26,423.0,16.06,2026
4711335500,경상북도,포항시 북구,,죽장면상옥출장소,eupmyeondong,포항시 북구 죽장면상옥출장소,3500,1200,34.29,540,15.43,144,4.11,,,,,,,,,,,,,,,,,,,,,,,,2026
4711336000,경상북도,포항시 북구,북구,기북면,eupmyeondong,기북면,1279,741,57.94,339,26.51,114,8.91,19.0,1.49,519.0,40.58,3900.0,9.0,0.7,30.0,2.35,38.0,2.97,33.0,2.58,67.0,5.24,195.0,15.25,387.0,30.26,299.0,23.38,221.0,17.28,2026
4711352000,경상북도,포항시 북구,북구,중앙동,eupmyeondong,중앙동,14178,5146,36.3,2206,15.56,547,3.86,801.0,5.65,8231.0,58.05,642.4,447.0,3.15,737.0,5.2,1158.0,8.17,1567.0,11.05,1613.0,11.38,2208.0,15.57,2856.0,20.14,2404.0,16.96,1188.0,8.38,2026
4711356000,경상북도,포항시 북구,,학산동,eupmyeondong,포항시 북구 학산동,3500,1200,34.29,540,15.43,144,4.11,,,,,,,,,,,,,,,,,,,,,,,,2026
4711363000,경상북도,포항시 북구,북구,양학동,eupmyeondong,양학동,18805,3801,20.21,1162,6.18,221,1.18,2252.0,11.98,12752.0,67.81,168.8,1292.0,6.87,1896.0,10.08,1660.0,8.83,2469.0,13.13,2690.0,14.3,3355.0,17.84,3212.0,17.08,1691.0,8.99,540.0,2.87,2026
4711364000,경상북도,포항시 북구,북구,죽도1동,eupmyeondong,죽도동,17555,6484,36.94,2563,14.6,510,2.91,742.0,4.23,10329.0,58.84,873.9,369.0,2.1,769.0,4.38,1567.0,8.93,1834.0,10.45,2116.0,12.05,2746.0,15.64,3747.0,21.34,3087.0,17.58,1320.0,7.52,2026
4711365000,경상북도,포항시 북구,북구,죽도2동,eupmyeondong,죽도동,17555,6484,36.94,2563,14.6,510,2.91,742.0,4.23,10329.0,58.84,873.9,369.0,2.1,769.0,4.38,1567.0,8.93,1834.0,10.45,2116.0,12.05,2746.0,15.64,3747.0,21.34,3087.0,17.58,1320.0,7.52,2026
4711365500,경상북도,포항시 북구,북구,죽도동,eupmyeondong,죽도동,17555,6484,36.94,2563,14.6,510,2.91,742.0,4.23,10329.0,58.84,873.9,369.0,2.1,769.0,4.38,1567.0,8.93,1834.0,10.45,2116.0,12.05,2746.0,15.64,3747.0,21.34,3087.0,17.58,1320.0,7.52,2026
4711366500,경상북도,포항시 북구,북구,용흥동,eupmyeondong,용흥동,18669,6067,32.5,2176,11.66,468,2.51,1397.0,7.48,11205.0,60.02,434.3,654.0,3.5,1519.0,8.14,1420.0,7.61,1452.0,7.78,2312.0,12.38,3373.0,18.07,4001.0,21.43,2842.0,15.22,1096.0,5.87,2026
4711368000,경상북도,포항시 북구,북구,우창동,eupmyeondong,우창동,29727,6421,21.6,2039,6.86,492,1.66,3674.0,12.36,19632.0,66.04,174.8,1999.0,6.72,3225.0,10.85,2303.0,7.75,3447.0,11.6,4614.0,15.52,5044.0,16.97,5309.0,17.86,2742.0,9.22,1044.0,3.51,2026
4711369000,경상북도,포항시 북구,북구,두호동,eupmyeondong,두호동,19913,5062,25.42,1558,7.82,327,1.64,2005.0,10.07,12846.0,64.51,252.5,1112.0,5.58,1871.0,9.4,1615.0,8.11,2154.0,10.82,2549.0,12.8,3589.0,18.02,4022.0,20.2,2250.0,11.3,751.0,3.77,2026
4711370000,경상북도,포항시 북구,북구,장량동,eupmyeondong,장량동,70456,10402,14.76,2850,4.05,642,0.91,9802.0,13.91,50252.0,71.32,106.1,5074.0,7.2,9168.0,13.01,7314.0,10.38,8750.0,12.42,12039.0,17.09,12506.0,17.75,9902.0,14.05,4328.0,6.14,1375.0,1.95,2026
4711371000,경상북도,포항시 북구,북구,환여동,eupmyeondong,환여동,8119,2088,25.72,715,8.81,131,1.61,900.0,11.09,5131.0,63.2,232.0,422.0,5.2,989.0,12.18,577.0,7.11,753.0,9.27,1279.0,15.75,1369.0,16.86,1406.0,17.32,1014.0,12.49,310.0,3.82,2026
4713000000,경상북도,경주시,,,sigungu,경주시,242880,72534,29.86,30441,12.53,8731,3.59,20037.0,8.25,150309.0,61.89,362.0,11079.0,4.56,18562.0,7.64,19635.0,8.08,23109.0,9.51,29722.0,12.24,44172.0,18.19,48176.0,19.84,30805.0,12.68,17620.0,7.25,2026
4713025000,경상북도,경주시,,감포읍,eupmyeondong,감포읍,4991,2336,46.8,1100,22.04,317,6.35,136.0,2.72,2519.0,50.47,1717.6,71.0,1.42,182.0,3.65,252.0,5.05,265.0,5.31,439.0,8.8,852.0,17.07,1272.0,25.49,986.0,19.76,672.0,13.46,2026
4713025300,경상북도,경주시,,안강읍,eupmyeondong,안강읍,21412,8024,37.47,3603,16.83,1069,4.99,1103.0,5.15,12285.0,57.37,727.5,477.0,2.23,1418.0,6.62,1388.0,6.48,1389.0,6.49,2044.0,9.55,4170.0,19.48,5016.0,23.43,3433.0,16.03,2077.0,9.7,2026
4713025600,경상북도,경주시,,건천읍,eupmyeondong,건천읍,14869,4464,30.02,1911,12.85,569,3.83,1182.0,7.95,9223.0,62.03,377.7,852.0,5.73,733.0,4.93,1138.0,7.65,1970.0,13.25,1645.0,11.06,2615.0,17.59,2893.0,19.46,1913.0,12.87,1110.0,7.47,2026
4713025900,경상북도,경주시,,외동읍,eupmyeondong,외동읍,21487,6496,30.23,2502,11.64,736,3.43,1656.0,7.71,13335.0,62.06,392.3,1111.0,5.17,1116.0,5.19,1296.0,6.03,2265.0,10.54,2699.0,12.56,3907.0,18.18,5033.0,23.42,2661.0,12.38,1399.0,6.51,2026
4713031000,경상북도,경주시,,양북면,eupmyeondong,경주시 양북면,3500,1200,34.29,540,15.43,144,4.11,,,,,,,,,,,,,,,,,,,,,,,,2026
4713031500,경상북도,경주시,,문무대왕면,eupmyeondong,문무대왕면,3947,1698,43.02,803,20.34,267,6.76,166.0,4.21,2083.0,52.77,1022.9,126.0,3.19,125.0,3.17,300.0,7.6,464.0,11.76,268.0,6.79,559.0,14.16,898.0,22.75,684.0,17.33,523.0,13.25,2026
4713032000,경상북도,경주시,,양남면,eupmyeondong,양남면,6218,2402,38.63,943,15.17,289,4.65,308.0,4.95,3508.0,56.42,779.9,160.0,2.57,313.0,5.03,395.0,6.35,430.0,6.92,588.0,9.46,1175.0,18.9,1624.0,26.12,953.0,15.33,580.0,9.33,2026
4713033000,경상북도,경주시,,내남면,eupmyeondong,내남면,4267,2306,54.04,1093,25.62,370,8.67,111.0,2.6,1850.0,43.36,2077.5,47.0,1.1,141.0,3.3,167.0,3.91,178.0,4.17,266.0,6.23,597.0,13.99,1234.0,28.92,944.0,22.12,693.0,16.24,2026
4713034000,경상북도,경주시,,산내면,eupmyeondong,산내면,3108,1864,59.97,823,26.48,238,7.66,50.0,1.61,1194.0,38.42,3728.0,25.0,0.8,59.0,1.9,68.0,2.19,100.0,3.22,161.0,5.18,402.0,12.93,1022.0,32.88,779.0,25.06,492.0,15.83,2026
4713035000,경상북도,경주시,,서면,eupmyeondong,서면,2885,1570,54.42,806,27.94,233,8.08,76.0,2.63,1239.0,42.95,2065.8,39.0,1.35,102.0,3.54,103.0,3.57,127.0,4.4,179.0,6.2,425.0,14.73,751.0,26.03,675.0,23.4,484.0,16.78,2026
4713036000,경상북도,경주시,,현곡면,eupmyeondong,현곡면,21403,4033,18.84,1464,6.84,414,1.93,2993.0,13.98,14377.0,67.17,134.7,1736.0,8.11,2387.0,11.15,1730.0,8.08,2483.0,11.6,3305.0,15.44,4009.0,18.73,3278.0,15.32,1668.0,7.79,807.0,3.77,2026
4713037000,경상북도,경주시,,강동면,eupmyeondong,강동면,5701,2586,45.36,1166,20.45,380,6.67,177.0,3.1,2938.0,51.53,1461.0,84.0,1.47,196.0,3.44,362.0,6.35,314.0,5.51,395.0,6.93,1045.0,18.33,1512.0,26.52,1087.0,19.07,706.0,12.38,2026
4713038000,경상북도,경주시,,천북면,eupmyeondong,천북면,5333,2022,37.91,925,17.34,278,5.21,308.0,5.78,3003.0,56.31,656.5,183.0,3.43,270.0,5.06,293.0,5.49,463.0,8.68,568.0,10.65,938.0,17.59,1207.0,22.63,866.0,16.24,545.0,10.22,2026
4713051500,경상북도,경주시,,중부동,eupmyeondong,경주시 중부동,3500,1200,34.29,540,15.43,144,4.11,,,,,,,,,,,,,,,,,,,,,,,,2026
4713052000,경상북도,경주시,,성동동,eupmyeondong,성건동,12204,4464,36.58,1984,16.26,439,3.6,400.0,3.28,7340.0,60.14,1116.0,202.0,1.66,623.0,5.1,1962.0,16.08,922.0,7.55,1031.0,8.45,1976.0,16.19,2305.0,18.89,2134.0,17.49,1049.0,8.6,2026
4713053000,경상북도,경주시,,황오동,eupmyeondong,황오동,9451,4109,43.48,1914,20.25,503,5.32,308.0,3.26,5034.0,53.26,1334.1,146.0,1.54,400.0,4.23,711.0,7.52,699.0,7.4,947.0,10.02,1488.0,15.74,2085.0,22.06,1867.0,19.75,1108.0,11.72,2026
4713055000,경상북도,경주시,,성건동,eupmyeondong,성건동,12204,4464,36.58,1984,16.26,439,3.6,400.0,3.28,7340.0,60.14,1116.0,202.0,1.66,623.0,5.1,1962.0,16.08,922.0,7.55,1031.0,8.45,1976.0,16.19,2305.0,18.89,2134.0,17.49,1049.0,8.6,2026
4713056000,경상북도,경주시,,탑정동,eupmyeondong,경주시 탑정동,3500,1200,34.29,540,15.43,144,4.11,,,,,,,,,,,,,,,,,,,,,,,,2026
4713057000,경상북도,경주시,,황남동,eupmyeondong,황남동,3552,1774,49.94,909,25.59,303,8.53,89.0,2.51,1689.0,47.55,1993.3,43.0,1.21,121.0,3.41,145.0,4.08,187.0,5.26,299.0,8.42,578.0,16.27,853.0,24.01,750.0,21.11,576.0,16.22,2026
4713059000,경상북도,경주시,,선도동,eupmyeondong,선도동,13492,3161,23.43,1294,9.59,384,2.85,1197.0,8.87,9134.0,67.7,264.1,528.0,3.91,1398.0,10.36,1355.0,10.04,1185.0,8.78,1925.0,14.27,2680.0,19.86,2310.0,17.12,1388.0,10.29,723.0,5.36,2026
4713060500,경상북도,경주시,,월성동,eupmyeondong,월성동,5176,2008,38.79,927,17.91,268,5.18,356.0,6.88,2812.0,54.33,564.0,150.0,2.9,366.0,7.07,284.0,5.49,338.0,6.53,541.0,10.45,939.0,18.14,1168.0,22.57,846.0,16.34,544.0,10.51,2026
4713061500,경상북도,경주시,,용강동,eupmyeondong,용강동,24683,3677,14.9,1271,5.15,350,1.42,4123.0,16.7,16883.0,68.4,89.2,2359.0,9.56,3136.0,12.71,1890.0,7.66,3149.0,12.76,4527.0,18.34,4141.0,16.78,3276.0,13.27,1486.0,6.02,719.0,2.91,2026
4713062100,경상북도,경주시,,황성동,eupmyeondong,황성동,27969,4678,16.73,1596,5.71,412,1.47,3279.0,11.72,20012.0,71.55,142.7,1676.0,5.99,3349.0,11.97,2953.0,10.56,3082.0,11.02,4218.0,15.08,5726.0,20.47,4207.0,15.04,1890.0,6.76,868.0,3.1,2026
4713063000,경상북도,경주시,,동천동,eupmyeondong,동천동,19761,5100,25.81,1787,9.04,424,2.15,1244.0,6.3,13417.0,67.9,410.0,578.0,2.92,1526.0,7.72,2126.0,10.76,2043.0,10.34,2388.0,12.08,4018.0,20.33,3883.0,19.65,2241.0,11.34,958.0,4.85,2026
4713065000,경상북도,경주시,,불국동,eupmyeondong,불국동,9427,3092,32.8,1327,14.08,403,4.27,722.0,7.66,5613.0,59.54,428.3,456.0,4.84,553.0,5.87,619.0,6.57,962.0,10.2,1145.0,12.15,1652.0,17.52,1953.0,20.72,1270.0,13.47,817.0,8.67,2026
4713066000,경상북도,경주시,,보덕동,eupmyeondong,보덕동,1544,670,43.39,293,18.98,85,5.51,53.0,3.43,821.0,53.17,1264.2,30.0,1.94,48.0,3.11,98.0,6.35,94.0,6.09,144.0,9.33,280.0,18.13,396.0,25.65,284.0,18.39,170.0,11.01,2026
4715000000,경상북도,김천시,,,sigungu,김천시,132550,39888,30.09,17168,12.95,5597,4.22,12543.0,9.46,80119.0,60.44,318.0,6912.0,5.21,11979.0,9.04,10057.0,7.59,12829.0,9.68,16880.0,12.73,21983.0,16.58,24908.0,18.79,16645.0,12.56,10357.0,7.81,2026
4715025000,경상북도,김천시,,아포읍,eupmyeondong,아포읍,7849,2828,36.03,1182,15.06,383,4.88,424.0,5.4,4597.0,58.57,667.0,231.0,2.94,415.0,5.29,424.0,5.4,633.0,8.06,791.0,10.08,1531.0,19.51,1972.0,25.12,1149.0,14.64,703.0,8.96,2026
4715031000,경상북도,김천시,,농소면,eupmyeondong,농소면,2997,1286,42.91,607,20.25,216,7.21,152.0,5.07,1559.0,52.02,846.1,77.0,2.57,149.0,4.97,163.0,5.44,185.0,6.17,259.0,8.64,547.0,18.25,711.0,23.72,525.0,17.52,381.0,12.71,2026
4715032000,경상북도,김천시,,남면,eupmyeondong,남면,2834,1393,49.15,664,23.43,252,8.89,85.0,3.0,1356.0,47.85,1638.8,45.0,1.59,88.0,3.11,126.0,4.45,170.0,6.0,196.0,6.92,435.0,15.35,781.0,27.56,564.0,19.9,429.0,15.14,2026
4715034000,경상북도,김천시,,개령면,eupmyeondong,개령면,2175,1155,53.1,519,23.86,181,8.32,60.0,2.76,960.0,44.14,1925.0,31.0,1.43,79.0,3.63,75.0,3.45,102.0,4.69,139.0,6.39,319.0,14.67,621.0,28.55,496.0,22.8,313.0,14.39,2026
4715035000,경상북도,김천시,,감문면,eupmyeondong,감문면,2971,1694,57.02,808,27.2,336,11.31,53.0,1.78,1224.0,41.2,3196.2,30.0,1.01,68.0,2.29,78.0,2.63,94.0,3.16,180.0,6.06,430.0,14.47,885.0,29.79,653.0,21.98,553.0,18.61,2026
4715036000,경상북도,김천시,,어모면,eupmyeondong,어모면,3902,1761,45.13,806,20.66,273,7.0,208.0,5.33,1933.0,49.54,846.6,124.0,3.18,151.0,3.87,200.0,5.13,239.0,6.13,314.0,8.05,650.0,16.66,1008.0,25.83,713.0,18.27,503.0,12.89,2026
4715037000,경상북도,김천시,,봉산면,eupmyeondong,봉산면,2768,1371,49.53,589,21.28,183,6.61,97.0,3.5,1300.0,46.97,1413.4,42.0,1.52,117.0,4.23,99.0,3.58,133.0,4.8,208.0,7.51,435.0,15.72,801.0,28.94,561.0,20.27,372.0,13.44,2026
4715038000,경상북도,김천시,,대항면,eupmyeondong,대항면,3034,1452,47.86,618,20.37,207,6.82,96.0,3.16,1486.0,48.98,1512.5,46.0,1.52,133.0,4.38,139.0,4.58,135.0,4.45,213.0,7.02,498.0,16.41,899.0,29.63,590.0,19.45,381.0,12.56,2026
4715039000,경상북도,김천시,,감천면,eupmyeondong,감천면,1655,826,49.91,383,23.14,156,9.43,54.0,3.26,775.0,46.83,1529.6,27.0,1.63,56.0,3.38,50.0,3.02,74.0,4.47,117.0,7.07,286.0,17.28,470.0,28.4,339.0,20.48,236.0,14.26,2026
4715040000,경상북도,김천시,,조마면,eupmyeondong,조마면,1985,1059,53.35,475,23.93,178,8.97,50.0,2.52,876.0,44.13,2118.0,26.0,1.31,62.0,3.12,56.0,2.82,85.0,4.28,154.0,7.76,268.0,13.5,607.0,30.58,439.0,22.12,288.0,14.51,2026
4715041000,경상북도,김천시,,구성면,eupmyeondong,구성면,2530,1480,58.5,720,28.46,273,10.79,43.0,1.7,1007.0,39.8,3441.9,23.0,0.91,45.0,1.78,66.0,2.61,84.0,3.32,115.0,4.55,378.0,14.94,736.0,29.09,615.0,24.31,468.0,18.5,2026
4715042000,경상북도,김천시,,지례면,eupmyeondong,지례면,1364,796,58.36,414,30.35,161,11.8,39.0,2.86,529.0,38.78,2041.0,18.0,1.32,55.0,4.03,36.0,2.64,47.0,3.45,56.0,4.11,168.0,12.32,379.0,27.79,326.0,23.9,279.0,20.45,2026
4715043000,경상북도,김천시,,부항면,eupmyeondong,부항면,1168,670,57.36,311,26.63,128,10.96,21.0,1.8,477.0,40.84,3190.5,7.0,0.6,41.0,3.51,28.0,2.4,40.0,3.42,66.0,5.65,168.0,14.38,350.0,29.97,255.0,21.83,213.0,18.24,2026
4715044000,경상북도,김천시,,대덕면,eupmyeondong,대덕면,2054,1039,50.58,503,24.49,187,9.1,130.0,6.33,885.0,43.09,799.2,27.0,1.31,272.0,13.24,44.0,2.14,80.0,3.89,110.0,5.36,249.0,12.12,530.0,25.8,414.0,20.16,328.0,15.97,2026
4715045000,경상북도,김천시,,증산면,eupmyeondong,증산면,940,536,57.02,234,24.89,100,10.64,18.0,1.91,386.0,41.06,2977.8,10.0,1.06,23.0,2.45,18.0,1.91,23.0,2.45,53.0,5.64,142.0,15.11,316.0,33.62,203.0,21.6,152.0,16.17,2026
4715051500,경상북도,김천시,,용암동,eupmyeondong,용암면,3446,1696,49.22,667,19.36,203,5.89,87.0,2.52,1663.0,48.26,1949.4,47.0,1.36,87.0,2.52,99.0,2.87,178.0,5.17,257.0,7.46,590.0,17.12,1052.0,30.53,751.0,21.79,385.0,11.17,2026
4715051600,경상북도,김천시,,자산동,eupmyeondong,자산동,5613,2515,44.81,1111,19.79,313,5.58,227.0,4.04,2871.0,51.15,1107.9,120.0,2.14,251.0,4.47,375.0,6.68,423.0,7.54,543.0,9.67,882.0,15.71,1271.0,22.64,1121.0,19.97,627.0,11.17,2026
4715053500,경상북도,김천시,,성남동,eupmyeondong,김천시 성남동,3500,1200,34.29,540,15.43,144,4.11,,,,,,,,,,,,,,,,,,,,,,,,2026
4715053600,경상북도,김천시,,평화남산동,eupmyeondong,평화남산동,6667,2769,41.53,1273,19.09,376,5.64,247.0,3.7,3651.0,54.76,1121.1,128.0,1.92,326.0,4.89,517.0,7.75,570.0,8.55,708.0,10.62,997.0,14.95,1448.0,21.72,1209.0,18.13,764.0,11.46,2026
4715054000,경상북도,김천시,,평화동,eupmyeondong,평화남산동,6667,2769,41.53,1273,19.09,376,5.64,247.0,3.7,3651.0,54.76,1121.1,128.0,1.92,326.0,4.89,517.0,7.75,570.0,8.55,708.0,10.62,997.0,14.95,1448.0,21.72,1209.0,18.13,764.0,11.46,2026
4715056500,경상북도,김천시,,양금동,eupmyeondong,양금동,3283,1636,49.83,799,24.34,232,7.07,131.0,3.99,1516.0,46.18,1248.9,53.0,1.61,162.0,4.93,176.0,5.36,147.0,4.48,250.0,7.61,526.0,16.02,768.0,23.39,735.0,22.39,466.0,14.19,2026
4715057500,경상북도,김천시,,대신동,eupmyeondong,대신동,22843,4606,20.16,1816,7.95,563,2.46,2204.0,9.65,16033.0,70.19,209.0,1088.0,4.76,2620.0,11.47,2778.0,12.16,2397.0,10.49,3099.0,13.57,4398.0,19.25,3489.0,15.27,1914.0,8.38,1060.0,4.64,2026
4715059500,경상북도,김천시,,대곡동,eupmyeondong,대곡동,20237,5168,25.54,2019,9.98,594,2.94,2064.0,10.2,13005.0,64.26,250.4,1191.0,5.89,2363.0,11.68,1555.0,7.68,1972.0,9.74,2659.0,13.14,3599.0,17.78,3537.0,17.48,2220.0,10.97,1141.0,5.64,2026
4715061000,경상북도,김천시,,지좌동,eupmyeondong,지좌동,10274,2352,22.89,897,8.73,208,2.02,927.0,9.02,6995.0,68.08,253.7,507.0,4.93,916.0,8.92,1027.0,10.0,1221.0,11.88,1446.0,14.07,1926.0,18.75,1731.0,16.85,1022.0,9.95,478.0,4.65,2026
4715064000,경상북도,김천시,,율곡동,eupmyeondong,율곡동,23407,1496,6.39,420,1.79,97,0.41,5213.0,22.27,16698.0,71.34,28.7,3061.0,13.08,3587.0,15.32,2027.0,8.66,3975.0,16.98,5204.0,22.23,3151.0,13.46,1598.0,6.83,582.0,2.49,222.0,0.95,2026
4717000000,경상북도,안동시,,,sigungu,안동시,151584,46698,30.81,20694,13.65,6446,4.25,12925.0,8.53,91961.0,60.67,361.3,6968.0,4.6,13045.0,8.61,14806.0,9.77,13988.0,9.23,18037.0,11.9,25133.0,16.58,27621.0,18.22,19415.0,12.81,12571.0,8.29,2026
4717025000,경상북도,안동시,,풍산읍,eupmyeondong,풍산읍,7967,3023,37.94,1439,18.06,487,6.11,543.0,6.82,4401.0,55.24,556.7,326.0,4.09,463.0,5.81,510.0,6.4,775.0,9.73,775.0,9.73,1320.0,16.57,1635.0,20.52,1266.0,15.89,897.0,11.26,2026
4717031000,경상북도,안동시,,와룡면,eupmyeondong,와룡면,3585,1963,54.76,981,27.36,372,10.38,85.0,2.37,1537.0,42.87,2309.4,46.0,1.28,123.0,3.43,167.0,4.66,153.0,4.27,186.0,5.19,538.0,15.01,952.0,26.56,791.0,22.06,629.0,17.55,2026
4717032000,경상북도,안동시,,북후면,eupmyeondong,북후면,2697,1431,53.06,724,26.84,293,10.86,59.0,2.19,1207.0,44.75,2425.4,23.0,0.85,70.0,2.6,67.0,2.48,122.0,4.52,202.0,7.49,460.0,17.06,716.0,26.55,536.0,19.87,501.0,18.58,2026
4717033000,경상북도,안동시,,서후면,eupmyeondong,서후면,3698,1644,44.46,744,20.12,269,7.27,89.0,2.41,1965.0,53.14,1847.2,48.0,1.3,204.0,5.52,443.0,11.98,211.0,5.71,271.0,7.33,523.0,14.14,845.0,22.85,678.0,18.33,475.0,12.84,2026
4717034000,경상북도,안동시,,풍천면,eupmyeondong,풍천면,7604,1955,25.71,927,12.19,307,4.04,774.0,10.18,4875.0,64.11,252.6,562.0,7.39,425.0,5.59,764.0,10.05,1447.0,19.03,992.0,13.05,970.0,12.76,1069.0,14.06,776.0,10.21,599.0,7.88,2026
4717034500,경상북도,안동시,,풍천면어담출장소,eupmyeondong,안동시 풍천면어담출장소,3500,1200,34.29,540,15.43,144,4.11,,,,,,,,,,,,,,,,,,,,,,,,2026
4717035000,경상북도,안동시,,일직면,eupmyeondong,일직면,2328,1338,57.47,708,30.41,238,10.22,47.0,2.02,943.0,40.51,2846.8,17.0,0.73,76.0,3.26,67.0,2.88,72.0,3.09,134.0,5.76,332.0,14.26,651.0,27.96,560.0,24.05,419.0,18.0,2026
4717036000,경상북도,안동시,,남후면,eupmyeondong,남후면,1573,917,58.3,486,30.9,194,12.33,37.0,2.35,619.0,39.35,2478.4,19.0,1.21,43.0,2.73,46.0,2.92,57.0,3.62,107.0,6.8,204.0,12.97,417.0,26.51,349.0,22.19,331.0,21.04,2026
4717037000,경상북도,안동시,,남선면,eupmyeondong,남선면,1924,956,49.69,410,21.31,136,7.07,56.0,2.91,912.0,47.4,1707.1,34.0,1.77,55.0,2.86,90.0,4.68,97.0,5.04,120.0,6.24,324.0,16.84,561.0,29.16,375.0,19.49,268.0,13.93,2026
4717038000,경상북도,안동시,,임하면,eupmyeondong,임하면,2489,1349,54.2,615,24.71,227,9.12,58.0,2.33,1082.0,43.47,2325.9,31.0,1.25,73.0,2.93,85.0,3.42,94.0,3.78,170.0,6.83,410.0,16.47,659.0,26.48,553.0,22.22,414.0,16.63,2026
4717039000,경상북도,안동시,,길안면,eupmyeondong,길안면,2489,1425,57.25,687,27.6,239,9.6,35.0,1.41,1029.0,41.34,4071.4,17.0,0.68,58.0,2.33,57.0,2.29,91.0,3.66,128.0,5.14,343.0,13.78,801.0,32.18,533.0,21.41,461.0,18.52,2026
4717040000,경상북도,안동시,,임동면,eupmyeondong,임동면,1522,913,59.99,425,27.92,152,9.99,31.0,2.04,578.0,37.98,2945.2,17.0,1.12,35.0,2.3,44.0,2.89,36.0,2.37,85.0,5.58,229.0,15.05,448.0,29.43,338.0,22.21,290.0,19.05,2026
4717041000,경상북도,안동시,,예안면,eupmyeondong,예안면,1600,962,60.12,445,27.81,149,9.31,33.0,2.06,605.0,37.81,2915.2,18.0,1.12,36.0,2.25,37.0,2.31,46.0,2.88,61.0,3.81,215.0,13.44,507.0,31.69,401.0,25.06,279.0,17.44,2026
4717041500,경상북도,안동시,,예안면삼계출장소,eupmyeondong,안동시 예안면삼계출장소,3500,1200,34.29,540,15.43,144,4.11,,,,,,,,,,,,,,,,,,,,,,,,2026
4717042000,경상북도,안동시,,도산면,eupmyeondong,도산면,1333,826,61.97,408,30.61,133,9.98,14.0,1.05,493.0,36.98,5900.0,3.0,0.23,32.0,2.4,34.0,2.55,37.0,2.78,53.0,3.98,191.0,14.33,393.0,29.48,330.0,24.76,260.0,19.5,2026
4717042500,경상북도,안동시,,도산면서부출장소,eupmyeondong,안동시 도산면서부출장소,3500,1200,34.29,540,15.43,144,4.11,,,,,,,,,,,,,,,,,,,,,,,,2026
4717043000,경상북도,안동시,,녹전면,eupmyeondong,녹전면,1519,927,61.03,450,29.62,167,10.99,37.0,2.44,555.0,36.54,2505.4,17.0,1.12,42.0,2.76,29.0,1.91,42.0,2.76,86.0,5.66,185.0,12.18,453.0,29.82,361.0,23.77,304.0,20.01,2026
4717051000,경상북도,안동시,,중구동,eupmyeondong,중구동,4828,1675,34.69,841,17.42,227,4.7,250.0,5.18,2903.0,60.13,670.0,142.0,2.94,320.0,6.63,612.0,12.68,463.0,9.59,507.0,10.5,742.0,15.37,776.0,16.07,773.0,16.01,493.0,10.21,2026
4717052000,경상북도,안동시,,명륜동,eupmyeondong,명륜동,4575,1580,34.54,688,15.04,187,4.09,283.0,6.19,2712.0,59.28,558.3,137.0,2.99,341.0,7.45,368.0,8.04,363.0,7.93,516.0,11.28,803.0,17.55,978.0,21.38,650.0,14.21,419.0,9.16,2026
4717055500,경상북도,안동시,,용상동,eupmyeondong,용상동,24634,4826,19.59,2009,8.16,557,2.26,2693.0,10.93,17115.0,69.48,179.2,1511.0,6.13,2930.0,11.89,4071.0,16.53,2607.0,10.58,3260.0,13.23,3843.0,15.6,3192.0,12.96,2079.0,8.44,1141.0,4.63,2026
4717058500,경상북도,안동시,,서구동,eupmyeondong,서구동,8078,2689,33.29,1233,15.26,348,4.31,691.0,8.55,4698.0,58.16,389.1,286.0,3.54,832.0,10.3,684.0,8.47,549.0,6.8,1036.0,12.82,1345.0,16.65,1437.0,17.79,1198.0,14.83,711.0,8.8,2026
4717060000,경상북도,안동시,,태화동,eupmyeondong,태화동,11780,3689,31.32,1612,13.68,394,3.34,979.0,8.31,7112.0,60.37,376.8,538.0,4.57,852.0,7.23,996.0,8.46,1096.0,9.3,1592.0,13.51,1971.0,16.73,2169.0,18.41,1648.0,13.99,918.0,7.79,2026
4717061000,경상북도,안동시,,법상동,eupmyeondong,안동시 법상동,3500,1200,34.29,540,15.43,144,4.11,,,,,,,,,,,,,,,,,,,,,,,,2026
4717062000,경상북도,안동시,,평화동,eupmyeondong,평화동,5741,2016,35.12,884,15.4,240,4.18,403.0,7.02,3322.0,57.86,500.2,174.0,3.03,453.0,7.89,477.0,8.31,469.0,8.17,657.0,11.44,1005.0,17.51,1100.0,19.16,901.0,15.69,505.0,8.8,2026
4717063000,경상북도,안동시,,안기동,eupmyeondong,안기동,5670,1926,33.97,773,13.63,191,3.37,395.0,6.97,3349.0,59.07,487.6,210.0,3.7,415.0,7.32,470.0,8.29,481.0,8.48,631.0,11.13,1003.0,17.69,1213.0,21.39,825.0,14.55,422.0,7.44,2026
4717065000,경상북도,안동시,,옥동,eupmyeondong,옥동,19538,4126,21.12,1528,7.82,457,2.34,2244.0,11.49,13168.0,67.4,183.9,1096.0,5.61,2342.0,11.99,2128.0,10.89,1935.0,9.9,2867.0,14.67,3540.0,18.12,3081.0,15.77,1676.0,8.58,873.0,4.47,2026
4717066000,경상북도,안동시,,송하동,eupmyeondong,송하동,14468,2962,20.47,1052,7.27,306,2.12,1776.0,12.28,9730.0,67.25,166.8,1006.0,6.95,1528.0,10.56,1442.0,9.97,1701.0,11.76,2063.0,14.26,2618.0,18.1,2346.0,16.22,1157.0,8.0,607.0,4.2,2026
4717069000,경상북도,안동시,,강남동,eupmyeondong,강남동,9944,1580,15.89,625,6.29,176,1.77,1313.0,13.2,7051.0,70.91,120.3,690.0,6.94,1297.0,13.04,1118.0,11.24,1044.0,10.5,1538.0,15.47,2019.0,20.3,1222.0,12.29,661.0,6.65,355.0,3.57,2026
4719000000,경상북도,구미시,,,sigungu,구미시,402691,60464,15.01,19942,4.95,5710,1.42,49026.0,12.17,293201.0,72.81,123.3,26293.0,6.53,44664.0,11.09,42455.0,10.54,57050.0,14.17,69428.0,17.24,71734.0,17.81,55997.0,13.91,23808.0,5.91,11262.0,2.8,2026
4719025000,경상북도,구미시,,선산읍,eupmyeondong,선산읍,12992,4660,35.87,1918,14.76,647,4.98,869.0,6.69,7463.0,57.44,536.2,421.0,3.24,939.0,7.23,786.0,6.05,870.0,6.7,1419.0,10.92,2419.0,18.62,3036.0,23.37,1901.0,14.63,1201.0,9.24,2026
4719025300,경상북도,구미시,,고아읍,eupmyeondong,고아읍,40186,6919,17.22,2212,5.5,737,1.83,5549.0,13.81,27718.0,68.97,124.7,3225.0,8.03,4206.0,10.47,3187.0,7.93,5099.0,12.69,6051.0,15.06,7584.0,18.87,7008.0,17.44,2467.0,6.14,1359.0,3.38,2026
4719025600,경상북도,구미시,,산동읍,eupmyeondong,산동읍,30980,1613,5.21,510,1.65,187,0.6,7826.0,25.26,21541.0,69.53,20.6,4859.0,15.68,4710.0,15.2,1762.0,5.69,6575.0,21.22,7577.0,24.46,2974.0,9.6,1594.0,5.15,603.0,1.95,326.0,1.05,2026
4719031000,경상북도,구미시,,무을면,eupmyeondong,무을면,1675,952,56.84,445,26.57,189,11.28,41.0,2.45,682.0,40.72,2322.0,22.0,1.31,36.0,2.15,50.0,2.99,53.0,3.16,87.0,5.19,241.0,14.39,499.0,29.79,391.0,23.34,296.0,17.67,2026
4719032000,경상북도,구미시,,옥성면,eupmyeondong,옥성면,1570,865,55.1,406,25.86,156,9.94,20.0,1.27,685.0,43.63,4325.0,8.0,0.51,25.0,1.59,54.0,3.44,50.0,3.18,98.0,6.24,247.0,15.73,465.0,29.62,363.0,23.12,260.0,16.56,2026
4719033000,경상북도,구미시,,도개면,eupmyeondong,도개면,1951,1052,53.92,518,26.55,199,10.2,48.0,2.46,851.0,43.62,2191.7,19.0,0.97,93.0,4.77,59.0,3.02,68.0,3.49,127.0,6.51,289.0,14.81,544.0,27.88,419.0,21.48,333.0,17.07,2026
4719034000,경상북도,구미시,,해평면,eupmyeondong,해평면,3521,1800,51.12,882,25.05,307,8.72,81.0,2.3,1640.0,46.58,2222.2,36.0,1.02,117.0,3.32,143.0,4.06,144.0,4.09,240.0,6.82,612.0,17.38,932.0,26.47,738.0,20.96,559.0,15.88,2026
4719035000,경상북도,구미시,,산동면,eupmyeondong,산내면,3108,1864,59.97,823,26.48,238,7.66,50.0,1.61,1194.0,38.42,3728.0,25.0,0.8,59.0,1.9,68.0,2.19,100.0,3.22,161.0,5.18,402.0,12.93,1022.0,32.88,779.0,25.06,492.0,15.83,2026
4719036000,경상북도,구미시,,장천면,eupmyeondong,장천면,2654,1251,47.14,578,21.78,192,7.23,85.0,3.2,1318.0,49.66,1471.8,34.0,1.28,127.0,4.79,117.0,4.41,126.0,4.75,217.0,8.18,452.0,17.03,708.0,26.68,522.0,19.67,351.0,13.23,2026
4719051000,경상북도,구미시,,송정동,eupmyeondong,송정동,22877,4633,20.25,1366,5.97,296,1.29,2036.0,8.9,16208.0,70.85,227.6,1070.0,4.68,2028.0,8.86,2569.0,11.23,3043.0,13.3,3305.0,14.45,4178.0,18.26,4024.0,17.59,1990.0,8.7,670.0,2.93,2026
4719052000,경상북도,구미시,,원평1동,eupmyeondong,원평동,9420,1955,20.75,729,7.74,175,1.86,1035.0,10.99,6430.0,68.26,188.9,739.0,7.85,577.0,6.13,691.0,7.34,1632.0,17.32,1573.0,16.7,1528.0,16.22,1426.0,15.14,867.0,9.2,387.0,4.11,2026
4719053000,경상북도,구미시,,원평2동,eupmyeondong,원평동,9420,1955,20.75,729,7.74,175,1.86,1035.0,10.99,6430.0,68.26,188.9,739.0,7.85,577.0,6.13,691.0,7.34,1632.0,17.32,1573.0,16.7,1528.0,16.22,1426.0,15.14,867.0,9.2,387.0,4.11,2026
4719053500,경상북도,구미시,,원평동,eupmyeondong,원평동,9420,1955,20.75,729,7.74,175,1.86,1035.0,10.99,6430.0,68.26,188.9,739.0,7.85,577.0,6.13,691.0,7.34,1632.0,17.32,1573.0,16.7,1528.0,16.22,1426.0,15.14,867.0,9.2,387.0,4.11,2026
4719055100,경상북도,구미시,,도량동,eupmyeondong,도량동,25786,5393,20.91,1617,6.27,435,1.69,2646.0,10.26,17747.0,68.82,203.8,1249.0,4.84,2789.0,10.82,2272.0,8.81,2498.0,9.69,3781.0,14.66,5223.0,20.26,4941.0,19.16,2164.0,8.39,869.0,3.37,2026
4719055500,경상북도,구미시,,지산동,eupmyeondong,지산동,1766,743,42.07,256,14.5,63,3.57,63.0,3.57,960.0,54.36,1179.4,30.0,1.7,64.0,3.62,118.0,6.68,106.0,6.0,150.0,8.49,319.0,18.06,508.0,28.77,338.0,19.14,133.0,7.53,2026
4719056500,경상북도,구미시,,선주원남동,eupmyeondong,선주원남동,35630,5293,14.86,1482,4.16,374,1.05,3944.0,11.07,26393.0,74.08,134.2,1762.0,4.95,4674.0,13.12,4358.0,12.23,3705.0,10.4,5799.0,16.28,7017.0,19.69,5476.0,15.37,2075.0,5.82,764.0,2.14,2026
4719058200,경상북도,구미시,,형곡1동,eupmyeondong,형곡1동,12163,2519,20.71,774,6.36,163,1.34,1126.0,9.26,8518.0,70.03,223.7,511.0,4.2,1266.0,10.41,1213.0,9.97,1220.0,10.03,1691.0,13.9,2507.0,20.61,2320.0,19.07,1068.0,8.78,367.0,3.02,2026
4719058300,경상북도,구미시,,형곡2동,eupmyeondong,형곡2동,14479,2981,20.59,784,5.41,184,1.27,940.0,6.49,10558.0,72.92,317.1,406.0,2.8,1269.0,8.76,1664.0,11.49,1566.0,10.82,1827.0,12.62,3178.0,21.95,3017.0,20.84,1150.0,7.94,402.0,2.78,2026
4719059000,경상북도,구미시,,신평1동,eupmyeondong,신평1동,4547,837,18.41,317,6.97,84,1.85,313.0,6.88,3397.0,74.71,267.4,216.0,4.75,215.0,4.73,801.0,17.62,846.0,18.61,547.0,12.03,719.0,15.81,670.0,14.73,358.0,7.87,175.0,3.85,2026
4719060000,경상북도,구미시,,신평2동,eupmyeondong,신평2동,2774,571,20.58,216,7.79,66,2.38,275.0,9.91,1928.0,69.5,207.6,178.0,6.42,184.0,6.63,268.0,9.66,465.0,16.76,372.0,13.41,494.0,17.81,462.0,16.65,228.0,8.22,123.0,4.43,2026
4719061000,경상북도,구미시,,비산동,eupmyeondong,비산동,13418,1341,9.99,347,2.59,78,0.58,1934.0,14.41,10143.0,75.59,69.3,1238.0,9.23,1275.0,9.5,1371.0,10.22,2580.0,19.23,2341.0,17.45,2307.0,17.19,1662.0,12.39,449.0,3.35,195.0,1.45,2026
4719062100,경상북도,구미시,,공단1동,eupmyeondong,공단동,3980,397,9.97,80,2.01,9,0.23,504.0,12.66,3079.0,77.36,78.8,293.0,7.36,336.0,8.44,498.0,12.51,811.0,20.38,731.0,18.37,652.0,16.38,477.0,11.98,153.0,3.84,29.0,0.73,2026
4719062200,경상북도,구미시,,공단2동,eupmyeondong,공단동,3980,397,9.97,80,2.01,9,0.23,504.0,12.66,3079.0,77.36,78.8,293.0,7.36,336.0,8.44,498.0,12.51,811.0,20.38,731.0,18.37,652.0,16.38,477.0,11.98,153.0,3.84,29.0,0.73,2026
4719063000,경상북도,구미시,,광평동,eupmyeondong,광평동,3923,691,17.61,239,6.09,51,1.3,279.0,7.11,2953.0,75.27,247.7,134.0,3.42,315.0,8.03,513.0,13.08,510.0,13.0,634.0,16.16,772.0,19.68,631.0,16.08,285.0,7.26,129.0,3.29,2026
4719064500,경상북도,구미시,,상모사곡동,eupmyeondong,상모사곡동,29726,3020,10.16,862,2.9,236,0.79,3314.0,11.15,23392.0,78.69,91.1,1713.0,5.76,3309.0,11.13,3810.0,12.82,4065.0,13.67,4903.0,16.49,6610.0,22.24,3757.0,12.64,1100.0,3.7,459.0,1.54,2026
4719066000,경상북도,구미시,,임오동,eupmyeondong,임오동,16506,1658,10.04,460,2.79,123,0.75,2194.0,13.29,12654.0,76.66,75.6,1037.0,6.28,2249.0,13.63,1639.0,9.93,2058.0,12.47,3241.0,19.64,3411.0,20.67,2032.0,12.31,589.0,3.57,250.0,1.51,2026
4719067000,경상북도,구미시,,인동동,eupmyeondong,인동동,46230,5085,11.0,1587,3.43,394,0.85,5066.0,10.96,36079.0,78.04,100.4,2467.0,5.34,5514.0,11.93,5397.0,11.67,7365.0,15.93,9277.0,20.07,8211.0,17.76,5182.0,11.21,1939.0,4.19,878.0,1.9,2026
4719068000,경상북도,구미시,,진미동,eupmyeondong,진미동,16022,1188,7.41,359,2.24,86,0.54,909.0,5.67,13925.0,86.91,130.7,488.0,3.05,991.0,6.19,2816.0,17.58,4482.0,27.97,3158.0,19.71,2172.0,13.56,1240.0,7.74,484.0,3.02,191.0,1.19,2026
4719069000,경상북도,구미시,,양포동,eupmyeondong,양포동,47915,3047,6.36,998,2.08,279,0.58,7929.0,16.55,36939.0,77.09,38.4,4138.0,8.64,7356.0,15.35,6299.0,13.15,7113.0,14.85,10282.0,21.46,7618.0,15.9,3386.0,7.07,1167.0,2.44,556.0,1.16,2026
4719070000,경상북도,구미시,,공단동,eupmyeondong,공단동,3980,397,9.97,80,2.01,9,0.23,504.0,12.66,3079.0,77.36,78.8,293.0,7.36,336.0,8.44,498.0,12.51,811.0,20.38,731.0,18.37,652.0,16.38,477.0,11.98,153.0,3.84,29.0,0.73,2026
4721000000,경상북도,영주시,,,sigungu,영주시,96345,33315,34.58,14828,15.39,4642,4.82,7584.0,7.87,55446.0,57.55,439.3,3932.0,4.08,8421.0,8.74,7511.0,7.8,7400.0,7.68,10697.0,11.1,16315.0,16.93,18936.0,19.65,14206.0,14.74,8927.0,9.27,2026
4721025000,경상북도,영주시,,풍기읍,eupmyeondong,풍기읍,9874,4112,41.64,1828,18.51,587,5.94,560.0,5.67,5202.0,52.68,734.3,276.0,2.8,895.0,9.06,661.0,6.69,555.0,5.62,850.0,8.61,1525.0,15.44,2261.0,22.9,1742.0,17.64,1109.0,11.23,2026
4721031000,경상북도,영주시,,이산면,eupmyeondong,이산면,2078,1059,50.96,472,22.71,194,9.34,56.0,2.69,963.0,46.34,1891.1,25.0,1.2,78.0,3.75,81.0,3.9,98.0,4.72,121.0,5.82,330.0,15.88,644.0,30.99,387.0,18.62,314.0,15.11,2026
4721032000,경상북도,영주시,,평은면,eupmyeondong,평은면,1320,767,58.11,397,30.08,154,11.67,25.0,1.89,528.0,40.0,3068.0,13.0,0.98,39.0,2.95,29.0,2.2,41.0,3.11,70.0,5.3,197.0,14.92,361.0,27.35,317.0,24.02,253.0,19.17,2026
4721033000,경상북도,영주시,,문수면,eupmyeondong,문수면,1818,953,52.42,444,24.42,167,9.19,62.0,3.41,803.0,44.17,1537.1,41.0,2.26,59.0,3.25,67.0,3.69,99.0,5.45,106.0,5.83,278.0,15.29,501.0,27.56,353.0,19.42,314.0,17.27,2026
4721034000,경상북도,영주시,,장수면,eupmyeondong,장수면,1947,1051,53.98,511,26.25,197,10.12,60.0,3.08,836.0,42.94,1751.7,33.0,1.69,63.0,3.24,95.0,4.88,105.0,5.39,128.0,6.57,248.0,12.74,511.0,26.25,415.0,21.31,349.0,17.93,2026
4721035000,경상북도,영주시,,안정면,eupmyeondong,안정면,2715,1511,55.65,754,27.77,288,10.61,95.0,3.5,1109.0,40.85,1590.5,51.0,1.88,90.0,3.31,96.0,3.54,124.0,4.57,164.0,6.04,393.0,14.48,691.0,25.45,607.0,22.36,499.0,18.38,2026
4721036000,경상북도,영주시,,봉현면,eupmyeondong,봉현면,2436,1237,50.78,514,21.1,164,6.73,90.0,3.69,1109.0,45.53,1374.4,41.0,1.68,98.0,4.02,97.0,3.98,133.0,5.46,182.0,7.47,353.0,14.49,692.0,28.41,540.0,22.17,300.0,12.32,2026
4721037000,경상북도,영주시,,순흥면,eupmyeondong,순흥면,1804,1035,57.37,450,24.94,153,8.48,37.0,2.05,732.0,40.58,2797.3,15.0,0.83,47.0,2.61,76.0,4.21,63.0,3.49,86.0,4.77,250.0,13.86,551.0,30.54,435.0,24.11,281.0,15.58,2026
4721038000,경상북도,영주시,,단산면,eupmyeondong,단산면,1672,967,57.83,470,28.11,174,10.41,29.0,1.73,676.0,40.43,3334.5,12.0,0.72,41.0,2.45,58.0,3.47,70.0,4.19,79.0,4.72,215.0,12.86,495.0,29.61,413.0,24.7,289.0,17.28,2026
4721039000,경상북도,영주시,,부석면,eupmyeondong,부석면,2692,1569,58.28,714,26.52,241,8.95,68.0,2.53,1055.0,39.19,2307.4,36.0,1.34,72.0,2.67,82.0,3.05,89.0,3.31,154.0,5.72,361.0,13.41,803.0,29.83,656.0,24.37,439.0,16.31,2026
4721051000,경상북도,영주시,,상망동,eupmyeondong,상망동,6740,2133,31.65,952,14.12,275,4.08,521.0,7.73,4086.0,60.62,409.4,247.0,3.66,662.0,9.82,530.0,7.86,437.0,6.48,736.0,10.92,1389.0,20.61,1222.0,18.13,937.0,13.9,580.0,8.61,2026
4721052500,경상북도,영주시,,하망동,eupmyeondong,하망동,5611,1877,33.45,884,15.75,260,4.63,437.0,7.79,3297.0,58.76,429.5,199.0,3.55,694.0,12.37,374.0,6.67,350.0,6.24,614.0,10.94,1025.0,18.27,1004.0,17.89,827.0,14.74,524.0,9.34,2026
4721055000,경상북도,영주시,,영주1동,eupmyeondong,영주1동,3352,1472,43.91,684,20.41,183,5.46,174.0,5.19,1706.0,50.89,846.0,91.0,2.71,183.0,5.46,217.0,6.47,211.0,6.29,328.0,9.79,558.0,16.65,707.0,21.09,648.0,19.33,409.0,12.2,2026
4721056000,경상북도,영주시,,영주2동,eupmyeondong,영주2동,4333,1943,44.84,899,20.75,254,5.86,220.0,5.08,2170.0,50.08,883.2,107.0,2.47,253.0,5.84,239.0,5.52,246.0,5.68,429.0,9.9,682.0,15.74,985.0,22.73,863.0,19.92,529.0,12.21,2026
4721059000,경상북도,영주시,,휴천1동,eupmyeondong,휴천1동,6886,1581,22.96,698,10.14,194,2.82,799.0,11.6,4506.0,65.44,197.9,462.0,6.71,919.0,13.35,591.0,8.58,687.0,9.98,885.0,12.85,1259.0,18.28,961.0,13.96,747.0,10.85,375.0,5.45,2026
4721060000,경상북도,영주시,,휴천2동,eupmyeondong,휴천2동,9544,3248,34.03,1479,15.5,389,4.08,619.0,6.49,5677.0,59.48,524.7,318.0,3.33,752.0,7.88,1028.0,10.77,750.0,7.86,998.0,10.46,1562.0,16.37,1876.0,19.66,1430.0,14.98,830.0,8.7,2026
4721061000,경상북도,영주시,,휴천3동,eupmyeondong,휴천3동,6752,2300,34.06,918,13.6,249,3.69,448.0,6.64,4004.0,59.3,513.4,219.0,3.24,492.0,7.29,536.0,7.94,537.0,7.95,728.0,10.78,1261.0,18.68,1461.0,21.64,1005.0,14.88,513.0,7.6,2026
4721062000,경상북도,영주시,,가흥1동,eupmyeondong,가흥1동,14886,2220,14.91,811,5.45,219,1.47,2144.0,14.4,10522.0,70.68,103.5,1133.0,7.61,1957.0,13.15,1692.0,11.37,1742.0,11.7,2612.0,17.55,2642.0,17.75,1750.0,11.76,924.0,6.21,434.0,2.92,2026
4721063000,경상북도,영주시,,가흥2동,eupmyeondong,가흥2동,9885,2280,23.07,949,9.6,300,3.03,1140.0,11.53,6465.0,65.4,200.0,613.0,6.2,1027.0,10.39,962.0,9.73,1063.0,10.75,1427.0,14.44,1787.0,18.08,1460.0,14.77,960.0,9.71,586.0,5.93,2026
4723000000,경상북도,영천시,,,sigungu,영천시,93847,34718,36.99,15416,16.43,4454,4.75,6666.0,7.1,52463.0,55.9,520.8,3945.0,4.2,5997.0,6.39,5872.0,6.26,7586.0,8.08,9802.0,10.44,16101.0,17.16,20636.0,21.99,14949.0,15.93,8959.0,9.55,2026
4723025000,경상북도,영천시,,금호읍,eupmyeondong,금호읍,9757,4182,42.86,1882,19.29,525,5.38,393.0,4.03,5182.0,53.11,1064.1,254.0,2.6,348.0,3.57,498.0,5.1,625.0,6.41,828.0,8.49,1783.0,18.27,2520.0,25.83,1786.0,18.3,1115.0,11.43,2026
4723031000,경상북도,영천시,,청통면,eupmyeondong,청통면,3740,1899,50.78,854,22.83,263,7.03,133.0,3.56,1708.0,45.67,1427.8,93.0,2.49,90.0,2.41,153.0,4.09,196.0,5.24,275.0,7.35,582.0,15.56,1011.0,27.03,838.0,22.41,502.0,13.42,2026
4723032000,경상북도,영천시,,신녕면,eupmyeondong,신녕면,3446,1791,51.97,853,24.75,254,7.37,98.0,2.84,1557.0,45.18,1827.6,60.0,1.74,222.0,6.44,110.0,3.19,148.0,4.29,215.0,6.24,509.0,14.77,876.0,25.42,784.0,22.75,522.0,15.15,2026
4723033000,경상북도,영천시,,화산면,eupmyeondong,화산면,2844,1563,54.96,789,27.74,253,8.9,71.0,2.5,1210.0,42.55,2201.4,54.0,1.9,72.0,2.53,84.0,2.95,123.0,4.32,176.0,6.19,417.0,14.66,760.0,26.72,655.0,23.03,503.0,17.69,2026
4723034000,경상북도,영천시,,화북면,eupmyeondong,화북면,2125,1168,54.96,509,23.95,166,7.81,76.0,3.58,881.0,41.46,1536.8,22.0,1.04,95.0,4.47,47.0,2.21,60.0,2.82,98.0,4.61,324.0,15.25,695.0,32.71,500.0,23.53,284.0,13.36,2026
4723035000,경상북도,영천시,,화남면,eupmyeondong,화남면,3104,1635,52.67,746,24.03,223,7.18,120.0,3.87,1349.0,43.46,1362.5,72.0,2.32,116.0,3.74,89.0,2.87,142.0,4.57,191.0,6.15,456.0,14.69,913.0,29.41,711.0,22.91,414.0,13.34,2026
4723036000,경상북도,영천시,,자양면,eupmyeondong,자양면,1219,638,52.34,290,23.79,91,7.47,27.0,2.21,554.0,45.45,2363.0,16.0,1.31,39.0,3.2,36.0,2.95,51.0,4.18,63.0,5.17,178.0,14.6,431.0,35.36,218.0,17.88,187.0,15.34,2026
4723037000,경상북도,영천시,,임고면,eupmyeondong,임고면,3919,2139,54.58,1055,26.92,303,7.73,123.0,3.14,1657.0,42.28,1739.0,78.0,1.99,103.0,2.63,127.0,3.24,172.0,4.39,251.0,6.4,614.0,15.67,1019.0,26.0,939.0,23.96,616.0,15.72,2026
4723038000,경상북도,영천시,,고경면,eupmyeondong,고경면,5252,2390,45.51,1095,20.85,325,6.19,262.0,4.99,2600.0,49.5,912.2,171.0,3.26,200.0,3.81,401.0,7.64,377.0,7.18,417.0,7.94,699.0,13.31,1275.0,24.28,1049.0,19.97,663.0,12.62,2026
4723039000,경상북도,영천시,,북안면,eupmyeondong,북안면,4092,2244,54.84,1089,26.61,349,8.53,77.0,1.88,1771.0,43.28,2914.3,48.0,1.17,81.0,1.98,155.0,3.79,191.0,4.67,253.0,6.18,618.0,15.1,1127.0,27.54,942.0,23.02,677.0,16.54,2026
4723040000,경상북도,영천시,,대창면,eupmyeondong,대창면,2830,1485,52.47,629,22.23,180,6.36,91.0,3.22,1254.0,44.31,1631.9,60.0,2.12,74.0,2.61,89.0,3.14,142.0,5.02,184.0,6.5,451.0,15.94,796.0,28.13,688.0,24.31,346.0,12.23,2026
4723051000,경상북도,영천시,,동부동,eupmyeondong,동부동,25230,6029,23.9,2284,9.05,596,2.36,2606.0,10.33,16595.0,65.77,231.4,1418.0,5.62,2473.0,9.8,2075.0,8.22,2557.0,10.13,3550.0,14.07,4878.0,19.33,4463.0,17.69,2614.0,10.36,1202.0,4.76,2026
4723052000,경상북도,영천시,,중앙동,eupmyeondong,중앙동,8694,2268,26.09,960,11.04,256,2.94,904.0,10.4,5522.0,63.52,250.9,501.0,5.76,829.0,9.54,775.0,8.91,949.0,10.92,1130.0,13.0,1507.0,17.33,1508.0,17.35,966.0,11.11,529.0,6.08,2026
4723053500,경상북도,영천시,,서부동,eupmyeondong,서부동,4190,1715,40.93,795,18.97,225,5.37,156.0,3.72,2319.0,55.35,1099.4,81.0,1.93,207.0,4.94,320.0,7.64,290.0,6.92,361.0,8.62,750.0,17.9,967.0,23.08,721.0,17.21,493.0,11.77,2026
4723054000,경상북도,영천시,,완산동,eupmyeondong,완산동,9716,2213,22.78,948,9.76,252,2.59,1274.0,13.11,6229.0,64.11,173.7,866.0,8.91,840.0,8.65,714.0,7.35,1251.0,12.88,1393.0,14.34,1683.0,17.32,1479.0,15.22,965.0,9.93,525.0,5.4,2026
4723055500,경상북도,영천시,,남부동,eupmyeondong,남부동,3689,1359,36.84,638,17.29,193,5.23,255.0,6.91,2075.0,56.25,532.9,151.0,4.09,208.0,5.64,199.0,5.39,312.0,8.46,417.0,11.3,652.0,17.67,796.0,21.58,573.0,15.53,381.0,10.33,2026
4725000000,경상북도,상주시,,,sigungu,상주시,89070,35252,39.58,16412,18.43,5617,6.31,6248.0,7.01,47570.0,53.41,564.2,3271.0,3.67,6754.0,7.58,5694.0,6.39,5823.0,6.54,8950.0,10.05,14256.0,16.01,19689.0,22.11,14410.0,16.18,10223.0,11.48,2026
4725025000,경상북도,상주시,,함창읍,eupmyeondong,함창읍,5886,2631,44.7,1270,21.58,447,7.59,339.0,5.76,2916.0,49.54,776.1,184.0,3.13,434.0,7.37,261.0,4.43,335.0,5.69,600.0,10.19,857.0,14.56,1336.0,22.7,1070.0,18.18,809.0,13.74,2026
4725031000,경상북도,상주시,,중동면,eupmyeondong,중동면,1265,706,55.81,370,29.25,123,9.72,39.0,3.08,520.0,41.11,1810.3,23.0,1.82,48.0,3.79,32.0,2.53,45.0,3.56,77.0,6.09,179.0,14.15,331.0,26.17,305.0,24.11,225.0,17.79,2026
4725032000,경상북도,상주시,,사벌면,eupmyeondong,사벌국면,3558,1891,53.15,969,27.23,397,11.16,134.0,3.77,1533.0,43.09,1411.2,68.0,1.91,132.0,3.71,152.0,4.27,183.0,5.14,261.0,7.34,469.0,13.18,917.0,25.77,712.0,20.01,664.0,18.66,2026
4725032500,경상북도,상주시,,사벌국면,eupmyeondong,사벌국면,3558,1891,53.15,969,27.23,397,11.16,134.0,3.77,1533.0,43.09,1411.2,68.0,1.91,132.0,3.71,152.0,4.27,183.0,5.14,261.0,7.34,469.0,13.18,917.0,25.77,712.0,20.01,664.0,18.66,2026
4725033000,경상북도,상주시,,낙동면,eupmyeondong,낙동면,3613,1953,54.05,1026,28.4,419,11.6,139.0,3.85,1521.0,42.1,1405.0,66.0,1.83,157.0,4.35,109.0,3.02,138.0,3.82,189.0,5.23,515.0,14.25,1012.0,28.01,728.0,20.15,699.0,19.35,2026
4725033500,경상북도,상주시,,낙동면동부출장소,eupmyeondong,상주시 낙동면동부출장소,3500,1200,34.29,540,15.43,144,4.11,,,,,,,,,,,,,,,,,,,,,,,,2026
4725034000,경상북도,상주시,,청리면,eupmyeondong,청리면,2339,1303,55.71,673,28.77,270,11.54,82.0,3.51,954.0,40.79,1589.0,44.0,1.88,97.0,4.15,71.0,3.04,96.0,4.1,133.0,5.69,340.0,14.54,613.0,26.21,513.0,21.93,432.0,18.47,2026
4725035000,경상북도,상주시,,공성면,eupmyeondong,공성면,3668,1994,54.36,976,26.61,328,8.94,114.0,3.11,1560.0,42.53,1749.1,41.0,1.12,279.0,7.61,98.0,2.67,125.0,3.41,253.0,6.9,464.0,12.65,963.0,26.25,847.0,23.09,598.0,16.3,2026
4725036000,경상북도,상주시,,외남면,eupmyeondong,외남면,1474,812,55.09,415,28.15,165,11.19,51.0,3.46,611.0,41.45,1592.2,21.0,1.42,58.0,3.93,44.0,2.99,48.0,3.26,88.0,5.97,214.0,14.52,411.0,27.88,307.0,20.83,283.0,19.2,2026
4725037000,경상북도,상주시,,내서면,eupmyeondong,내서면,1756,986,56.15,444,25.28,164,9.34,40.0,2.28,730.0,41.57,2465.0,18.0,1.03,49.0,2.79,42.0,2.39,64.0,3.64,99.0,5.64,239.0,13.61,584.0,33.26,365.0,20.79,296.0,16.86,2026
4725038000,경상북도,상주시,,모동면,eupmyeondong,모동면,2417,1140,47.17,470,19.45,135,5.59,93.0,3.85,1184.0,48.99,1225.8,36.0,1.49,186.0,7.7,84.0,3.48,100.0,4.14,182.0,7.53,361.0,14.94,695.0,28.75,489.0,20.23,284.0,11.75,2026
4725039000,경상북도,상주시,,모서면,eupmyeondong,모서면,2226,1172,52.65,524,23.54,199,8.94,71.0,3.19,983.0,44.16,1650.7,41.0,1.84,73.0,3.28,82.0,3.68,68.0,3.05,156.0,7.01,344.0,15.45,650.0,29.2,467.0,20.98,345.0,15.5,2026
4725039500,경상북도,상주시,,모서면서부출장소,eupmyeondong,상주시 모서면서부출장소,3500,1200,34.29,540,15.43,144,4.11,,,,,,,,,,,,,,,,,,,,,,,,2026
4725040000,경상북도,상주시,,화동면,eupmyeondong,화동면,1783,900,50.48,416,23.33,133,7.46,67.0,3.76,816.0,45.77,1343.3,39.0,2.19,84.0,4.71,65.0,3.65,80.0,4.49,124.0,6.95,256.0,14.36,527.0,29.56,348.0,19.52,260.0,14.58,2026
4725041000,경상북도,상주시,,화서면,eupmyeondong,화서면,2683,1214,45.25,555,20.69,203,7.57,206.0,7.68,1263.0,47.07,589.3,120.0,4.47,164.0,6.11,96.0,3.58,142.0,5.29,212.0,7.9,405.0,15.1,695.0,25.9,485.0,18.08,364.0,13.57,2026
4725042000,경상북도,상주시,,화북면,eupmyeondong,화북면,1402,717,51.14,316,22.54,116,8.27,42.0,3.0,643.0,45.86,1707.1,16.0,1.14,57.0,4.07,42.0,3.0,38.0,2.71,92.0,6.56,244.0,17.4,445.0,31.74,260.0,18.54,208.0,14.84,2026
4725042600,경상북도,상주시,,화북면서부출장소,eupmyeondong,상주시 화북면서부출장소,3500,1200,34.29,540,15.43,144,4.11,,,,,,,,,,,,,,,,,,,,,,,,2026
4725043000,경상북도,상주시,,외서면,eupmyeondong,외서면,2380,1269,53.32,624,26.22,216,9.08,87.0,3.66,1024.0,43.03,1458.6,33.0,1.39,112.0,4.71,70.0,2.94,80.0,3.36,163.0,6.85,368.0,15.46,650.0,27.31,525.0,22.06,379.0,15.92,2026
4725044000,경상북도,상주시,,은척면,eupmyeondong,은척면,1437,867,60.33,467,32.5,183,12.73,45.0,3.13,525.0,36.53,1926.7,25.0,1.74,46.0,3.2,43.0,2.99,37.0,2.57,67.0,4.66,192.0,13.36,372.0,25.89,345.0,24.01,310.0,21.57,2026
4725044500,경상북도,상주시,,은척면북부출장소,eupmyeondong,상주시 은척면북부출장소,3500,1200,34.29,540,15.43,144,4.11,,,,,,,,,,,,,,,,,,,,,,,,2026
4725045000,경상북도,상주시,,공검면,eupmyeondong,공검면,1879,1133,60.3,580,30.87,223,11.87,30.0,1.6,716.0,38.11,3776.7,11.0,0.59,53.0,2.82,63.0,3.35,72.0,3.83,114.0,6.07,259.0,13.78,468.0,24.91,473.0,25.17,366.0,19.48,2026
4725046000,경상북도,상주시,,이안면,eupmyeondong,이안면,1843,1032,56.0,576,31.25,214,11.61,68.0,3.69,743.0,40.31,1517.6,32.0,1.74,80.0,4.34,65.0,3.53,60.0,3.26,117.0,6.35,267.0,14.49,460.0,24.96,381.0,20.67,381.0,20.67,2026
4725047000,경상북도,상주시,,화남면,eupmyeondong,화남면,751,388,51.66,191,25.43,72,9.59,38.0,5.06,325.0,43.28,1021.1,25.0,3.33,29.0,3.86,24.0,3.2,24.0,3.2,40.0,5.33,106.0,14.11,228.0,30.36,152.0,20.24,123.0,16.38,2026
4725052000,경상북도,상주시,,남원동,eupmyeondong,남원동,10689,3085,28.86,1295,12.12,316,2.96,1018.0,9.52,6586.0,61.61,303.0,491.0,4.59,1196.0,11.19,850.0,7.95,884.0,8.27,1392.0,13.02,1849.0,17.3,1947.0,18.21,1383.0,12.94,697.0,6.52,2026
4725053000,경상북도,상주시,,북문동,eupmyeondong,북문동,9023,2336,25.89,876,9.71,253,2.8,962.0,10.66,5725.0,63.45,242.8,522.0,5.79,851.0,9.43,816.0,9.04,890.0,9.86,1294.0,14.34,1567.0,17.37,1575.0,17.46,1012.0,11.22,496.0,5.5,2026
4725054000,경상북도,상주시,,계림동,eupmyeondong,계림동,8613,2197,25.51,971,11.27,313,3.63,1032.0,11.98,5384.0,62.51,212.9,626.0,7.27,845.0,9.81,627.0,7.28,919.0,10.67,1171.0,13.6,1541.0,17.89,1401.0,16.27,891.0,10.34,592.0,6.87,2026
4725055000,경상북도,상주시,,동문동,eupmyeondong,동문동,7170,2244,31.3,1018,14.2,302,4.21,654.0,9.12,4272.0,59.58,343.1,326.0,4.55,636.0,8.87,549.0,7.66,567.0,7.91,834.0,11.63,1338.0,18.66,1366.0,19.05,950.0,13.25,604.0,8.42,2026
4725056000,경상북도,상주시,,동성동,eupmyeondong,동성동,3107,1243,40.01,560,18.02,161,5.18,159.0,5.12,1705.0,54.88,781.8,73.0,2.35,229.0,7.37,211.0,6.79,164.0,5.28,331.0,10.65,551.0,17.73,682.0,21.95,537.0,17.28,329.0,10.59,2026
4725057000,경상북도,상주시,,신흥동,eupmyeondong,신흥동,8108,2039,25.15,830,10.24,265,3.27,738.0,9.1,5331.0,65.75,276.3,390.0,4.81,859.0,10.59,1198.0,14.78,664.0,8.19,961.0,11.85,1331.0,16.42,1361.0,16.79,865.0,10.67,479.0,5.91,2026
4728000000,경상북도,문경시,,,sigungu,문경시,64662,25309,39.14,11594,17.93,3744,5.79,4544.0,7.03,34809.0,53.83,557.0,2331.0,3.6,4756.0,7.36,4233.0,6.55,4336.0,6.71,6688.0,10.34,10498.0,16.24,14111.0,21.82,10611.0,16.41,7098.0,10.98,2026
4728025000,경상북도,문경시,,문경읍,eupmyeondong,문경읍,6487,3019,46.54,1434,22.11,468,7.21,295.0,4.55,3173.0,48.91,1023.4,163.0,2.51,391.0,6.03,256.0,3.95,346.0,5.33,499.0,7.69,1036.0,15.97,1674.0,25.81,1219.0,18.79,903.0,13.92,2026
4728025100,경상북도,문경시,,문경읍갈평출장소,eupmyeondong,문경시 문경읍갈평출장소,3500,1200,34.29,540,15.43,144,4.11,,,,,,,,,,,,,,,,,,,,,,,,2026
4728025300,경상북도,문경시,,가은읍,eupmyeondong,가은읍,3727,1971,52.88,964,25.87,355,9.53,150.0,4.02,1606.0,43.09,1314.0,81.0,2.17,152.0,4.08,114.0,3.06,137.0,3.68,257.0,6.9,536.0,14.38,1078.0,28.92,737.0,19.77,635.0,17.04,2026
4728025400,경상북도,문경시,,가은읍북부출장소,eupmyeondong,문경시 가은읍북부출장소,3500,1200,34.29,540,15.43,144,4.11,,,,,,,,,,,,,,,,,,,,,,,,2026
4728029000,경상북도,문경시,,문경읍갈평출장소,eupmyeondong,문경시 문경읍갈평출장소,3500,1200,34.29,540,15.43,144,4.11,,,,,,,,,,,,,,,,,,,,,,,,2026
4728029100,경상북도,문경시,,가은읍북부출장소,eupmyeondong,문경시 가은읍북부출장소,3500,1200,34.29,540,15.43,144,4.11,,,,,,,,,,,,,,,,,,,,,,,,2026
4728031000,경상북도,문경시,,영순면,eupmyeondong,영순면,2220,1153,51.94,557,25.09,223,10.05,122.0,5.5,945.0,42.57,945.1,40.0,1.8,241.0,10.86,76.0,3.42,85.0,3.83,131.0,5.9,269.0,12.12,527.0,23.74,470.0,21.17,381.0,17.16,2026
4728032000,경상북도,문경시,,산양면,eupmyeondong,산양면,2832,1502,53.04,722,25.49,259,9.15,111.0,3.92,1219.0,43.04,1353.2,50.0,1.77,136.0,4.8,111.0,3.92,114.0,4.03,221.0,7.8,390.0,13.77,713.0,25.18,641.0,22.63,456.0,16.1,2026
4728033000,경상북도,문경시,,호계면,eupmyeondong,호계면,2145,1055,49.18,503,23.45,195,9.09,49.0,2.28,1041.0,48.53,2153.1,27.0,1.26,82.0,3.82,194.0,9.04,97.0,4.52,138.0,6.43,284.0,13.24,566.0,26.39,426.0,19.86,331.0,15.43,2026
4728034000,경상북도,문경시,,산북면,eupmyeondong,산북면,2488,1375,55.27,692,27.81,268,10.77,69.0,2.77,1044.0,41.96,1992.8,43.0,1.73,58.0,2.33,90.0,3.62,83.0,3.34,144.0,5.79,365.0,14.67,694.0,27.89,543.0,21.82,468.0,18.81,2026
4728035000,경상북도,문경시,,동로면,eupmyeondong,동로면,1821,968,53.16,412,22.62,146,8.02,83.0,4.56,770.0,42.28,1166.3,38.0,2.09,81.0,4.45,47.0,2.58,67.0,3.68,105.0,5.77,279.0,15.32,573.0,31.47,372.0,20.43,259.0,14.22,2026
4728036000,경상북도,문경시,,마성면,eupmyeondong,마성면,3228,1750,54.21,930,28.81,341,10.56,75.0,2.32,1403.0,43.46,2333.3,41.0,1.27,87.0,2.7,136.0,4.21,137.0,4.24,190.0,5.89,513.0,15.89,824.0,25.53,713.0,22.09,587.0,18.18,2026
4728037000,경상북도,문경시,,농암면,eupmyeondong,농암면,2401,1370,57.06,647,26.95,228,9.5,60.0,2.5,971.0,40.44,2283.3,22.0,0.92,69.0,2.87,72.0,3.0,78.0,3.25,128.0,5.33,338.0,14.08,723.0,30.11,537.0,22.37,434.0,18.08,2026
4728051500,경상북도,문경시,,점촌동,eupmyeondong,점촌1동,5092,1921,37.73,839,16.48,201,3.95,424.0,8.33,2747.0,53.95,453.1,218.0,4.28,366.0,7.19,307.0,6.03,433.0,8.5,589.0,11.57,785.0,15.42,1040.0,20.42,904.0,17.75,450.0,8.84,2026
4728052000,경상북도,문경시,,중앙동,eupmyeondong,중앙동,5474,1804,32.96,740,13.52,202,3.69,200.0,3.65,3470.0,63.39,902.0,111.0,2.03,222.0,4.06,655.0,11.97,614.0,11.22,509.0,9.3,996.0,18.2,1201.0,21.94,745.0,13.61,421.0,7.69,2026
4728053000,경상북도,문경시,,신흥동,eupmyeondong,신흥동,8108,2039,25.15,830,10.24,265,3.27,738.0,9.1,5331.0,65.75,276.3,390.0,4.81,859.0,10.59,1198.0,14.78,664.0,8.19,961.0,11.85,1331.0,16.42,1361.0,16.79,865.0,10.67,479.0,5.91,2026
4728054500,경상북도,문경시,,신평동,eupmyeondong,신평1동,4547,837,18.41,317,6.97,84,1.85,313.0,6.88,3397.0,74.71,267.4,216.0,4.75,215.0,4.73,801.0,17.62,846.0,18.61,547.0,12.03,719.0,15.81,670.0,14.73,358.0,7.87,175.0,3.85,2026
4728056000,경상북도,문경시,,모전동,eupmyeondong,문경시 모전동,3500,1200,34.29,540,15.43,144,4.11,,,,,,,,,,,,,,,,,,,,,,,,2026
4728057000,경상북도,문경시,,점촌1동,eupmyeondong,점촌1동,5092,1921,37.73,839,16.48,201,3.95,424.0,8.33,2747.0,53.95,453.1,218.0,4.28,366.0,7.19,307.0,6.03,433.0,8.5,589.0,11.57,785.0,15.42,1040.0,20.42,904.0,17.75,450.0,8.84,2026
4728058000,경상북도,문경시,,점촌2동,eupmyeondong,점촌2동,6265,2409,38.45,1104,17.62,310,4.95,479.0,7.65,3377.0,53.9,502.9,251.0,4.01,511.0,8.16,420.0,6.7,434.0,6.93,698.0,11.14,994.0,15.87,1248.0,19.92,1062.0,16.95,647.0,10.33,2026
4728059000,경상북도,문경시,,점촌3동,eupmyeondong,점촌3동,8027,2647,32.98,1120,13.95,313,3.9,664.0,8.27,4716.0,58.75,398.6,324.0,4.04,703.0,8.76,640.0,7.97,646.0,8.05,968.0,12.06,1348.0,16.79,1614.0,20.11,1154.0,14.38,630.0,7.85,2026
4728060000,경상북도,문경시,,점촌4동,eupmyeondong,점촌4동,2798,1300,46.46,628,22.44,201,7.18,130.0,4.65,1368.0,48.89,1000.0,73.0,2.61,110.0,3.93,124.0,4.43,186.0,6.65,261.0,9.33,458.0,16.37,674.0,24.09,522.0,18.66,390.0,13.94,2026
4728061000,경상북도,문경시,,점촌5동,eupmyeondong,점촌5동,15131,2869,18.96,1042,6.89,236,1.56,1833.0,12.11,10429.0,68.92,156.5,960.0,6.34,1769.0,11.69,1646.0,10.88,1493.0,9.87,2359.0,15.59,2903.0,19.19,2163.0,14.3,1311.0,8.66,527.0,3.48,2026
4729000000,경상북도,경산시,,,sigungu,경산시,263171,60067,22.82,24258,9.22,6516,2.48,24871.0,9.45,178233.0,67.73,241.5,13698.0,5.2,23226.0,8.83,32927.0,12.51,30197.0,11.47,35846.0,13.62,45661.0,17.35,42430.0,16.12,25671.0,9.75,13515.0,5.14,2026
4729025000,경상북도,경산시,,하양읍,eupmyeondong,하양읍,32866,6387,19.43,2740,8.34,739,2.25,3313.0,10.08,23166.0,70.49,192.8,1809.0,5.5,3305.0,10.06,5513.0,16.77,3915.0,11.91,4383.0,13.34,5327.0,16.21,4318.0,13.14,2737.0,8.33,1559.0,4.74,2026
4729025300,경상북도,경산시,,진량읍,eupmyeondong,진량읍,32605,6963,21.36,2823,8.66,776,2.38,2318.0,7.11,23324.0,71.54,300.4,1161.0,3.56,2684.0,8.23,4856.0,14.89,3103.0,9.52,4088.0,12.54,6863.0,21.05,5380.0,16.5,2839.0,8.71,1631.0,5.0,2026
4729025600,경상북도,경산시,,압량읍,eupmyeondong,압량읍,22073,3949,17.89,1533,6.95,433,1.96,2858.0,12.95,15266.0,69.16,138.2,1788.0,8.1,1828.0,8.28,2690.0,12.19,3726.0,16.88,3644.0,16.51,3058.0,13.85,2792.0,12.65,1669.0,7.56,878.0,3.98,2026
4729031000,경상북도,경산시,,와촌면,eupmyeondong,와촌면,5015,2282,45.5,976,19.46,317,6.32,161.0,3.21,2572.0,51.29,1417.4,93.0,1.85,158.0,3.15,261.0,5.2,311.0,6.2,408.0,8.14,868.0,17.31,1374.0,27.4,954.0,19.02,588.0,11.72,2026
4729033000,경상북도,경산시,,자인면,eupmyeondong,자인면,4959,2334,47.07,1040,20.97,307,6.19,139.0,2.8,2486.0,50.13,1679.1,80.0,1.61,182.0,3.67,287.0,5.79,313.0,6.31,406.0,8.19,785.0,15.83,1288.0,25.97,1036.0,20.89,582.0,11.74,2026
4729034000,경상북도,경산시,,용성면,eupmyeondong,용성면,3105,1716,55.27,757,24.38,217,6.99,61.0,1.96,1328.0,42.77,2813.1,31.0,1.0,80.0,2.58,97.0,3.12,137.0,4.41,180.0,5.8,452.0,14.56,945.0,30.43,763.0,24.57,420.0,13.53,2026
4729035000,경상북도,경산시,,남산면,eupmyeondong,남산면,3386,1727,51.0,798,23.57,268,7.91,117.0,3.46,1542.0,45.54,1476.1,41.0,1.21,163.0,4.81,128.0,3.78,153.0,4.52,254.0,7.5,502.0,14.83,944.0,27.88,734.0,21.68,467.0,13.79,2026
4729036000,경상북도,경산시,,압량면,eupmyeondong,압량읍,22073,3949,17.89,1533,6.95,433,1.96,2858.0,12.95,15266.0,69.16,138.2,1788.0,8.1,1828.0,8.28,2690.0,12.19,3726.0,16.88,3644.0,16.51,3058.0,13.85,2792.0,12.65,1669.0,7.56,878.0,3.98,2026
4729037000,경상북도,경산시,,남천면,eupmyeondong,남천면,2577,1313,50.95,611,23.71,171,6.64,73.0,2.83,1191.0,46.22,1798.6,32.0,1.24,87.0,3.38,105.0,4.07,128.0,4.97,192.0,7.45,386.0,14.98,699.0,27.12,621.0,24.1,327.0,12.69,2026
4729051000,경상북도,경산시,,중방동,eupmyeondong,중방동,10688,2684,25.11,963,9.01,220,2.06,772.0,7.22,7232.0,67.66,347.7,475.0,4.44,648.0,6.06,1237.0,11.57,1459.0,13.65,1228.0,11.49,1889.0,17.67,2068.0,19.35,1205.0,11.27,479.0,4.48,2026
4729052000,경상북도,경산시,,중앙동,eupmyeondong,중앙동,5474,1804,32.96,740,13.52,202,3.69,200.0,3.65,3470.0,63.39,902.0,111.0,2.03,222.0,4.06,655.0,11.97,614.0,11.22,509.0,9.3,996.0,18.2,1201.0,21.94,745.0,13.61,421.0,7.69,2026
4729053000,경상북도,경산시,,남부동,eupmyeondong,남부동,18082,4395,24.31,1821,10.07,454,2.51,2129.0,11.77,11558.0,63.92,206.4,1060.0,5.86,2020.0,11.17,1456.0,8.05,1742.0,9.63,2943.0,16.28,3131.0,17.32,2819.0,15.59,1920.0,10.62,991.0,5.48,2026
4729054000,경상북도,경산시,,서부동,eupmyeondong,서부동,4190,1715,40.93,795,18.97,225,5.37,156.0,3.72,2319.0,55.35,1099.4,81.0,1.93,207.0,4.94,320.0,7.64,290.0,6.92,361.0,8.62,750.0,17.9,967.0,23.08,721.0,17.21,493.0,11.77,2026
4729054100,경상북도,경산시,,서부1동,eupmyeondong,서부1동,29499,7024,23.81,2760,9.36,722,2.45,2737.0,9.28,19738.0,66.91,256.6,1193.0,4.04,3254.0,11.03,2889.0,9.79,2706.0,9.17,4290.0,14.54,5600.0,18.98,5026.0,17.04,3008.0,10.2,1533.0,5.2,2026
4729054200,경상북도,경산시,,서부2동,eupmyeondong,서부2동,41469,7599,18.32,2951,7.12,707,1.7,5805.0,14.0,28065.0,67.68,130.9,3740.0,9.02,3768.0,9.09,3817.0,9.2,6080.0,14.66,6390.0,15.41,6923.0,16.69,5919.0,14.27,3253.0,7.84,1579.0,3.81,2026
4729055000,경상북도,경산시,,북부동,eupmyeondong,북부동,16230,2826,17.41,1083,6.67,292,1.8,879.0,5.42,12525.0,77.17,321.5,549.0,3.38,966.0,5.95,4452.0,27.43,2193.0,13.51,1830.0,11.28,2292.0,14.12,2122.0,13.07,1244.0,7.66,582.0,3.59,2026
4729056000,경상북도,경산시,,동부동,eupmyeondong,동부동,35143,7064,20.1,2662,7.57,691,1.97,3309.0,9.42,24770.0,70.48,213.5,1535.0,4.37,3861.0,10.99,4484.0,12.76,3617.0,10.29,5101.0,14.51,6589.0,18.75,5535.0,15.75,2943.0,8.37,1478.0,4.21,2026
4772000000,경상북도,군위군,,,sigungu,군위군,3500,1200,34.29,540,15.43,144,4.11,,,,,,,,,,,,,,,,,,,,,,,,2026
4772025000,경상북도,군위군,,군위읍,eupmyeondong,군위군 군위읍,3500,1200,34.29,540,15.43,144,4.11,,,,,,,,,,,,,,,,,,,,,,,,2026
4772031000,경상북도,군위군,,소보면,eupmyeondong,군위군 소보면,3500,1200,34.29,540,15.43,144,4.11,,,,,,,,,,,,,,,,,,,,,,,,2026
4772032000,경상북도,군위군,,효령면,eupmyeondong,군위군 효령면,3500,1200,34.29,540,15.43,144,4.11,,,,,,,,,,,,,,,,,,,,,,,,2026
4772033000,경상북도,군위군,,부계면,eupmyeondong,군위군 부계면,3500,1200,34.29,540,15.43,144,4.11,,,,,,,,,,,,,,,,,,,,,,,,2026
4772034000,경상북도,군위군,,우보면,eupmyeondong,군위군 우보면,3500,1200,34.29,540,15.43,144,4.11,,,,,,,,,,,,,,,,,,,,,,,,2026
4772035000,경상북도,군위군,,의흥면,eupmyeondong,군위군 의흥면,3500,1200,34.29,540,15.43,144,4.11,,,,,,,,,,,,,,,,,,,,,,,,2026
4772036000,경상북도,군위군,,산성면,eupmyeondong,군위군 산성면,3500,1200,34.29,540,15.43,144,4.11,,,,,,,,,,,,,,,,,,,,,,,,2026
4772037000,경상북도,군위군,,고로면,eupmyeondong,군위군 고로면,3500,1200,34.29,540,15.43,144,4.11,,,,,,,,,,,,,,,,,,,,,,,,2026
4772038000,경상북도,군위군,,삼국유사면,eupmyeondong,군위군 삼국유사면,3500,1200,34.29,540,15.43,144,4.11,,,,,,,,,,,,,,,,,,,,,,,,2026
4773000000,경상북도,의성군,,,sigungu,의성군,47920,24059,50.21,11480,23.96,3899,8.14,2119.0,4.42,21742.0,45.37,1135.4,1265.0,2.64,2014.0,4.2,1861.0,3.88,2600.0,5.43,3723.0,7.77,6919.0,14.44,12320.0,25.71,9968.0,20.8,7250.0,15.13,2026
4773025000,경상북도,의성군,,의성읍,eupmyeondong,의성읍,12007,4437,36.95,1985,16.53,552,4.6,916.0,7.63,6654.0,55.42,484.4,480.0,4.0,948.0,7.9,781.0,6.5,944.0,7.86,1379.0,11.48,1918.0,15.97,2468.0,20.55,1968.0,16.39,1121.0,9.34,2026
4773031000,경상북도,의성군,,단촌면,eupmyeondong,단촌면,1820,1049,57.64,469,25.77,168,9.23,52.0,2.86,719.0,39.51,2017.3,41.0,2.25,42.0,2.31,42.0,2.31,73.0,4.01,121.0,6.65,239.0,13.13,526.0,28.9,412.0,22.64,324.0,17.8,2026
4773032000,경상북도,의성군,,점곡면,eupmyeondong,점곡면,1475,896,60.75,432,29.29,159,10.78,36.0,2.44,543.0,36.81,2488.9,22.0,1.49,27.0,1.83,34.0,2.31,61.0,4.14,70.0,4.75,189.0,12.81,419.0,28.41,381.0,25.83,272.0,18.44,2026
4773033000,경상북도,의성군,,옥산면,eupmyeondong,옥산면,1651,925,56.03,416,25.2,128,7.75,36.0,2.18,690.0,41.79,2569.4,27.0,1.64,28.0,1.7,34.0,2.06,55.0,3.33,90.0,5.45,255.0,15.45,519.0,31.44,386.0,23.38,257.0,15.57,2026
4773034000,경상북도,의성군,,사곡면,eupmyeondong,사곡면,1497,901,60.19,427,28.52,163,10.89,22.0,1.47,574.0,38.34,4095.5,15.0,1.0,24.0,1.6,39.0,2.61,41.0,2.74,61.0,4.07,204.0,13.63,463.0,30.93,358.0,23.91,292.0,19.51,2026
4773035000,경상북도,의성군,,춘산면,eupmyeondong,춘산면,1463,855,58.44,364,24.88,121,8.27,48.0,3.28,560.0,38.28,1781.2,26.0,1.78,55.0,3.76,24.0,1.64,49.0,3.35,81.0,5.54,183.0,12.51,492.0,33.63,326.0,22.28,227.0,15.52,2026
4773036000,경상북도,의성군,,가음면,eupmyeondong,가음면,1432,830,57.96,364,25.42,124,8.66,40.0,2.79,562.0,39.25,2075.0,24.0,1.68,29.0,2.03,30.0,2.09,66.0,4.61,79.0,5.52,189.0,13.2,455.0,31.77,339.0,23.67,221.0,15.43,2026
4773037000,경상북도,의성군,,금성면,eupmyeondong,금성면,3967,2184,55.05,1099,27.7,370,9.33,138.0,3.48,1645.0,41.47,1582.6,90.0,2.27,110.0,2.77,124.0,3.13,174.0,4.39,267.0,6.73,539.0,13.59,1041.0,26.24,946.0,23.85,676.0,17.04,2026
4773038000,경상북도,의성군,,봉양면,eupmyeondong,봉양면,3821,1827,47.81,829,21.7,279,7.3,154.0,4.03,1840.0,48.15,1186.4,98.0,2.56,220.0,5.76,167.0,4.37,207.0,5.42,313.0,8.19,578.0,15.13,926.0,24.23,782.0,20.47,530.0,13.87,2026
4773039000,경상북도,의성군,,비안면,eupmyeondong,비안면,2473,1391,56.25,695,28.1,245,9.91,93.0,3.76,989.0,39.99,1495.7,55.0,2.22,63.0,2.55,65.0,2.63,104.0,4.21,158.0,6.39,334.0,13.51,682.0,27.58,576.0,23.29,436.0,17.63,2026
4773040000,경상북도,의성군,,구천면,eupmyeondong,구천면,1631,957,58.68,465,28.51,177,10.85,38.0,2.33,636.0,38.99,2518.4,29.0,1.78,24.0,1.47,41.0,2.51,61.0,3.74,86.0,5.27,236.0,14.47,453.0,27.77,393.0,24.1,308.0,18.88,2026
4773041000,경상북도,의성군,,단밀면,eupmyeondong,단밀면,1598,858,53.69,458,28.66,177,11.08,42.0,2.63,698.0,43.68,2042.9,25.0,1.56,60.0,3.75,42.0,2.63,70.0,4.38,93.0,5.82,217.0,13.58,475.0,29.72,310.0,19.4,306.0,19.15,2026
4773042000,경상북도,의성군,,단북면,eupmyeondong,단북면,1619,916,56.58,468,28.91,172,10.62,39.0,2.41,664.0,41.01,2348.7,26.0,1.61,34.0,2.1,45.0,2.78,67.0,4.14,114.0,7.04,240.0,14.82,425.0,26.25,360.0,22.24,308.0,19.02,2026
4773043000,경상북도,의성군,,안계면,eupmyeondong,안계면,4238,1807,42.64,918,21.66,294,6.94,297.0,7.01,2134.0,50.35,608.4,184.0,4.34,212.0,5.0,210.0,4.96,337.0,7.95,421.0,9.93,632.0,14.91,914.0,21.57,754.0,17.79,574.0,13.54,2026
4773044000,경상북도,의성군,,다인면,eupmyeondong,다인면,3544,1997,56.35,1008,28.44,356,10.05,103.0,2.91,1444.0,40.74,1938.8,77.0,2.17,70.0,1.98,111.0,3.13,167.0,4.71,213.0,6.01,483.0,13.63,941.0,26.55,812.0,22.91,670.0,18.91,2026
4773045000,경상북도,의성군,,신평면,eupmyeondong,신평면,801,476,59.43,247,30.84,85,10.61,15.0,1.87,310.0,38.7,3173.3,10.0,1.25,18.0,2.25,14.0,1.75,22.0,2.75,37.0,4.62,124.0,15.48,227.0,28.34,174.0,21.72,175.0,21.85,2026
4773046000,경상북도,의성군,,안평면,eupmyeondong,안평면,2054,1257,61.2,582,28.33,223,10.86,33.0,1.61,764.0,37.2,3809.1,26.0,1.27,36.0,1.75,35.0,1.7,65.0,3.16,101.0,4.92,246.0,11.98,660.0,32.13,500.0,24.34,385.0,18.74,2026
4773047000,경상북도,의성군,,안사면,eupmyeondong,안사면,829,496,59.83,254,30.64,106,12.79,17.0,2.05,316.0,38.12,2917.6,10.0,1.21,14.0,1.69,23.0,2.77,37.0,4.46,39.0,4.7,113.0,13.63,234.0,28.23,191.0,23.04,168.0,20.27,2026
4775000000,경상북도,청송군,,,sigungu,청송군,24437,10948,44.8,5131,21.0,1684,6.89,1198.0,4.9,12291.0,50.3,913.9,714.0,2.92,1026.0,4.2,1284.0,5.25,1618.0,6.62,2057.0,8.42,3902.0,15.97,6130.0,25.08,4494.0,18.39,3212.0,13.14,2026
4775025000,경상북도,청송군,,청송읍,eupmyeondong,청송읍,5104,1813,35.52,823,16.12,274,5.37,353.0,6.92,2938.0,57.56,513.6,194.0,3.8,312.0,6.11,382.0,7.48,415.0,8.13,525.0,10.29,920.0,18.03,1111.0,21.77,734.0,14.38,511.0,10.01,2026
4775031000,경상북도,청송군,,부동면,eupmyeondong,부항면,1168,670,57.36,311,26.63,128,10.96,21.0,1.8,477.0,40.84,3190.5,7.0,0.6,41.0,3.51,28.0,2.4,40.0,3.42,66.0,5.65,168.0,14.38,350.0,29.97,255.0,21.83,213.0,18.24,2026
4775031500,경상북도,청송군,,부동면,eupmyeondong,부항면,1168,670,57.36,311,26.63,128,10.96,21.0,1.8,477.0,40.84,3190.5,7.0,0.6,41.0,3.51,28.0,2.4,40.0,3.42,66.0,5.65,168.0,14.38,350.0,29.97,255.0,21.83,213.0,18.24,2026
4775032000,경상북도,청송군,,부남면,eupmyeondong,부남면,2388,1277,53.48,608,25.46,189,7.91,80.0,3.35,1031.0,43.17,1596.2,52.0,2.18,81.0,3.39,72.0,3.02,92.0,3.85,139.0,5.82,351.0,14.7,693.0,29.02,525.0,21.98,383.0,16.04,2026
4775033000,경상북도,청송군,,현동면,eupmyeondong,현동면,2025,933,46.07,471,23.26,159,7.85,106.0,5.23,986.0,48.69,880.2,64.0,3.16,84.0,4.15,84.0,4.15,83.0,4.1,162.0,8.0,344.0,16.99,523.0,25.83,396.0,19.56,285.0,14.07,2026
4775034000,경상북도,청송군,,현서면,eupmyeondong,현서면,2496,1262,50.56,552,22.12,172,6.89,87.0,3.49,1147.0,45.95,1450.6,60.0,2.4,85.0,3.41,89.0,3.57,123.0,4.93,182.0,7.29,352.0,14.1,738.0,29.57,536.0,21.47,331.0,13.26,2026
4775035000,경상북도,청송군,,안덕면,eupmyeondong,안덕면,2485,1323,53.24,647,26.04,216,8.69,84.0,3.38,1078.0,43.38,1575.0,46.0,1.85,86.0,3.46,84.0,3.38,96.0,3.86,144.0,5.79,369.0,14.85,716.0,28.81,527.0,21.21,417.0,16.78,2026
4775036000,경상북도,청송군,,파천면,eupmyeondong,파천면,1688,939,55.63,445,26.36,163,9.66,53.0,3.14,696.0,41.23,1771.7,28.0,1.66,52.0,3.08,57.0,3.38,82.0,4.86,122.0,7.23,224.0,13.27,454.0,26.9,380.0,22.51,289.0,17.12,2026
4775037000,경상북도,청송군,,진보면,eupmyeondong,진보면,6457,2471,38.27,1153,17.86,378,5.85,394.0,6.1,3592.0,55.63,627.2,246.0,3.81,282.0,4.37,458.0,7.09,626.0,9.69,668.0,10.35,1064.0,16.48,1364.0,21.12,1025.0,15.87,724.0,11.21,2026
4776000000,경상북도,영양군,,,sigungu,영양군,15973,7049,44.13,3357,21.02,1142,7.15,789.0,4.94,8135.0,50.93,893.4,401.0,2.51,868.0,5.43,895.0,5.6,944.0,5.91,1351.0,8.46,2579.0,16.15,3969.0,24.85,2787.0,17.45,2179.0,13.64,2026
4776025000,경상북도,영양군,,영양읍,eupmyeondong,영양읍,7107,2400,33.77,1101,15.49,349,4.91,520.0,7.32,4187.0,58.91,461.5,273.0,3.84,549.0,7.72,542.0,7.63,624.0,8.78,821.0,11.55,1214.0,17.08,1419.0,19.97,979.0,13.78,686.0,9.65,2026
4776031000,경상북도,영양군,,입암면,eupmyeondong,입암면,2036,1052,51.67,505,24.8,173,8.5,69.0,3.39,915.0,44.94,1524.6,30.0,1.47,86.0,4.22,74.0,3.63,83.0,4.08,152.0,7.47,293.0,14.39,579.0,28.44,418.0,20.53,321.0,15.77,2026
4776032000,경상북도,영양군,,청기면,eupmyeondong,청기면,1601,938,58.59,462,28.86,153,9.56,42.0,2.62,621.0,38.79,2233.3,20.0,1.25,42.0,2.62,47.0,2.94,49.0,3.06,74.0,4.62,218.0,13.62,472.0,29.48,359.0,22.42,320.0,19.99,2026
4776032500,경상북도,영양군,,청기면당동출장소,eupmyeondong,영양군 청기면당동출장소,3500,1200,34.29,540,15.43,144,4.11,,,,,,,,,,,,,,,,,,,,,,,,2026
4776032600,경상북도,영양군,,청기면당리출장소,eupmyeondong,영양군 청기면당리출장소,3500,1200,34.29,540,15.43,144,4.11,,,,,,,,,,,,,,,,,,,,,,,,2026
4776033000,경상북도,영양군,,일월면,eupmyeondong,일월면,1689,861,50.98,411,24.33,162,9.59,45.0,2.66,783.0,46.36,1913.3,22.0,1.3,49.0,2.9,80.0,4.74,66.0,3.91,85.0,5.03,264.0,15.63,511.0,30.25,325.0,19.24,287.0,16.99,2026
4776034000,경상북도,영양군,,수비면,eupmyeondong,수비면,1630,800,49.08,400,24.54,149,9.14,55.0,3.37,775.0,47.55,1454.5,26.0,1.6,74.0,4.54,77.0,4.72,53.0,3.25,114.0,6.99,282.0,17.3,433.0,26.56,317.0,19.45,254.0,15.58,2026
4776035000,경상북도,영양군,,석보면,eupmyeondong,석보면,1910,998,52.25,478,25.03,156,8.17,58.0,3.04,854.0,44.71,1720.7,30.0,1.57,68.0,3.56,75.0,3.93,69.0,3.61,105.0,5.5,308.0,16.13,555.0,29.06,389.0,20.37,311.0,16.28,2026
4777000000,경상북도,영덕군,,,sigungu,영덕군,32536,14979,46.04,7443,22.88,2465,7.58,1691.0,5.2,15866.0,48.76,885.8,882.0,2.71,1701.0,5.23,1511.0,4.64,1795.0,5.52,2912.0,8.95,5190.0,15.95,7679.0,23.6,6114.0,18.79,4752.0,14.61,2026
4777025000,경상북도,영덕군,,영덕읍,eupmyeondong,영덕읍,10057,3283,32.64,1469,14.61,445,4.42,837.0,8.32,5937.0,59.03,392.2,425.0,4.23,818.0,8.13,681.0,6.77,831.0,8.26,1224.0,12.17,1836.0,18.26,1969.0,19.58,1399.0,13.91,874.0,8.69,2026
4777031000,경상북도,영덕군,,강구면,eupmyeondong,강구면,5399,2588,47.93,1232,22.82,328,6.08,222.0,4.11,2589.0,47.95,1165.8,120.0,2.22,241.0,4.46,233.0,4.32,275.0,5.09,469.0,8.69,907.0,16.8,1318.0,24.41,1082.0,20.04,754.0,13.97,2026
4777032000,경상북도,영덕군,,남정면,eupmyeondong,남정면,2172,1217,56.03,637,29.33,218,10.04,43.0,1.98,912.0,41.99,2830.2,29.0,1.34,42.0,1.93,65.0,2.99,76.0,3.5,134.0,6.17,323.0,14.87,594.0,27.35,507.0,23.34,402.0,18.51,2026
4777033000,경상북도,영덕군,,달산면,eupmyeondong,달산면,1059,637,60.15,325,30.69,133,12.56,23.0,2.17,399.0,37.68,2769.6,18.0,1.7,16.0,1.51,22.0,2.08,31.0,2.93,58.0,5.48,134.0,12.65,316.0,29.84,240.0,22.66,224.0,21.15,2026
4777034000,경상북도,영덕군,,지품면,eupmyeondong,지품면,1884,1110,58.92,548,29.09,188,9.98,52.0,2.76,722.0,38.32,2134.6,36.0,1.91,39.0,2.07,42.0,2.23,66.0,3.5,88.0,4.67,265.0,14.07,547.0,29.03,431.0,22.88,370.0,19.64,2026
4777034500,경상북도,영덕군,,지품면원전출장소,eupmyeondong,영덕군 지품면원전출장소,3500,1200,34.29,540,15.43,144,4.11,,,,,,,,,,,,,,,,,,,,,,,,2026
4777035000,경상북도,영덕군,,축산면,eupmyeondong,축산면,2328,1275,54.77,681,29.25,217,9.32,76.0,3.26,977.0,41.97,1677.6,37.0,1.59,87.0,3.74,70.0,3.01,82.0,3.52,150.0,6.44,329.0,14.13,628.0,26.98,527.0,22.64,418.0,17.96,2026
4777035500,경상북도,영덕군,,축산면축산출장소,eupmyeondong,영덕군 축산면축산출장소,3500,1200,34.29,540,15.43,144,4.11,,,,,,,,,,,,,,,,,,,,,,,,2026
4777036000,경상북도,영덕군,,영해면,eupmyeondong,영해면,5722,2531,44.23,1291,22.56,450,7.86,364.0,6.36,2827.0,49.41,695.3,177.0,3.09,363.0,6.34,306.0,5.35,312.0,5.45,555.0,9.7,872.0,15.24,1267.0,22.14,1050.0,18.35,820.0,14.33,2026
4777037000,경상북도,영덕군,,병곡면,eupmyeondong,병곡면,2448,1397,57.07,765,31.25,302,12.34,55.0,2.25,996.0,40.69,2540.0,31.0,1.27,72.0,2.94,67.0,2.74,94.0,3.84,161.0,6.58,341.0,13.93,628.0,25.65,522.0,21.32,532.0,21.73,2026
4777038000,경상북도,영덕군,,창수면,eupmyeondong,창수면,1467,941,64.14,495,33.74,184,12.54,19.0,1.3,507.0,34.56,4952.6,9.0,0.61,23.0,1.57,25.0,1.7,28.0,1.91,73.0,4.98,183.0,12.47,412.0,28.08,356.0,24.27,358.0,24.4,2026
4782000000,경상북도,청도군,,,sigungu,청도군,39989,19070,47.69,8696,21.75,2831,7.08,1831.0,4.58,19088.0,47.73,1041.5,981.0,2.45,1958.0,4.9,1613.0,4.03,2091.0,5.23,3467.0,8.67,6159.0,15.4,10379.0,25.95,8169.0,20.43,5172.0,12.93,2026
4782012000,경상북도,청도군,,청도읍,eupmyeondong,청도읍,10874,4650,42.76,2011,18.49,597,5.49,564.0,5.19,5660.0,52.05,824.5,295.0,2.71,654.0,6.01,532.0,4.89,652.0,6.0,1113.0,10.24,1870.0,17.2,2546.0,23.41,2041.0,18.77,1171.0,10.77,2026
4782025000,경상북도,청도군,,화양읍,eupmyeondong,화양읍,7848,2963,37.75,1336,17.02,450,5.73,599.0,7.63,4286.0,54.61,494.7,312.0,3.98,604.0,7.7,460.0,5.86,511.0,6.51,929.0,11.84,1281.0,16.32,1729.0,22.03,1254.0,15.98,768.0,9.79,2026
4782025100,경상북도,청도군,,화양읍남성현출장,eupmyeondong,청도군 화양읍남성현출장,3500,1200,34.29,540,15.43,144,4.11,,,,,,,,,,,,,,,,,,,,,,,,2026
4782025300,경상북도,청도군,,청도읍,eupmyeondong,청도읍,10874,4650,42.76,2011,18.49,597,5.49,564.0,5.19,5660.0,52.05,824.5,295.0,2.71,654.0,6.01,532.0,4.89,652.0,6.0,1113.0,10.24,1870.0,17.2,2546.0,23.41,2041.0,18.77,1171.0,10.77,2026
4782025400,경상북도,청도군,,청도읍유호출장소,eupmyeondong,청도군 청도읍유호출장소,3500,1200,34.29,540,15.43,144,4.11,,,,,,,,,,,,,,,,,,,,,,,,2026
4782029000,경상북도,청도군,,화양읍남성현출장,eupmyeondong,청도군 화양읍남성현출장,3500,1200,34.29,540,15.43,144,4.11,,,,,,,,,,,,,,,,,,,,,,,,2026
4782029100,경상북도,청도군,,청도읍유호출장소,eupmyeondong,청도군 청도읍유호출장소,3500,1200,34.29,540,15.43,144,4.11,,,,,,,,,,,,,,,,,,,,,,,,2026
4782031000,경상북도,청도군,,각남면,eupmyeondong,각남면,2108,1185,56.21,598,28.37,202,9.58,64.0,3.04,859.0,40.75,1851.6,36.0,1.71,61.0,2.89,61.0,2.89,94.0,4.46,135.0,6.4,297.0,14.09,589.0,27.94,475.0,22.53,360.0,17.08,2026
4782032000,경상북도,청도군,,풍각면,eupmyeondong,풍각면,3644,1891,51.89,838,23.0,294,8.07,135.0,3.7,1618.0,44.4,1400.7,89.0,2.44,139.0,3.81,103.0,2.83,200.0,5.49,266.0,7.3,490.0,13.45,1047.0,28.73,800.0,21.95,510.0,14.0,2026
4782033000,경상북도,청도군,,각북면,eupmyeondong,각북면,2283,1235,54.1,545,23.87,176,7.71,69.0,3.02,979.0,42.88,1789.9,38.0,1.66,62.0,2.72,61.0,2.67,111.0,4.86,141.0,6.18,316.0,13.84,705.0,30.88,506.0,22.16,343.0,15.02,2026
4782034000,경상북도,청도군,,이서면,eupmyeondong,이서면,4420,2191,49.57,1030,23.3,323,7.31,214.0,4.84,2015.0,45.59,1023.8,106.0,2.4,234.0,5.29,166.0,3.76,200.0,4.52,372.0,8.42,640.0,14.48,1145.0,25.9,962.0,21.76,595.0,13.46,2026
4782035000,경상북도,청도군,,운문면,eupmyeondong,운문면,1914,1053,55.02,488,25.5,181,9.46,40.0,2.09,821.0,42.89,2632.5,21.0,1.1,36.0,1.88,51.0,2.66,67.0,3.5,115.0,6.01,300.0,15.67,586.0,30.62,416.0,21.73,322.0,16.82,2026
4782036000,경상북도,청도군,,금천면,eupmyeondong,금천면,3199,1819,56.86,882,27.57,277,8.66,74.0,2.31,1306.0,40.83,2458.1,43.0,1.34,79.0,2.47,86.0,2.69,109.0,3.41,179.0,5.6,464.0,14.5,914.0,28.57,804.0,25.13,521.0,16.29,2026
4782037000,경상북도,청도군,,매전면,eupmyeondong,매전면,3699,2083,56.31,968,26.17,331,8.95,72.0,1.95,1544.0,41.74,2893.1,41.0,1.11,89.0,2.41,93.0,2.51,147.0,3.97,217.0,5.87,501.0,13.54,1118.0,30.22,911.0,24.63,582.0,15.73,2026
4783000000,경상북도,고령군,,,sigungu,고령군,29472,12211,41.43,5376,18.24,1746,5.92,1564.0,5.31,15697.0,53.26,780.8,832.0,2.82,1600.0,5.43,1633.0,5.54,1858.0,6.3,2804.0,9.51,5138.0,17.43,7270.0,24.67,5077.0,17.23,3260.0,11.06,2026
4783025000,경상북도,고령군,,고령읍,eupmyeondong,고령군 고령읍,3500,1200,34.29,540,15.43,144,4.11,,,,,,,,,,,,,,,,,,,,,,,,2026
4783025300,경상북도,고령군,,대가야읍,eupmyeondong,대가야읍,9154,3091,33.77,1341,14.65,396,4.33,669.0,7.31,5394.0,58.93,462.0,328.0,3.58,700.0,7.65,658.0,7.19,647.0,7.07,1014.0,11.08,1800.0,19.66,1890.0,20.65,1331.0,14.54,786.0,8.59,2026
4783031000,경상북도,고령군,,덕곡면,eupmyeondong,덕곡면,1393,779,55.92,363,26.06,146,10.48,47.0,3.37,567.0,40.7,1657.4,19.0,1.36,53.0,3.8,40.0,2.87,56.0,4.02,84.0,6.03,188.0,13.5,393.0,28.21,315.0,22.61,245.0,17.59,2026
4783032000,경상북도,고령군,,운수면,eupmyeondong,운수면,1712,926,54.09,429,25.06,159,9.29,37.0,2.16,749.0,43.75,2502.7,27.0,1.58,31.0,1.81,48.0,2.8,88.0,5.14,114.0,6.66,245.0,14.31,506.0,29.56,370.0,21.61,283.0,16.53,2026
4783033000,경상북도,고령군,,성산면,eupmyeondong,성산면,2422,1169,48.27,501,20.69,158,6.52,76.0,3.14,1177.0,48.6,1538.2,41.0,1.69,66.0,2.73,82.0,3.39,150.0,6.19,221.0,9.12,371.0,15.32,726.0,29.98,475.0,19.61,290.0,11.97,2026
4783034000,경상북도,고령군,,다산면,eupmyeondong,다산면,8382,2790,33.29,1083,12.92,308,3.67,555.0,6.62,5037.0,60.09,502.7,306.0,3.65,591.0,7.05,615.0,7.34,658.0,7.85,969.0,11.56,1550.0,18.49,1887.0,22.51,1196.0,14.27,610.0,7.28,2026
4783035000,경상북도,고령군,,개진면,eupmyeondong,개진면,1789,928,51.87,436,24.37,142,7.94,42.0,2.35,819.0,45.78,2209.5,26.0,1.45,37.0,2.07,52.0,2.91,93.0,5.2,107.0,5.98,287.0,16.04,540.0,30.18,375.0,20.96,272.0,15.2,2026
4783036000,경상북도,고령군,,우곡면,eupmyeondong,우곡면,1520,826,54.34,424,27.89,151,9.93,33.0,2.17,661.0,43.49,2503.0,24.0,1.58,29.0,1.91,46.0,3.03,53.0,3.49,99.0,6.51,243.0,15.99,414.0,27.24,357.0,23.49,255.0,16.78,2026
4783037000,경상북도,고령군,,쌍림면,eupmyeondong,쌍림면,3100,1702,54.9,799,25.77,286,9.23,105.0,3.39,1293.0,41.71,1621.0,61.0,1.97,93.0,3.0,92.0,2.97,113.0,3.65,196.0,6.32,454.0,14.65,914.0,29.48,658.0,21.23,519.0,16.74,2026
4784000000,경상북도,성주군,,,sigungu,성주군,40374,17281,42.8,7328,18.15,2238,5.54,2061.0,5.1,21032.0,52.09,838.5,1204.0,2.98,1936.0,4.8,1816.0,4.5,2706.0,6.7,3768.0,9.33,6637.0,16.44,10701.0,26.5,7413.0,18.36,4193.0,10.39,2026
4784025000,경상북도,성주군,,성주읍,eupmyeondong,성주읍,13001,3732,28.71,1566,12.05,444,3.42,1214.0,9.34,8055.0,61.96,307.4,685.0,5.27,1167.0,8.98,946.0,7.28,1263.0,9.71,1662.0,12.78,2342.0,18.01,2478.0,19.06,1580.0,12.15,878.0,6.75,2026
4784031000,경상북도,성주군,,선남면,eupmyeondong,선남면,5721,2595,45.36,1053,18.41,279,4.88,192.0,3.36,2934.0,51.28,1351.6,138.0,2.41,166.0,2.9,202.0,3.53,377.0,6.59,466.0,8.15,911.0,15.92,1762.0,30.8,1115.0,19.49,584.0,10.21,2026
4784032000,경상북도,성주군,,용암면,eupmyeondong,용암면,3446,1696,49.22,667,19.36,203,5.89,87.0,2.52,1663.0,48.26,1949.4,47.0,1.36,87.0,2.52,99.0,2.87,178.0,5.17,257.0,7.46,590.0,17.12,1052.0,30.53,751.0,21.79,385.0,11.17,2026
4784033000,경상북도,성주군,,수륜면,eupmyeondong,수륜면,3102,1616,52.1,712,22.95,248,7.99,101.0,3.26,1385.0,44.65,1600.0,50.0,1.61,100.0,3.22,75.0,2.42,129.0,4.16,244.0,7.87,445.0,14.35,941.0,30.34,695.0,22.4,423.0,13.64,2026
4784034000,경상북도,성주군,,가천면,eupmyeondong,가천면,1866,1006,53.91,426,22.83,153,8.2,50.0,2.68,810.0,43.41,2012.0,30.0,1.61,35.0,1.88,53.0,2.84,78.0,4.18,105.0,5.63,288.0,15.43,597.0,31.99,412.0,22.08,268.0,14.36,2026
4784035000,경상북도,성주군,,금수면,eupmyeondong,금수강산면,1159,611,52.72,300,25.88,109,9.4,19.0,1.64,529.0,45.64,3215.8,11.0,0.95,26.0,2.24,27.0,2.33,55.0,4.75,73.0,6.3,172.0,14.84,348.0,30.03,273.0,23.55,174.0,15.01,2026
4784035500,경상북도,성주군,,금수강산면,eupmyeondong,금수강산면,1159,611,52.72,300,25.88,109,9.4,19.0,1.64,529.0,45.64,3215.8,11.0,0.95,26.0,2.24,27.0,2.33,55.0,4.75,73.0,6.3,172.0,14.84,348.0,30.03,273.0,23.55,174.0,15.01,2026
4784036000,경상북도,성주군,,대가면,eupmyeondong,대가면,2227,1164,52.27,535,24.02,170,7.63,50.0,2.25,1013.0,45.49,2328.0,26.0,1.17,68.0,3.05,86.0,3.86,115.0,5.16,147.0,6.6,358.0,16.08,622.0,27.93,495.0,22.23,310.0,13.92,2026
4784037000,경상북도,성주군,,벽진면,eupmyeondong,벽진면,2742,1474,53.76,621,22.65,177,6.46,75.0,2.74,1193.0,43.51,1965.3,52.0,1.9,60.0,2.19,78.0,2.84,126.0,4.6,197.0,7.18,383.0,13.97,851.0,31.04,648.0,23.63,347.0,12.65,2026
4784038000,경상북도,성주군,,초전면,eupmyeondong,초전면,4026,1893,47.02,814,20.22,260,6.46,159.0,3.95,1974.0,49.03,1190.6,97.0,2.41,125.0,3.1,151.0,3.75,221.0,5.49,352.0,8.74,666.0,16.54,1134.0,28.17,811.0,20.14,469.0,11.65,2026
4784039000,경상북도,성주군,,월항면,eupmyeondong,월항면,3084,1494,48.44,634,20.56,195,6.32,114.0,3.7,1476.0,47.86,1310.5,68.0,2.2,102.0,3.31,99.0,3.21,164.0,5.32,265.0,8.59,482.0,15.63,916.0,29.7,633.0,20.53,355.0,11.51,2026
4785000000,경상북도,칠곡군,,,sigungu,칠곡군,103539,23903,23.09,9691,9.36,3015,2.91,9558.0,9.23,70078.0,67.68,250.1,4483.0,4.33,10205.0,9.86,8102.0,7.83,9520.0,9.19,16934.0,16.36,21076.0,20.36,17854.0,17.24,9559.0,9.23,5806.0,5.61,2026
4785025000,경상북도,칠곡군,,왜관읍,eupmyeondong,왜관읍,29631,7445,25.13,3052,10.3,968,3.27,2602.0,8.78,19584.0,66.09,286.1,1236.0,4.17,2839.0,9.58,2551.0,8.61,2575.0,8.69,3957.0,13.35,6180.0,20.86,5515.0,18.61,2915.0,9.84,1863.0,6.29,2026
4785025300,경상북도,칠곡군,,북삼읍,eupmyeondong,북삼읍,22081,3707,16.79,1352,6.12,367,1.66,1936.0,8.77,16438.0,74.44,191.5,813.0,3.68,2495.0,11.3,2029.0,9.19,1709.0,7.74,3613.0,16.36,5552.0,25.14,3657.0,16.56,1462.0,6.62,751.0,3.4,2026
4785025600,경상북도,칠곡군,,석적읍,eupmyeondong,석적읍,29098,2689,9.24,907,3.12,256,0.88,4243.0,14.58,22166.0,76.18,63.4,2069.0,7.11,4027.0,13.84,2467.0,8.48,3949.0,13.57,7453.0,25.61,5185.0,17.82,2335.0,8.02,1103.0,3.79,510.0,1.75,2026
4785031000,경상북도,칠곡군,,지천면,eupmyeondong,지천면,3622,1897,52.37,892,24.63,302,8.34,69.0,1.91,1656.0,45.72,2749.3,29.0,0.8,76.0,2.1,155.0,4.28,165.0,4.56,253.0,6.99,602.0,16.62,1001.0,27.64,781.0,21.56,560.0,15.46,2026
4785032000,경상북도,칠곡군,,동명면,eupmyeondong,동명면,4834,2433,50.33,1064,22.01,367,7.59,132.0,2.73,2269.0,46.94,1843.2,71.0,1.47,123.0,2.54,165.0,3.41,257.0,5.32,345.0,7.14,749.0,15.49,1498.0,30.99,963.0,19.92,663.0,13.72,2026
4785033000,경상북도,칠곡군,,가산면,eupmyeondong,가산면,3115,1549,49.73,652,20.93,190,6.1,71.0,2.28,1495.0,47.99,2181.7,45.0,1.44,67.0,2.15,104.0,3.34,170.0,5.46,231.0,7.42,513.0,16.47,923.0,29.63,676.0,21.7,386.0,12.39,2026
4785034000,경상북도,칠곡군,,석적면,eupmyeondong,석적읍,29098,2689,9.24,907,3.12,256,0.88,4243.0,14.58,22166.0,76.18,63.4,2069.0,7.11,4027.0,13.84,2467.0,8.48,3949.0,13.57,7453.0,25.61,5185.0,17.82,2335.0,8.02,1103.0,3.79,510.0,1.75,2026
4785035000,경상북도,칠곡군,,북삼면,eupmyeondong,북삼읍,22081,3707,16.79,1352,6.12,367,1.66,1936.0,8.77,16438.0,74.44,191.5,813.0,3.68,2495.0,11.3,2029.0,9.19,1709.0,7.74,3613.0,16.36,5552.0,25.14,3657.0,16.56,1462.0,6.62,751.0,3.4,2026
4785036000,경상북도,칠곡군,,약목면,eupmyeondong,약목면,8342,3070,36.8,1288,15.44,388,4.65,315.0,3.78,4957.0,59.42,974.6,139.0,1.67,402.0,4.82,522.0,6.26,512.0,6.14,776.0,9.3,1817.0,21.78,2189.0,26.24,1219.0,14.61,766.0,9.18,2026
4785037000,경상북도,칠곡군,,기산면,eupmyeondong,기산면,2816,1113,39.52,484,17.19,177,6.29,190.0,6.75,1513.0,53.73,585.8,81.0,2.88,176.0,6.25,109.0,3.87,183.0,6.5,306.0,10.87,478.0,16.97,736.0,26.14,440.0,15.62,307.0,10.9,2026
4790000000,경상북도,예천군,,,sigungu,예천군,53340,18892,35.42,9053,16.97,3300,6.19,5894.0,11.05,28554.0,53.53,320.5,3408.0,6.39,4692.0,8.8,3109.0,5.83,4856.0,9.1,6627.0,12.42,7347.0,13.77,9750.0,18.28,7736.0,14.5,5815.0,10.9,2026
4790025000,경상북도,예천군,,예천읍,eupmyeondong,예천읍,13358,5142,38.49,2282,17.08,696,5.21,950.0,7.11,7266.0,54.39,541.3,461.0,3.45,1051.0,7.87,923.0,6.91,899.0,6.73,1389.0,10.4,2190.0,16.39,2814.0,21.07,2319.0,17.36,1312.0,9.82,2026
4790025300,경상북도,예천군,,호명읍,eupmyeondong,호명읍,20803,2467,11.86,952,4.58,307,1.48,4393.0,21.12,13943.0,67.02,56.2,2656.0,12.77,3043.0,14.63,1459.0,7.01,3241.0,15.58,4105.0,19.73,2782.0,13.37,1974.0,9.49,944.0,4.54,599.0,2.88,2026
4790031000,경상북도,예천군,,용문면,eupmyeondong,용문면,2036,1216,59.72,666,32.71,271,13.31,56.0,2.75,764.0,37.52,2171.4,28.0,1.38,71.0,3.49,64.0,3.14,58.0,2.85,121.0,5.94,240.0,11.79,525.0,25.79,469.0,23.04,460.0,22.59,2026
4790032000,경상북도,예천군,,상리면,eupmyeondong,예천군 상리면,3500,1200,34.29,540,15.43,144,4.11,,,,,,,,,,,,,,,,,,,,,,,,2026
4790033000,경상북도,예천군,,하리면,eupmyeondong,예천군 하리면,3500,1200,34.29,540,15.43,144,4.11,,,,,,,,,,,,,,,,,,,,,,,,2026
4790034000,경상북도,예천군,,감천면,eupmyeondong,감천면,2341,1434,61.26,715,30.54,287,12.26,55.0,2.35,852.0,36.39,2607.3,30.0,1.28,62.0,2.65,62.0,2.65,87.0,3.72,114.0,4.87,290.0,12.39,636.0,27.17,573.0,24.48,487.0,20.8,2026
4790035000,경상북도,예천군,,보문면,eupmyeondong,보문면,1471,878,59.69,444,30.18,178,12.1,50.0,3.4,543.0,36.91,1756.0,24.0,1.63,45.0,3.06,43.0,2.92,46.0,3.13,92.0,6.25,164.0,11.15,414.0,28.14,334.0,22.71,309.0,21.01,2026
4790036000,경상북도,예천군,,호명면,eupmyeondong,호명읍,20803,2467,11.86,952,4.58,307,1.48,4393.0,21.12,13943.0,67.02,56.2,2656.0,12.77,3043.0,14.63,1459.0,7.01,3241.0,15.58,4105.0,19.73,2782.0,13.37,1974.0,9.49,944.0,4.54,599.0,2.88,2026
4790037000,경상북도,예천군,,유천면,eupmyeondong,유천면,2311,1096,47.43,604,26.14,253,10.95,141.0,6.1,1074.0,46.47,777.3,92.0,3.98,95.0,4.11,212.0,9.17,194.0,8.39,167.0,7.23,236.0,10.21,475.0,20.55,418.0,18.09,422.0,18.26,2026
4790038000,경상북도,예천군,,용궁면,eupmyeondong,용궁면,2142,1271,59.34,669,31.23,243,11.34,55.0,2.57,816.0,38.1,2310.9,27.0,1.26,68.0,3.17,59.0,2.75,71.0,3.31,148.0,6.91,291.0,13.59,507.0,23.67,542.0,25.3,429.0,20.03,2026
4790039000,경상북도,예천군,,개포면,eupmyeondong,개포면,1396,920,65.9,481,34.46,196,14.04,31.0,2.22,445.0,31.88,2967.7,14.0,1.0,35.0,2.51,29.0,2.08,24.0,1.72,74.0,5.3,168.0,12.03,356.0,25.5,363.0,26.0,333.0,23.85,2026
4790040000,경상북도,예천군,,지보면,eupmyeondong,지보면,2447,1503,61.42,793,32.41,306,12.51,56.0,2.29,888.0,36.29,2683.9,27.0,1.1,70.0,2.86,73.0,2.98,68.0,2.78,145.0,5.93,295.0,12.06,641.0,26.2,603.0,24.64,525.0,21.45,2026
4790041000,경상북도,예천군,,풍양면,eupmyeondong,풍양면,2676,1601,59.83,825,30.83,332,12.41,48.0,1.79,1027.0,38.38,3335.4,29.0,1.08,51.0,1.91,108.0,4.04,98.0,3.66,140.0,5.23,378.0,14.13,686.0,25.64,640.0,23.92,546.0,20.4,2026
4790042000,경상북도,예천군,,효자면,eupmyeondong,효자면,1146,653,56.98,261,22.77,100,8.73,29.0,2.53,464.0,40.49,2251.7,9.0,0.79,51.0,4.45,40.0,3.49,27.0,2.36,62.0,5.41,153.0,13.35,392.0,34.21,249.0,21.73,163.0,14.22,2026
4790043000,경상북도,예천군,,은풍면,eupmyeondong,은풍면,1213,711,58.62,361,29.76,131,10.8,30.0,2.47,472.0,38.91,2370.0,11.0,0.91,50.0,4.12,37.0,3.05,43.0,3.54,70.0,5.77,160.0,13.19,330.0,27.21,282.0,23.25,230.0,18.96,2026
4792000000,경상북도,봉화군,,,sigungu,봉화군,28076,13131,46.77,6083,21.67,2158,7.69,1372.0,4.89,13573.0,48.34,957.1,698.0,2.49,1618.0,5.76,1248.0,4.45,1340.0,4.77,2262.0,8.06,4427.0,15.77,7319.0,26.07,5309.0,18.91,3855.0,13.73,2026
4792025000,경상북도,봉화군,,봉화읍,eupmyeondong,봉화읍,8783,3253,37.04,1538,17.51,531,6.05,663.0,7.55,4867.0,55.41,490.6,327.0,3.72,819.0,9.32,563.0,6.41,532.0,6.06,929.0,10.58,1480.0,16.85,1839.0,20.94,1341.0,15.27,953.0,10.85,2026
4792031000,경상북도,봉화군,,물야면,eupmyeondong,물야면,2804,1540,54.92,695,24.79,239,8.52,77.0,2.75,1187.0,42.33,2000.0,42.0,1.5,78.0,2.78,89.0,3.17,94.0,3.35,163.0,5.81,409.0,14.59,858.0,30.6,629.0,22.43,442.0,15.76,2026
4792032000,경상북도,봉화군,,봉성면,eupmyeondong,봉성면,1857,1028,55.36,475,25.58,180,9.69,63.0,3.39,766.0,41.25,1631.7,37.0,1.99,60.0,3.23,72.0,3.88,71.0,3.82,123.0,6.62,260.0,14.0,515.0,27.73,423.0,22.78,296.0,15.94,2026
4792033000,경상북도,봉화군,,법전면,eupmyeondong,법전면,1813,1006,55.49,487,26.86,199,10.98,71.0,3.92,736.0,40.6,1416.9,34.0,1.88,77.0,4.25,58.0,3.2,69.0,3.81,110.0,6.07,251.0,13.84,506.0,27.91,361.0,19.91,347.0,19.14,2026
4792034000,경상북도,봉화군,,춘양면,eupmyeondong,춘양면,4042,1955,48.37,920,22.76,334,8.26,172.0,4.26,1915.0,47.38,1136.6,97.0,2.4,213.0,5.27,186.0,4.6,197.0,4.87,266.0,6.58,620.0,15.34,1099.0,27.19,764.0,18.9,600.0,14.84,2026
4792035000,경상북도,봉화군,,소천면,eupmyeondong,소천면,2020,1100,54.46,460,22.77,162,8.02,53.0,2.62,867.0,42.92,2075.5,32.0,1.58,52.0,2.57,50.0,2.48,65.0,3.22,123.0,6.09,300.0,14.85,657.0,32.52,456.0,22.57,285.0,14.11,2026
4792036000,경상북도,봉화군,,재산면,eupmyeondong,재산면,1347,678,50.33,300,22.27,114,8.46,31.0,2.3,638.0,47.36,2187.1,18.0,1.34,41.0,3.04,43.0,3.19,34.0,2.52,84.0,6.24,228.0,16.93,446.0,33.11,256.0,19.01,197.0,14.63,2026
4792037000,경상북도,봉화군,,명호면,eupmyeondong,명호면,2011,1067,53.06,493,24.52,156,7.76,64.0,3.18,880.0,43.76,1667.2,24.0,1.19,83.0,4.13,53.0,2.64,71.0,3.53,112.0,5.57,316.0,15.71,606.0,30.13,463.0,23.02,283.0,14.07,2026
4792038000,경상북도,봉화군,,상운면,eupmyeondong,상운면,1588,941,59.26,473,29.79,163,10.26,22.0,1.39,625.0,39.36,4277.3,14.0,0.88,41.0,2.58,40.0,2.52,58.0,3.65,77.0,4.85,231.0,14.55,438.0,27.58,398.0,25.06,291.0,18.32,2026
4792039000,경상북도,봉화군,,석포면,eupmyeondong,석포면,1811,563,31.09,242,13.36,80,4.42,156.0,8.61,1092.0,60.3,360.9,73.0,4.03,154.0,8.5,94.0,5.19,149.0,8.23,275.0,15.18,332.0,18.33,355.0,19.6,218.0,12.04,161.0,8.89,2026
4793000000,경상북도,울진군,,,sigungu,울진군,46216,15992,34.6,7375,15.96,2610,5.65,3465.0,7.5,26759.0,57.9,461.5,2003.0,4.33,3067.0,6.64,3553.0,7.69,4070.0,8.81,4994.0,10.81,8049.0,17.42,9479.0,20.51,6175.0,13.36,4826.0,10.44,2026
4793025000,경상북도,울진군,,울진읍,eupmyeondong,울진읍,13919,3205,23.03,1426,10.24,476,3.42,1503.0,10.8,9211.0,66.18,213.2,797.0,5.73,1450.0,10.42,1396.0,10.03,1411.0,10.14,1937.0,13.92,2598.0,18.67,2183.0,15.68,1221.0,8.77,926.0,6.65,2026
4793025300,경상북도,울진군,,평해읍,eupmyeondong,평해읍,2449,1270,51.86,707,28.87,267,10.9,51.0,2.08,1128.0,46.06,2490.2,21.0,0.86,108.0,4.41,137.0,5.59,105.0,4.29,159.0,6.49,367.0,14.99,588.0,24.01,473.0,19.31,491.0,20.05,2026
4793031000,경상북도,울진군,,북면,eupmyeondong,북면,7559,1736,22.97,738,9.76,272,3.6,918.0,12.14,4905.0,64.89,189.1,663.0,8.77,476.0,6.3,666.0,8.81,1115.0,14.75,1032.0,13.65,1268.0,16.77,1226.0,16.22,618.0,8.18,495.0,6.55,2026
4793031500,경상북도,울진군,,북면하당출장소,eupmyeondong,울진군 북면하당출장소,3500,1200,34.29,540,15.43,144,4.11,,,,,,,,,,,,,,,,,,,,,,,,2026
4793032000,경상북도,울진군,,서면,eupmyeondong,서면,1390,585,42.09,261,18.78,92,6.62,56.0,4.03,749.0,53.88,1044.6,32.0,2.3,50.0,3.6,62.0,4.46,100.0,7.19,134.0,9.64,262.0,18.85,362.0,26.04,226.0,16.26,162.0,11.65,2026
4793033000,경상북도,울진군,,근남면,eupmyeondong,근남면,2676,1154,43.12,537,20.07,221,8.26,138.0,5.16,1384.0,51.72,836.2,80.0,2.99,105.0,3.92,139.0,5.19,174.0,6.5,220.0,8.22,484.0,18.09,693.0,25.9,402.0,15.02,379.0,14.16,2026
4793034000,경상북도,울진군,,원남면,eupmyeondong,울진군 원남면,3500,1200,34.29,540,15.43,144,4.11,,,,,,,,,,,,,,,,,,,,,,,,2026
4793035000,경상북도,울진군,,기성면,eupmyeondong,기성면,2237,1250,55.88,637,28.48,263,11.76,61.0,2.73,926.0,41.39,2049.2,28.0,1.25,70.0,3.13,123.0,5.5,107.0,4.78,103.0,4.6,307.0,13.72,584.0,26.11,475.0,21.23,440.0,19.67,2026
4793036000,경상북도,울진군,,온정면,eupmyeondong,온정면,1517,909,59.92,494,32.56,191,12.59,44.0,2.9,564.0,37.18,2065.9,18.0,1.19,46.0,3.03,49.0,3.23,43.0,2.83,78.0,5.14,208.0,13.71,405.0,26.7,345.0,22.74,325.0,21.42,2026
4793037000,경상북도,울진군,,죽변면,eupmyeondong,죽변면,5955,2084,35.0,849,14.26,278,4.67,266.0,4.47,3605.0,60.54,783.5,150.0,2.52,295.0,4.95,471.0,7.91,535.0,8.98,613.0,10.29,1139.0,19.13,1397.0,23.46,831.0,13.95,524.0,8.8,2026
4793038000,경상북도,울진군,,후포면,eupmyeondong,후포면,6841,2715,39.69,1142,16.69,306,4.47,414.0,6.05,3712.0,54.26,655.8,220.0,3.22,424.0,6.2,480.0,7.02,498.0,7.28,686.0,10.03,1147.0,16.77,1545.0,22.58,1182.0,17.28,659.0,9.63,2026
4793039000,경상북도,울진군,,금강송면,eupmyeondong,금강송면,1198,634,52.92,296,24.71,104,8.68,16.0,1.34,548.0,45.74,3962.5,5.0,0.42,28.0,2.34,24.0,2.0,26.0,2.17,63.0,5.26,235.0,19.62,385.0,32.14,238.0,19.87,194.0,16.19,2026
4793040000,경상북도,울진군,,매화면,eupmyeondong,매화면,1865,1035,55.5,549,29.44,232,12.44,54.0,2.9,776.0,41.61,1916.7,21.0,1.13,65.0,3.49,68.0,3.65,56.0,3.0,103.0,5.52,296.0,15.87,473.0,25.36,390.0,20.91,393.0,21.07,2026
4794000000,경상북도,울릉군,,,sigungu,울릉군,8780,2915,33.2,1156,13.17,311,3.54,454.0,5.17,5411.0,61.63,642.1,247.0,2.81,414.0,4.72,621.0,7.07,786.0,8.95,1067.0,12.15,1765.0,20.1,2042.0,23.26,1185.0,13.5,653.0,7.44,2026
4794025000,경상북도,울릉군,,울릉읍,eupmyeondong,울릉읍,6076,1849,30.43,699,11.5,162,2.67,336.0,5.53,3891.0,64.04,550.3,177.0,2.91,321.0,5.28,473.0,7.78,574.0,9.45,790.0,13.0,1257.0,20.69,1332.0,21.92,770.0,12.67,382.0,6.29,2026
4794031000,경상북도,울릉군,,서면,eupmyeondong,서면,1390,585,42.09,261,18.78,92,6.62,56.0,4.03,749.0,53.88,1044.6,32.0,2.3,50.0,3.6,62.0,4.46,100.0,7.19,134.0,9.64,262.0,18.85,362.0,26.04,226.0,16.26,162.0,11.65,2026
4794031500,경상북도,울릉군,,서면태하출장소,eupmyeondong,울릉군 서면태하출장소,3500,1200,34.29,540,15.43,144,4.11,,,,,,,,,,,,,,,,,,,,,,,,2026
4794032000,경상북도,울릉군,,북면,eupmyeondong,북면,1314,481,36.61,196,14.92,57,4.34,62.0,4.72,771.0,58.68,775.8,38.0,2.89,43.0,3.27,86.0,6.54,112.0,8.52,143.0,10.88,246.0,18.72,348.0,26.48,189.0,14.38,109.0,8.3,2026
