region_code,sido,sigungu,eupmyeondong,level,lat,lon
4700000000,경상북도,,,sido,36.394142,128.691316
4711100000,경상북도,포항시 남구,,sigungu,35.962993,129.430789
4711125000,경상북도,포항시 남구,구룡포읍,eupmyeondong,35.984333,129.528889
4711125300,경상북도,포항시 남구,연일읍,eupmyeondong,36.010193,129.307598
4711125600,경상북도,포항시 남구,오천읍,eupmyeondong,35.922702,129.391507
4711131000,경상북도,포항시 남구,대송면,eupmyeondong,35.94137,129.349373
4711132000,경상북도,포항시 남구,동해면,eupmyeondong,36.004211,129.48682
4711133000,경상북도,포항시 남구,장기면,eupmyeondong,35.907819,129.475464
4711134000,경상북도,포항시 남구,대보면,eupmyeondong,36.056479,129.55081
4711135000,경상북도,포항시 남구,호미곶면,eupmyeondong,36.056479,129.55081
4711151000,경상북도,포항시 남구,상대1동,eupmyeondong,36.014784,129.359298
4711152000,경상북도,포항시 남구,상대2동,eupmyeondong,36.014784,129.359298
4711152500,경상북도,포항시 남구,상대동,eupmyeondong,36.014784,129.359298
4711153000,경상북도,포항시 남구,해도1동,eupmyeondong,36.020387,129.372834
4711154000,경상북도,포항시 남구,해도2동,eupmyeondong,36.020387,129.372834
4711154500,경상북도,포항시 남구,해도동,eupmyeondong,36.020387,129.372834
4711155000,경상북도,포항시 남구,송도동,eupmyeondong,36.036849,129.375022
4711156000,경상북도,포항시 남구,청림동,eupmyeondong,35.99238,129.415599
4711157000,경상북도,포항시 남구,제철동,eupmyeondong,35.997764,129.383559
4711158000,경상북도,포항시 남구,효곡동,eupmyeondong,36.020058,129.321683
4711159000,경상북도,포항시 남구,대이동,eupmyeondong,36.025504,129.338077
4711300000,경상북도,포항시 북구,,sigungu,36.174294,129.193396
4711325000,경상북도,포항시 북구,흥해읍,eupmyeondong,36.105144,129.360459
4711331000,경상북도,포항시 북구,신광면,eupmyeondong,36.146383,129.257959
4711332000,경상북도,포항시 북구,청하면,eupmyeondong,36.197029,129.318057
4711333000,경상북도,포항시 북구,송라면,eupmyeondong,36.243174,129.345043
4711334000,경상북도,포항시 북구,기계면,eupmyeondong,36.085185,129.170237
4711335000,경상북도,포항시 북구,죽장면,eupmyeondong,36.222444,129.160913
4711335500,경상북도,포항시 북구,죽장면상옥출장소,eupmyeondong,36.019032,129.343386
4711336000,경상북도,포항시 북구,기북면,eupmyeondong,36.154473,129.1843
4711352000,경상북도,포항시 북구,중앙동,eupmyeondong,36.046306,129.366932
4711356000,경상북도,포항시 북구,학산동,eupmyeondong,36.046306,129.366932
4711363000,경상북도,포항시 북구,양학동,eupmyeondong,36.032202,129.345114
4711364000,경상북도,포항시 북구,죽도1동,eupmyeondong,36.025493,129.358129
4711365000,경상북도,포항시 북구,죽도2동,eupmyeondong,36.025493,129.358129
4711365500,경상북도,포항시 북구,죽도동,eupmyeondong,36.025493,129.358129
4711366500,경상북도,포항시 북구,용흥동,eupmyeondong,36.039569,129.350846
4711368000,경상북도,포항시 북구,우창동,eupmyeondong,36.063656,129.357828
4711369000,경상북도,포항시 북구,두호동,eupmyeondong,36.063924,129.391375
4711370000,경상북도,포항시 북구,장량동,eupmyeondong,36.081037,129.385988
4711371000,경상북도,포항시 북구,환여동,eupmyeondong,36.072497,129.399897
4713000000,경상북도,경주시,,sigungu,35.859593,129.207894
4713025000,경상북도,경주시,감포읍,eupmyeondong,35.797878,129.471632
4713025300,경상북도,경주시,안강읍,eupmyeondong,35.980304,129.179591
4713025600,경상북도,경주시,건천읍,eupmyeondong,35.837043,129.089258
4713025900,경상북도,경주시,외동읍,eupmyeondong,35.71326,129.317514
4713031000,경상북도,경주시,양북면,eupmyeondong,35.802658,129.400441
4713031500,경상북도,경주시,문무대왕면,eupmyeondong,35.803267,129.400688
4713032000,경상북도,경주시,양남면,eupmyeondong,35.703817,129.419931
4713033000,경상북도,경주시,내남면,eupmyeondong,35.75015,129.174664
4713034000,경상북도,경주시,산내면,eupmyeondong,35.74495,129.030385
4713035000,경상북도,경주시,서면,eupmyeondong,35.89257,129.062182
4713036000,경상북도,경주시,현곡면,eupmyeondong,35.897083,129.178042
4713037000,경상북도,경주시,강동면,eupmyeondong,36.002548,129.266465
4713038000,경상북도,경주시,천북면,eupmyeondong,35.905231,129.281994
4713051500,경상북도,경주시,중부동,eupmyeondong,35.844228,129.210697
4713052000,경상북도,경주시,성동동,eupmyeondong,35.845414,129.221009
4713053000,경상북도,경주시,황오동,eupmyeondong,35.845415,129.220998
4713055000,경상북도,경주시,성건동,eupmyeondong,35.856582,129.192591
4713056000,경상북도,경주시,탑정동,eupmyeondong,35.813432,129.208808
4713057000,경상북도,경주시,황남동,eupmyeondong,35.813877,129.20926
4713059000,경상북도,경주시,선도동,eupmyeondong,35.84001,129.168247
4713060500,경상북도,경주시,월성동,eupmyeondong,35.808257,129.251416
4713061500,경상북도,경주시,용강동,eupmyeondong,35.873155,129.234025
4713062100,경상북도,경주시,황성동,eupmyeondong,35.868972,129.214552
4713063000,경상북도,경주시,동천동,eupmyeondong,35.851206,129.233281
4713065000,경상북도,경주시,불국동,eupmyeondong,35.777718,129.286135
4713066000,경상북도,경주시,보덕동,eupmyeondong,35.848236,129.318873
4715000000,경상북도,김천시,,sigungu,36.043495,128.050697
4715025000,경상북도,김천시,아포읍,eupmyeondong,36.14936,128.234953
4715031000,경상북도,김천시,농소면,eupmyeondong,36.088382,128.177814
4715032000,경상북도,김천시,남면,eupmyeondong,36.10035,128.233752
4715034000,경상북도,김천시,개령면,eupmyeondong,36.171767,128.184169
4715035000,경상북도,김천시,감문면,eupmyeondong,36.222709,128.175478
4715036000,경상북도,김천시,어모면,eupmyeondong,36.203642,128.09372
4715037000,경상북도,김천시,봉산면,eupmyeondong,36.169237,128.032773
4715038000,경상북도,김천시,대항면,eupmyeondong,36.103415,128.013931
4715039000,경상북도,김천시,감천면,eupmyeondong,36.066317,128.135839
4715040000,경상북도,김천시,조마면,eupmyeondong,36.021303,128.121793
4715041000,경상북도,김천시,구성면,eupmyeondong,36.042609,128.016899
4715042000,경상북도,김천시,지례면,eupmyeondong,35.964183,128.050678
4715043000,경상북도,김천시,부항면,eupmyeondong,36.002014,127.936691
4715044000,경상북도,김천시,대덕면,eupmyeondong,35.909929,127.945638
4715045000,경상북도,김천시,증산면,eupmyeondong,35.884791,128.028158
4715051500,경상북도,김천시,용암동,eupmyeondong,36.123686,128.124911
4715051600,경상북도,김천시,자산동,eupmyeondong,36.123371,128.124986
4715053500,경상북도,김천시,성남동,eupmyeondong,36.120133,128.114782
4715053600,경상북도,김천시,평화남산동,eupmyeondong,36.120133,128.114782
4715054000,경상북도,김천시,평화동,eupmyeondong,36.124795,128.112818
4715056500,경상북도,김천시,양금동,eupmyeondong,36.09813,128.105112
4715057500,경상북도,김천시,대신동,eupmyeondong,36.148971,128.109971
4715059500,경상북도,김천시,대곡동,eupmyeondong,36.114948,128.082374
4715061000,경상북도,김천시,지좌동,eupmyeondong,36.119107,128.146854
4715064000,경상북도,김천시,율곡동,eupmyeondong,36.122665,128.184843
4717000000,경상북도,안동시,,sigungu,36.559298,128.724297
4717025000,경상북도,안동시,풍산읍,eupmyeondong,36.598914,128.545731
4717031000,경상북도,안동시,와룡면,eupmyeondong,36.632832,128.783172
4717032000,경상북도,안동시,북후면,eupmyeondong,36.663734,128.703604
4717033000,경상북도,안동시,서후면,eupmyeondong,36.626096,128.657467
4717034000,경상북도,안동시,풍천면,eupmyeondong,36.517855,128.50574
4717034500,경상북도,안동시,풍천면어담출장소,eupmyeondong,36.493723,128.563976
4717035000,경상북도,안동시,일직면,eupmyeondong,36.46288,128.643295
4717036000,경상북도,안동시,남후면,eupmyeondong,36.528635,128.629865
4717037000,경상북도,안동시,남선면,eupmyeondong,36.507904,128.750611
4717038000,경상북도,안동시,임하면,eupmyeondong,36.517209,128.846425
4717039000,경상북도,안동시,길안면,eupmyeondong,36.406295,128.914297
4717040000,경상북도,안동시,임동면,eupmyeondong,36.592312,128.933435
4717041000,경상북도,안동시,예안면,eupmyeondong,36.684408,128.897191
4717041500,경상북도,안동시,예안면삼계출장소,eupmyeondong,36.719503,128.925046
4717042000,경상북도,안동시,도산면,eupmyeondong,36.748696,128.854323
4717042500,경상북도,안동시,도산면서부출장소,eupmyeondong,36.698211,128.812232
4717043000,경상북도,안동시,녹전면,eupmyeondong,36.750819,128.767156
4717051000,경상북도,안동시,중구동,eupmyeondong,36.573575,128.756586
4717052000,경상북도,안동시,명륜동,eupmyeondong,36.583133,128.742535
4717055500,경상북도,안동시,용상동,eupmyeondong,36.561076,128.774877
4717058500,경상북도,안동시,서구동,eupmyeondong,36.564365,128.721617
4717060000,경상북도,안동시,태화동,eupmyeondong,36.561804,128.711988
4717061000,경상북도,안동시,법상동,eupmyeondong,36.561804,128.711988
4717062000,경상북도,안동시,평화동,eupmyeondong,36.573008,128.711191
4717063000,경상북도,안동시,안기동,eupmyeondong,36.591716,128.714446
4717065000,경상북도,안동시,옥동,eupmyeondong,36.558407,128.690336
4717066000,경상북도,안동시,송하동,eupmyeondong,36.580293,128.691399
4717069000,경상북도,안동시,강남동,eupmyeondong,36.543562,128.728383
4719000000,경상북도,구미시,,sigungu,36.212292,128.362699
4719025000,경상북도,구미시,선산읍,eupmyeondong,36.246959,128.28358
4719025300,경상북도,구미시,고아읍,eupmyeondong,36.183645,128.327688
4719025600,경상북도,구미시,산동읍,eupmyeondong,36.181061,128.462296
4719031000,경상북도,구미시,무을면,eupmyeondong,36.265641,128.187926
4719032000,경상북도,구미시,옥성면,eupmyeondong,36.304874,128.269568
4719033000,경상북도,구미시,도개면,eupmyeondong,36.304108,128.349364
4719034000,경상북도,구미시,해평면,eupmyeondong,36.219243,128.401761
4719035000,경상북도,구미시,산동면,eupmyeondong,36.181476,128.462212
4719036000,경상북도,구미시,장천면,eupmyeondong,36.152361,128.511968
4719051000,경상북도,구미시,송정동,eupmyeondong,36.118147,128.348323
4719052000,경상북도,구미시,원평1동,eupmyeondong,36.125409,128.347768
4719053000,경상북도,구미시,원평2동,eupmyeondong,36.131203,128.331449
4719053500,경상북도,구미시,원평동,eupmyeondong,36.12749,128.3403
4719055100,경상북도,구미시,도량동,eupmyeondong,36.143027,128.329406
4719055500,경상북도,구미시,지산동,eupmyeondong,36.137106,128.356007
4719056500,경상북도,구미시,선주원남동,eupmyeondong,36.129862,128.310086
4719058200,경상북도,구미시,형곡1동,eupmyeondong,36.114378,128.333049
4719058300,경상북도,구미시,형곡2동,eupmyeondong,36.103021,128.334007
4719059000,경상북도,구미시,신평1동,eupmyeondong,36.119944,128.361832
4719060000,경상북도,구미시,신평2동,eupmyeondong,36.125069,128.366255
4719061000,경상북도,구미시,비산동,eupmyeondong,36.122897,128.379833
4719062100,경상북도,구미시,공단1동,eupmyeondong,36.118,128.380034
4719062200,경상북도,구미시,공단2동,eupmyeondong,36.092451,128.379849
4719063000,경상북도,구미시,광평동,eupmyeondong,36.108746,128.356977
4719064500,경상북도,구미시,상모사곡동,eupmyeondong,36.092331,128.346546
4719066000,경상북도,구미시,임오동,eupmyeondong,36.076222,128.362721
4719067000,경상북도,구미시,인동동,eupmyeondong,36.097301,128.451853
4719068000,경상북도,구미시,진미동,eupmyeondong,36.104062,128.409074
4719069000,경상북도,구미시,양포동,eupmyeondong,36.1351,128.412822
4719070000,경상북도,구미시,공단동,eupmyeondong,36.093272,128.379858
4721000000,경상북도,영주시,,sigungu,36.880491,128.534994
4721025000,경상북도,영주시,풍기읍,eupmyeondong,36.90781,128.48778
4721031000,경상북도,영주시,이산면,eupmyeondong,36.813302,128.699653
4721032000,경상북도,영주시,평은면,eupmyeondong,36.748751,128.706835
4721033000,경상북도,영주시,문수면,eupmyeondong,36.747434,128.62603
4721034000,경상북도,영주시,장수면,eupmyeondong,36.781245,128.558424
4721035000,경상북도,영주시,안정면,eupmyeondong,36.842707,128.557195
4721036000,경상북도,영주시,봉현면,eupmyeondong,36.819231,128.500173
4721037000,경상북도,영주시,순흥면,eupmyeondong,36.927937,128.553004
4721038000,경상북도,영주시,단산면,eupmyeondong,36.96087,128.593379
4721039000,경상북도,영주시,부석면,eupmyeondong,36.980781,128.656245
4721051000,경상북도,영주시,상망동,eupmyeondong,36.855953,128.627317
4721052500,경상북도,영주시,하망동,eupmyeondong,36.822379,128.636434
4721055000,경상북도,영주시,영주1동,eupmyeondong,36.828996,128.620171
4721056000,경상북도,영주시,영주2동,eupmyeondong,36.823127,128.618337
4721059000,경상북도,영주시,휴천1동,eupmyeondong,36.811476,128.650947
4721060000,경상북도,영주시,휴천2동,eupmyeondong,36.810384,128.62277
4721061000,경상북도,영주시,휴천3동,eupmyeondong,36.795256,128.64287
4721062000,경상북도,영주시,가흥1동,eupmyeondong,36.802324,128.604639
4721063000,경상북도,영주시,가흥2동,eupmyeondong,36.842237,128.604842
4723000000,경상북도,영천시,,sigungu,36.007498,128.915793
4723025000,경상북도,영천시,금호읍,eupmyeondong,35.923805,128.891633
4723031000,경상북도,영천시,청통면,eupmyeondong,35.982475,128.83534
4723032000,경상북도,영천시,신녕면,eupmyeondong,36.05756,128.761509
4723033000,경상북도,영천시,화산면,eupmyeondong,36.048968,128.844488
4723034000,경상북도,영천시,화북면,eupmyeondong,36.128163,128.948271
4723035000,경상북도,영천시,화남면,eupmyeondong,36.083196,128.877989
4723036000,경상북도,영천시,자양면,eupmyeondong,36.109123,129.037331
4723037000,경상북도,영천시,임고면,eupmyeondong,36.044346,129.051012
4723038000,경상북도,영천시,고경면,eupmyeondong,35.978653,129.042083
4723039000,경상북도,영천시,북안면,eupmyeondong,35.894751,129.000756
4723040000,경상북도,영천시,대창면,eupmyeondong,35.865319,128.922773
4723051000,경상북도,영천시,동부동,eupmyeondong,35.991762,128.950899
4723052000,경상북도,영천시,중앙동,eupmyeondong,36.001321,128.927409
4723053500,경상북도,영천시,서부동,eupmyeondong,35.972571,128.898389
4723054000,경상북도,영천시,완산동,eupmyeondong,35.961188,128.953477
4723055500,경상북도,영천시,남부동,eupmyeondong,35.924169,128.959649
4725000000,경상북도,상주시,,sigungu,36.447093,128.096999
4725025000,경상북도,상주시,함창읍,eupmyeondong,36.551821,128.19194
4725031000,경상북도,상주시,중동면,eupmyeondong,36.43196,128.279366
4725032000,경상북도,상주시,사벌면,eupmyeondong,36.484553,128.222142
4725032500,경상북도,상주시,사벌국면,eupmyeondong,36.484633,128.222288
4725033000,경상북도,상주시,낙동면,eupmyeondong,36.365337,128.251414
4725033500,경상북도,상주시,낙동면동부출장소,eupmyeondong,36.363581,128.29702
4725034000,경상북도,상주시,청리면,eupmyeondong,36.332376,128.136858
4725035000,경상북도,상주시,공성면,eupmyeondong,36.293745,128.087643
4725036000,경상북도,상주시,외남면,eupmyeondong,36.357214,128.07995
4725037000,경상북도,상주시,내서면,eupmyeondong,36.405579,128.063413
4725038000,경상북도,상주시,모동면,eupmyeondong,36.298892,127.962508
4725039000,경상북도,상주시,모서면,eupmyeondong,36.329788,127.894703
4725039500,경상북도,상주시,모서면서부출장소,eupmyeondong,36.306838,127.871018
4725040000,경상북도,상주시,화동면,eupmyeondong,36.398124,127.976243
4725041000,경상북도,상주시,화서면,eupmyeondong,36.4571,127.960466
4725042000,경상북도,상주시,화북면,eupmyeondong,36.582072,127.868385
4725042600,경상북도,상주시,화북면서부출장소,eupmyeondong,36.601572,127.82817
4725043000,경상북도,상주시,외서면,eupmyeondong,36.483641,128.047823
4725044000,경상북도,상주시,은척면,eupmyeondong,36.550168,128.068036
4725044500,경상북도,상주시,은척면북부출장소,eupmyeondong,36.577271,128.087727
4725045000,경상북도,상주시,공검면,eupmyeondong,36.51691,128.14127
4725046000,경상북도,상주시,이안면,eupmyeondong,36.577255,128.119258
4725047000,경상북도,상주시,화남면,eupmyeondong,36.446854,127.893733
4725052000,경상북도,상주시,남원동,eupmyeondong,36.410626,128.132109
4725053000,경상북도,상주시,북문동,eupmyeondong,36.44403,128.159884
4725054000,경상북도,상주시,계림동,eupmyeondong,36.440438,128.187781
4725055000,경상북도,상주시,동문동,eupmyeondong,36.429228,128.211645
4725056000,경상북도,상주시,동성동,eupmyeondong,36.389493,128.184734
4725057000,경상북도,상주시,신흥동,eupmyeondong,36.370325,128.147946
4728000000,경상북도,문경시,,sigungu,36.6932,128.133799
4728025000,경상북도,문경시,문경읍,eupmyeondong,36.769978,128.125219
4728025100,경상북도,문경시,문경읍갈평출장소,eupmyeondong,36.787127,128.158096
4728025300,경상북도,문경시,가은읍,eupmyeondong,36.659463,127.997943
4728025400,경상북도,문경시,가은읍북부출장소,eupmyeondong,36.577271,128.087727
4728029000,경상북도,문경시,문경읍갈평출장소,eupmyeondong,36.787127,128.158096
4728029100,경상북도,문경시,가은읍북부출장소,eupmyeondong,36.577271,128.087727
4728031000,경상북도,문경시,영순면,eupmyeondong,36.565942,128.25675
4728032000,경상북도,문경시,산양면,eupmyeondong,36.621501,128.257952
4728033000,경상북도,문경시,호계면,eupmyeondong,36.664288,128.195486
4728034000,경상북도,문경시,산북면,eupmyeondong,36.708721,128.257498
4728035000,경상북도,문경시,동로면,eupmyeondong,36.774704,128.316798
4728036000,경상북도,문경시,마성면,eupmyeondong,36.683541,128.110394
4728037000,경상북도,문경시,농암면,eupmyeondong,36.582761,127.978928
4728051500,경상북도,문경시,점촌동,eupmyeondong,36.59754,128.197312
4728052000,경상북도,문경시,중앙동,eupmyeondong,36.58501,128.206477
4728053000,경상북도,문경시,신흥동,eupmyeondong,36.618263,128.197812
4728054500,경상북도,문경시,신평동,eupmyeondong,36.626631,128.14456
4728056000,경상북도,문경시,모전동,eupmyeondong,36.590385,128.186024
4728057000,경상북도,문경시,점촌1동,eupmyeondong,36.59754,128.197312
4728058000,경상북도,문경시,점촌2동,eupmyeondong,36.58501,128.206477
4728059000,경상북도,문경시,점촌3동,eupmyeondong,36.618263,128.197812
4728060000,경상북도,문경시,점촌4동,eupmyeondong,36.62663,128.144661
4728061000,경상북도,문경시,점촌5동,eupmyeondong,36.590385,128.186024
4729000000,경상북도,경산시,,sigungu,35.847692,128.80289
4729025000,경상북도,경산시,하양읍,eupmyeondong,35.905595,128.786486
4729025300,경상북도,경산시,진량읍,eupmyeondong,35.869526,128.826098
4729025600,경상북도,경산시,압량읍,eupmyeondong,35.842701,128.772271
4729031000,경상북도,경산시,와촌면,eupmyeondong,35.950643,128.800033
4729033000,경상북도,경산시,자인면,eupmyeondong,35.822778,128.829637
4729034000,경상북도,경산시,용성면,eupmyeondong,35.798638,128.896175
4729035000,경상북도,경산시,남산면,eupmyeondong,35.776802,128.818715
4729036000,경상북도,경산시,압량면,eupmyeondong,35.842046,128.772891
4729037000,경상북도,경산시,남천면,eupmyeondong,35.753405,128.746183
4729051000,경상북도,경산시,중방동,eupmyeondong,35.828657,128.734982
4729052000,경상북도,경산시,중앙동,eupmyeondong,35.823419,128.739284
4729053000,경상북도,경산시,남부동,eupmyeondong,35.804534,128.742566
4729054000,경상북도,경산시,서부동,eupmyeondong,35.814498,128.724856
4729054100,경상북도,경산시,서부1동,eupmyeondong,35.814498,128.724856
4729054200,경상북도,경산시,서부2동,eupmyeondong,35.835341,128.727524
4729055000,경상북도,경산시,북부동,eupmyeondong,35.835676,128.75358
4729056000,경상북도,경산시,동부동,eupmyeondong,35.803496,128.771966
4772000000,경상북도,군위군,,sigungu,36.167492,128.724889
4772025000,경상북도,군위군,군위읍,eupmyeondong,36.235104,128.5789
4772031000,경상북도,군위군,소보면,eupmyeondong,36.255996,128.471106
4772032000,경상북도,군위군,효령면,eupmyeondong,36.143195,128.588722
4772033000,경상북도,군위군,부계면,eupmyeondong,36.066367,128.659849
4772034000,경상북도,군위군,우보면,eupmyeondong,36.169051,128.644794
4772035000,경상북도,군위군,의흥면,eupmyeondong,36.162531,128.73743
4772036000,경상북도,군위군,산성면,eupmyeondong,36.093577,128.71691
4772037000,경상북도,군위군,고로면,eupmyeondong,36.151347,128.828782
4772038000,경상북도,군위군,삼국유사면,eupmyeondong,36.151134,128.828445
4773000000,경상북도,의성군,,sigungu,36.3622,128.594495
4773025000,경상북도,의성군,의성읍,eupmyeondong,36.35062,128.700081
4773031000,경상북도,의성군,단촌면,eupmyeondong,36.433691,128.690203
4773032000,경상북도,의성군,점곡면,eupmyeondong,36.404497,128.765222
4773033000,경상북도,의성군,옥산면,eupmyeondong,36.374946,128.830012
4773034000,경상북도,의성군,사곡면,eupmyeondong,36.303683,128.790655
4773035000,경상북도,의성군,춘산면,eupmyeondong,36.238194,128.818399
4773036000,경상북도,의성군,가음면,eupmyeondong,36.230077,128.728135
4773037000,경상북도,의성군,금성면,eupmyeondong,36.260877,128.685705
4773038000,경상북도,의성군,봉양면,eupmyeondong,36.306127,128.611097
4773039000,경상북도,의성군,비안면,eupmyeondong,36.339475,128.514651
4773040000,경상북도,의성군,구천면,eupmyeondong,36.328166,128.420506
4773041000,경상북도,의성군,단밀면,eupmyeondong,36.368619,128.363463
4773042000,경상북도,의성군,단북면,eupmyeondong,36.394132,128.393919
4773043000,경상북도,의성군,안계면,eupmyeondong,36.395672,128.464801
4773044000,경상북도,의성군,다인면,eupmyeondong,36.469027,128.366071
4773045000,경상북도,의성군,신평면,eupmyeondong,36.469825,128.517441
4773046000,경상북도,의성군,안평면,eupmyeondong,36.38972,128.580854
4773047000,경상북도,의성군,안사면,eupmyeondong,36.45298,128.456996
4775000000,경상북도,청송군,,sigungu,36.377698,129.096199
4775025000,경상북도,청송군,청송읍,eupmyeondong,36.419533,129.102241
4775031000,경상북도,청송군,부동면,eupmyeondong,36.364857,129.14501
4775031500,경상북도,청송군,부동면,eupmyeondong,36.364848,129.145021
4775032000,경상북도,청송군,부남면,eupmyeondong,36.29581,129.146109
4775033000,경상북도,청송군,현동면,eupmyeondong,36.249578,129.03191
4775034000,경상북도,청송군,현서면,eupmyeondong,36.233732,128.930588
4775035000,경상북도,청송군,안덕면,eupmyeondong,36.318613,128.979569
4775036000,경상북도,청송군,파천면,eupmyeondong,36.440635,129.004597
4775037000,경상북도,청송군,진보면,eupmyeondong,36.522211,129.054802
4776000000,경상북도,영양군,,sigungu,36.684199,129.136399
4776025000,경상북도,영양군,영양읍,eupmyeondong,36.636933,129.158372
4776031000,경상북도,영양군,입암면,eupmyeondong,36.599525,129.063027
4776032000,경상북도,영양군,청기면,eupmyeondong,36.722153,129.035915
4776032500,경상북도,영양군,청기면당동출장소,eupmyeondong,36.722153,129.035915
4776032600,경상북도,영양군,청기면당리출장소,eupmyeondong,36.75788,129.053587
4776033000,경상북도,영양군,일월면,eupmyeondong,36.759279,129.120976
4776034000,경상북도,영양군,수비면,eupmyeondong,36.778485,129.234867
4776035000,경상북도,영양군,석보면,eupmyeondong,36.557798,129.168209
4777000000,경상북도,영덕군,,sigungu,36.470396,129.293799
4777025000,경상북도,영덕군,영덕읍,eupmyeondong,36.433029,129.389875
4777031000,경상북도,영덕군,강구면,eupmyeondong,36.377249,129.363087
4777032000,경상북도,영덕군,남정면,eupmyeondong,36.321175,129.339662
4777033000,경상북도,영덕군,달산면,eupmyeondong,36.370857,129.268259
4777034000,경상북도,영덕군,지품면,eupmyeondong,36.456376,129.248485
4777034500,경상북도,영덕군,지품면원전출장소,eupmyeondong,36.484981,129.191986
4777035000,경상북도,영덕군,축산면,eupmyeondong,36.489499,129.376879
4777035500,경상북도,영덕군,축산면축산출장소,eupmyeondong,36.505645,129.442005
4777036000,경상북도,영덕군,영해면,eupmyeondong,36.532937,129.372802
4777037000,경상북도,영덕군,병곡면,eupmyeondong,36.606627,129.381749
4777038000,경상북도,영덕군,창수면,eupmyeondong,36.600176,129.285497
4782000000,경상북도,청도군,,sigungu,35.706094,128.885296
4782012000,경상북도,청도군,청도읍,eupmyeondong,35.634887,128.758974
4782025000,경상북도,청도군,화양읍,eupmyeondong,35.666736,128.713623
4782025100,경상북도,청도군,화양읍남성현출장,eupmyeondong,35.695872,128.717546
4782025300,경상북도,청도군,청도읍,eupmyeondong,35.634887,128.758974
4782025400,경상북도,청도군,청도읍유호출장소,eupmyeondong,35.571898,128.768824
4782029000,경상북도,청도군,화양읍남성현출장,eupmyeondong,35.695872,128.717546
4782029100,경상북도,청도군,청도읍유호출장소,eupmyeondong,35.571898,128.768824
4782031000,경상북도,청도군,각남면,eupmyeondong,35.620657,128.661471
4782032000,경상북도,청도군,풍각면,eupmyeondong,35.635923,128.582771
4782033000,경상북도,청도군,각북면,eupmyeondong,35.690627,128.572281
4782034000,경상북도,청도군,이서면,eupmyeondong,35.692281,128.653778
4782035000,경상북도,청도군,운문면,eupmyeondong,35.726939,128.947915
4782036000,경상북도,청도군,금천면,eupmyeondong,35.698527,128.903435
4782037000,경상북도,청도군,매전면,eupmyeondong,35.665182,128.847115
4783000000,경상북도,고령군,,sigungu,35.730999,128.310893
4783025000,경상북도,고령군,고령읍,eupmyeondong,35.730636,128.261616
4783025300,경상북도,고령군,대가야읍,eupmyeondong,35.730636,128.261616
4783031000,경상북도,고령군,덕곡면,eupmyeondong,35.786079,128.204805
4783032000,경상북도,고령군,운수면,eupmyeondong,35.782875,128.29096
4783033000,경상북도,고령군,성산면,eupmyeondong,35.758671,128.359965
4783034000,경상북도,고령군,다산면,eupmyeondong,35.815911,128.424618
4783035000,경상북도,고령군,개진면,eupmyeondong,35.706436,128.398922
4783036000,경상북도,고령군,우곡면,eupmyeondong,35.658507,128.337623
4783037000,경상북도,고령군,쌍림면,eupmyeondong,35.688955,128.239835
4784000000,경상북도,성주군,,sigungu,35.916199,128.228689
4784025000,경상북도,성주군,성주읍,eupmyeondong,35.919712,128.282256
4784031000,경상북도,성주군,선남면,eupmyeondong,35.903122,128.356406
4784032000,경상북도,성주군,용암면,eupmyeondong,35.840912,128.317701
4784033000,경상북도,성주군,수륜면,eupmyeondong,35.832836,128.200169
4784034000,경상북도,성주군,가천면,eupmyeondong,35.869087,128.130593
4784035000,경상북도,성주군,금수면,eupmyeondong,35.919377,128.130726
4784035500,경상북도,성주군,금수강산면,eupmyeondong,35.919295,128.130847
4784036000,경상북도,성주군,대가면,eupmyeondong,35.902817,128.20801
4784037000,경상북도,성주군,벽진면,eupmyeondong,35.975974,128.190462
4784038000,경상북도,성주군,초전면,eupmyeondong,35.997902,128.250354
4784039000,경상북도,성주군,월항면,eupmyeondong,35.97444,128.302339
4785000000,경상북도,칠곡군,,sigungu,36.004395,128.464494
4785025000,경상북도,칠곡군,왜관읍,eupmyeondong,35.956087,128.411778
4785025300,경상북도,칠곡군,북삼읍,eupmyeondong,36.060063,128.346744
4785025600,경상북도,칠곡군,석적읍,eupmyeondong,36.049767,128.445663
4785031000,경상북도,칠곡군,지천면,eupmyeondong,35.966346,128.482707
4785032000,경상북도,칠곡군,동명면,eupmyeondong,36.004679,128.562127
4785033000,경상북도,칠곡군,가산면,eupmyeondong,36.07521,128.515976
4785034000,경상북도,칠곡군,석적면,eupmyeondong,36.049767,128.445663
4785035000,경상북도,칠곡군,북삼면,eupmyeondong,36.060063,128.346744
4785036000,경상북도,칠곡군,약목면,eupmyeondong,36.026146,128.356892
4785037000,경상북도,칠곡군,기산면,eupmyeondong,35.978953,128.360175
4790000000,경상북도,예천군,,sigungu,36.652097,128.47269
4790025000,경상북도,예천군,예천읍,eupmyeondong,36.661948,128.449395
4790025300,경상북도,예천군,호명읍,eupmyeondong,36.609043,128.476051
4790031000,경상북도,예천군,용문면,eupmyeondong,36.707099,128.405782
4790032000,경상북도,예천군,상리면,eupmyeondong,36.796642,128.422012
4790033000,경상북도,예천군,하리면,eupmyeondong,36.745965,128.436752
4790034000,경상북도,예천군,감천면,eupmyeondong,36.730675,128.521265
4790035000,경상북도,예천군,보문면,eupmyeondong,36.680869,128.54525
4790036000,경상북도,예천군,호명면,eupmyeondong,36.609411,128.476156
4790037000,경상북도,예천군,유천면,eupmyeondong,36.653228,128.376924
4790038000,경상북도,예천군,용궁면,eupmyeondong,36.610426,128.296041
4790039000,경상북도,예천군,개포면,eupmyeondong,36.612169,128.369201
4790040000,경상북도,예천군,지보면,eupmyeondong,36.549308,128.387659
4790041000,경상북도,예천군,풍양면,eupmyeondong,36.510722,128.304121
4790042000,경상북도,예천군,효자면,eupmyeondong,36.796642,128.422012
4790043000,경상북도,예천군,은풍면,eupmyeondong,36.745965,128.436752
4792000000,경상북도,봉화군,,sigungu,36.923294,128.901897
4792025000,경상북도,봉화군,봉화읍,eupmyeondong,36.889083,128.705113
4792031000,경상북도,봉화군,물야면,eupmyeondong,36.97519,128.747285
4792032000,경상북도,봉화군,봉성면,eupmyeondong,36.911733,128.809999
4792033000,경상북도,봉화군,법전면,eupmyeondong,36.908329,128.909009
4792034000,경상북도,봉화군,춘양면,eupmyeondong,37.002489,128.839482
4792035000,경상북도,봉화군,소천면,eupmyeondong,36.955503,129.020395
4792036000,경상북도,봉화군,재산면,eupmyeondong,36.812785,129.000101
4792037000,경상북도,봉화군,명호면,eupmyeondong,36.833716,128.884876
4792038000,경상북도,봉화군,상운면,eupmyeondong,36.840281,128.784308
4792039000,경상북도,봉화군,석포면,eupmyeondong,37.04468,129.064912
4793000000,경상북도,울진군,,sigungu,36.894792,129.284393
4793025000,경상북도,울진군,울진읍,eupmyeondong,37.00135,129.356442
4793025300,경상북도,울진군,평해읍,eupmyeondong,36.726113,129.446559
4793031000,경상북도,울진군,북면,eupmyeondong,37.069587,129.311078
4793031500,경상북도,울진군,북면하당출장소,eupmyeondong,37.040078,129.321676
4793032000,경상북도,울진군,서면,eupmyeondong,36.946522,129.207587
4793033000,경상북도,울진군,근남면,eupmyeondong,36.941526,129.342222
4793034000,경상북도,울진군,원남면,eupmyeondong,36.862755,129.354664
4793035000,경상북도,울진군,기성면,eupmyeondong,36.808754,129.405528
4793036000,경상북도,울진군,온정면,eupmyeondong,36.717819,129.356413
4793037000,경상북도,울진군,죽변면,eupmyeondong,37.054593,129.388809
4793038000,경상북도,울진군,후포면,eupmyeondong,36.674978,129.421189
4793039000,경상북도,울진군,금강송면,eupmyeondong,36.946522,129.207587
4793040000,경상북도,울진군,매화면,eupmyeondong,36.862755,129.354664
4794000000,경상북도,울릉군,,sigungu,37.505097,130.856993
4794025000,경상북도,울릉군,울릉읍,eupmyeondong,37.494669,130.888323
4794031000,경상북도,울릉군,서면,eupmyeondong,37.493046,130.831419
4794031500,경상북도,울릉군,서면태하출장소,eupmyeondong,37.512281,130.801001
4794032000,경상북도,울릉군,북면,eupmyeondong,37.527319,130.856825
