SERIAL	ADMCD	ADMNM	X	Y
4021	4700000000	경상북도	1106836	1822510
4022	4711100000	경상북도 포항시 남구	1174109	1775752
4023	4711125000	경상북도 포항시 남구 구룡포읍	1182907	1778299
4024	4711125300	경상북도 포항시 남구 연일읍	1162902	1780775
4025	4711125600	경상북도 포항시 남구 오천읍	1170653	1771213
4026	4711131000	경상북도 포항시 남구 대송면	1166812	1773211
4027	4711132000	경상북도 포항시 남구 동해면	1179069	1780426
4028	4711133000	경상북도 포항시 남구 장기면	1178262	1769712
4029	4711134000	경상북도 포항시 남구 대보면	1184715	1786344
4030	4711135000	경상북도 포항시 남구 호미곶면	1184715	1786344
4031	4711151000	경상북도 포항시 남구 상대1동	1055877	1687832
4032	4711152000	경상북도 포항시 남구 상대2동	1055877	1687832
4033	4711152500	경상북도 포항시 남구 상대동	1167552	1781372
4034	4711153000	경상북도 포항시 남구 해도1동	1168760	1782017
4035	4711154000	경상북도 포항시 남구 해도2동	1168760	1782017
4036	4711154500	경상북도 포항시 남구 해도동	1168760	1782017
4037	4711155000	경상북도 포항시 남구 송도동	1168922	1783847
4038	4711156000	경상북도 포항시 남구 청림동	1172675	1778985
4039	4711157000	경상북도 포항시 남구 제철동	1169775	1779526
4040	4711158000	경상북도 포항시 남구 효곡동	1164151	1781893
4041	4711159000	경상북도 포항시 남구 대이동	1165617	1782525
4042	4711300000	경상북도 포항시 북구	1152292	1798794
4043	4711325000	경상북도 포항시 북구 흥해읍	1167465	1791398
4044	4711331000	경상북도 포항시 북구 신광면	1158155	1795801
4045	4711332000	경상북도 포항시 북구 청하면	1163457	1801519
4046	4711333000	경상북도 포항시 북구 송라면	1165786	1806684
4047	4711334000	경상북도 포항시 북구 기계면	1150379	1788873
4048	4711335000	경상북도 포항시 북구 죽장면	1149279	1804085
4049	4711335500	경상북도 포항시 북구 죽장면상옥출장소	1166109	1781816
4050	4711336000	경상북도 포항시 북구 기북면	1151512	1796581
4051	4711352000	경상북도 포항시 북구 중앙동	1168173	1784882
4052	4711356000	경상북도 포항시 북구 학산동	1168173	1784882
4053	4711363000	경상북도 포항시 북구 양학동	1166237	1783280
4054	4711364000	경상북도 포항시 북구 죽도1동	1167424	1782558
4055	4711365000	경상북도 포항시 북구 죽도2동	1167424	1782558
4056	4711365500	경상북도 포항시 북구 죽도동	1167424	1782558
4057	4711366500	경상북도 포항시 북구 용흥동	1166738	1784107
4058	4711368000	경상북도 포항시 북구 우창동	1167316	1786791
4059	4711369000	경상북도 포항시 북구 두호동	1170337	1786879
4060	4711370000	경상북도 포항시 북구 장량동	1169815	1788768
4061	4711371000	경상북도 포항시 북구 환여동	1171086	1787845
4062	4713000000	경상북도 경주시	1154208	1763907
4063	4713025000	경상북도 경주시 감포읍	1178162	1757509
4064	4713025300	경상북도 경주시 안강읍	1151422	1777253
4065	4713025600	경상북도 경주시 건천읍	1143536	1761225
4066	4713025900	경상북도 경주시 외동읍	1164408	1747853
4067	4713031000	경상북도 경주시 양북면	1171718	1757912
4068	4713031500	경상북도 경주시 문무대왕면	1171739	1757980
4069	4713032000	경상북도 경주시 양남면	1173694	1746982
4070	4713033000	경상북도 경주시 내남면	1151415	1751715
4071	4713034000	경상북도 경주시 산내면	1138378	1750925
4072	4713035000	경상북도 경주시 서면	1140992	1767345
4073	4713036000	경상북도 경주시 현곡면	1151441	1768019
4074	4713037000	경상북도 경주시 강동면	1159210	1779859
4075	4713038000	경상북도 경주시 천북면	1160807	1769089
4076	4713051500	경상북도 경주시 중부동	1154491	1762207
4077	4713052000	경상북도 경주시 성동동	1155420	1762355
4078	4713053000	경상북도 경주시 황오동	1155419	1762355
4079	4713055000	경상북도 경주시 성건동	1152832	1763549
4080	4713056000	경상북도 경주시 탑정동	1154380	1758788
4081	4713057000	경상북도 경주시 황남동	1154420	1758838
4082	4713059000	경상북도 경주시 선도동	1150665	1761673
4083	4713060500	경상북도 경주시 월성동	1158240	1758282
4084	4713061500	경상북도 경주시 용강동	1156541	1765453
4085	4713062100	경상북도 경주시 황성동	1154791	1764958
4086	4713063000	경상북도 경주시 동천동	1156517	1763017
4087	4713065000	경상북도 경주시 불국동	1161439	1754951
4088	4713066000	경상북도 경주시 보덕동	1164253	1762828
4089	4715000000	경상북도 김천시	1049606	1783098
4090	4715025000	경상북도 김천시 아포읍	1066115	1794950
4091	4715031000	경상북도 김천시 농소면	1061022	1788149
4092	4715032000	경상북도 김천시 남면	1066048	1789513
4093	4715034000	경상북도 김천시 개령면	1061529	1797402
4094	4715035000	경상북도 김천시 감문면	1060708	1803047
4095	4715036000	경상북도 김천시 어모면	1053373	1800884
4096	4715037000	경상북도 김천시 봉산면	1047915	1797036
4097	4715038000	경상북도 김천시 대항면	1046259	1789726
4098	4715039000	경상북도 김천시 감천면	1057259	1785676
4099	4715040000	경상북도 김천시 조마면	1056026	1780675
4100	4715041000	경상북도 김천시 구성면	1046562	1782983
4101	4715042000	경상북도 김천시 지례면	1049654	1774301
4102	4715043000	경상북도 김천시 부항면	1039357	1778445
4103	4715044000	경상북도 김천시 대덕면	1040210	1768235
4104	4715045000	경상북도 김천시 증산면	1047671	1765484
4105	4715051500	경상북도 김천시 용암동	1056234	1792033
4106	4715051600	경상북도 김천시 자산동	1056241	1791998
4107	4715053500	경상북도 김천시 성남동	1055325	1791633
4108	4715053600	경상북도 김천시 평화남산동	1055325	1791633
4109	4715054000	경상북도 김천시 평화동	1055145	1792149
4110	4715056500	경상북도 김천시 양금동	1054470	1789187
4111	4715057500	경상북도 김천시 대신동	1054872	1794829
4112	4715059500	경상북도 김천시 대곡동	1052412	1791040
4113	4715061000	경상북도 김천시 지좌동	1058212	1791538
4114	4715064000	경상북도 김천시 율곡동	1061628	1791956
4115	4717000000	경상북도 안동시	1109561	1840868
4116	4717025000	경상북도 안동시 풍산읍	1093533	1845074
4117	4717031000	경상북도 안동시 와룡면	1114721	1849094
4118	4717032000	경상북도 안동시 북후면	1107564	1852430
4119	4717033000	경상북도 안동시 서후면	1103491	1848204
4120	4717034000	경상북도 안동시 풍천면	1090050	1836044
4121	4717034500	경상북도 안동시 풍천면어담출장소	1095294	1833423
4122	4717035000	경상북도 안동시 일직면	1102439	1830083
4123	4717036000	경상북도 안동시 남후면	1101150	1837363
4124	4717037000	경상북도 안동시 남선면	1111990	1835197
4125	4717038000	경상북도 안동시 임하면	1120556	1836345
4126	4717039000	경상북도 안동시 길안면	1126814	1824128
4127	4717040000	경상북도 안동시 임동면	1128223	1844789
4128	4717041000	경상북도 안동시 예안면	1124832	1854958
4129	4717041500	경상북도 안동시 예안면삼계출장소	1127263	1858888
4130	4717042000	경상북도 안동시 도산면	1120901	1862035
4131	4717042500	경상북도 안동시 도산면서부출장소	1117220	1856382
4132	4717043000	경상북도 안동시 녹전면	1113116	1862164
4133	4717051000	경상북도 안동시 중구동	1112430	1842489
4134	4717052000	경상북도 안동시 명륜동	1111159	1843533
4135	4717055500	경상북도 안동시 용상동	1114085	1841124
4136	4717058500	경상북도 안동시 서구동	1109314	1841427
4137	4717060000	경상북도 안동시 태화동	1108456	1841132
4138	4717061000	경상북도 안동시 법상동	1108456	1841132
4139	4717062000	경상북도 안동시 평화동	1108369	1842374
4140	4717063000	경상북도 안동시 안기동	1108634	1844453
4141	4717065000	경상북도 안동시 옥동	1106523	1840731
4142	4717066000	경상북도 안동시 송하동	1106588	1843160
4143	4717069000	경상북도 안동시 강남동	1109949	1839127
4144	4719000000	경상북도 구미시	1077545	1802025
4145	4719025000	경상북도 구미시 선산읍	1070402	1805810
4146	4719025300	경상북도 구미시 고아읍	1074425	1798820
4147	4719025600	경상북도 구미시 산동읍	1086532	1798645
4148	4719031000	경상북도 구미시 무을면	1061793	1807817
4149	4719032000	경상북도 구미시 옥성면	1069092	1812224
4150	4719033000	경상북도 구미시 도개면	1076257	1812199
4151	4719034000	경상북도 구미시 해평면	1081049	1802828
4152	4719035000	경상북도 구미시 산동면	1086524	1798691
4153	4719036000	경상북도 구미시 장천면	1091032	1795507
4154	4719051000	경상북도 구미시 송정동	1076344	1791571
4155	4719052000	경상북도 구미시 원평1동	1076287	1792376
4156	4719053000	경상북도 구미시 원평2동	1074813	1793006
4157	4719053500	경상북도 구미시 원평동	1075613	1792601
4158	4719055100	경상북도 구미시 도량동	1074618	1794316
4159	4719055500	경상북도 구미시 지산동	1077017	1793680
4160	4719056500	경상북도 구미시 선주원남동	1072892	1792841
4161	4719058200	경상북도 구미시 형곡1동	1074973	1791141
4162	4719058300	경상북도 구미시 형곡2동	1075070	1789882
4163	4719059000	경상북도 구미시 신평1동	1077558	1791781
4164	4719060000	경상북도 구미시 신평2동	1077951	1792353
4165	4719061000	경상북도 구미시 비산동	1079175	1792123
4166	4719062100	경상북도 구미시 공단1동	1079198	1791580
4167	4719062200	경상북도 구미시 공단2동	1079207	1788746
4168	4719063000	경상북도 구미시 광평동	1077132	1790535
4169	4719064500	경상북도 구미시 상모사곡동	1076209	1788706
4170	4719066000	경상북도 구미시 임오동	1077681	1786932
4171	4719067000	경상북도 구미시 인동동	1085684	1789345
4172	4719068000	경상북도 구미시 진미동	1081826	1790058
4173	4719069000	경상북도 구미시 양포동	1082131	1793504
4174	4719070000	경상북도 구미시 공단동	1079207	1788837
4175	4721000000	경상북도 영주시	1092235	1876300
4176	4721025000	경상북도 영주시 풍기읍	1087996	1879286
4177	4721031000	경상북도 영주시 이산면	1107003	1869018
4178	4721032000	경상북도 영주시 평은면	1107734	1861865
4179	4721033000	경상북도 영주시 문수면	1100522	1861631
4180	4721034000	경상북도 영주시 장수면	1094445	1865313
4181	4721035000	경상북도 영주시 안정면	1094260	1872130
4182	4721036000	경상북도 영주시 봉현면	1089203	1869471
4183	4721037000	경상북도 영주시 순흥면	1093782	1881581
4184	4721038000	경상북도 영주시 단산면	1097336	1885275
4185	4721039000	경상북도 영주시 부석면	1102906	1887550
4186	4721051000	경상북도 영주시 상망동	1100495	1873671
4187	4721052500	경상북도 영주시 하망동	1101352	1869956
4188	4721055000	경상북도 영주시 영주1동	1099893	1870673
4189	4721056000	경상북도 영주시 영주2동	1099737	1870020
4190	4721059000	경상북도 영주시 휴천1동	1102661	1868762
4191	4721060000	경상북도 영주시 휴천2동	1100149	1868611
4192	4721061000	경상북도 영주시 휴천3동	1101962	1866954
4193	4721062000	경상북도 영주시 가흥1동	1098542	1867698
4194	4721063000	경상북도 영주시 가흥2동	1098509	1872126
4195	4723000000	경상북도 영천시	1127594	1779892
4196	4723025000	경상북도 영천시 금호읍	1125549	1770577
4197	4723031000	경상북도 영천시 청통면	1120381	1777014
4198	4723032000	경상북도 영천시 신녕면	1113617	1785254
4199	4723033000	경상북도 영천시 화산면	1121104	1784401
4200	4723034000	경상북도 영천시 화북면	1130322	1793320
4201	4723035000	경상북도 영천시 화남면	1124068	1788240
4202	4723036000	경상북도 영천시 자양면	1138370	1791331
4203	4723037000	경상북도 영천시 임고면	1139716	1784165
4204	4723038000	경상북도 영천시 고경면	1139027	1776865
4205	4723039000	경상북도 영천시 북안면	1135444	1767500
4206	4723040000	경상북도 영천시 대창면	1128453	1764130
4207	4723051000	경상북도 영천시 동부동	1130784	1778193
4208	4723052000	경상북도 영천시 중앙동	1128651	1779222
4209	4723053500	경상북도 영천시 서부동	1126081	1775995
4210	4723054000	경상북도 영천시 완산동	1131067	1774805
4211	4723055500	경상북도 영천시 남부동	1131685	1770707
4212	4725000000	경상북도 상주시	1053501	1827890
4213	4725025000	경상북도 상주시 함창읍	1061926	1839564
4214	4725031000	경상북도 상주시 중동면	1069858	1826328
4215	4725032000	경상북도 상주시 사벌면	1064685	1832122
4216	4725032500	경상북도 상주시 사벌국면	1064698	1832131
4217	4725033000	경상북도 상주시 낙동면	1067410	1818918
4218	4725033500	경상북도 상주시 낙동면동부출장소	1071503	1818756
4219	4725034000	경상북도 상주시 청리면	1057157	1815188
4220	4725035000	경상북도 상주시 공성면	1052766	1810875
4221	4725036000	경상북도 상주시 외남면	1052033	1817911
4222	4725037000	경상북도 상주시 내서면	1050518	1823267
4223	4725038000	경상북도 상주시 모동면	1041527	1811385
4224	4725039000	경상북도 상주시 모서면	1035425	1814785
4225	4725039500	경상북도 상주시 모서면서부출장소	1033309	1812231
4226	4725040000	경상북도 상주시 화동면	1042706	1822398
4227	4725041000	경상북도 상주시 화서면	1041260	1828933
4228	4725042000	경상북도 상주시 화북면	1032956	1842760
4229	4725042600	경상북도 상주시 화북면서부출장소	1029351	1844910
4230	4725043000	경상북도 상주시 외서면	1049071	1831918
4231	4725044000	경상북도 상주시 은척면	1050838	1839308
4232	4725044500	경상북도 상주시 은척면북부출장소	1052582	1842325
4233	4725045000	경상북도 상주시 공검면	1057417	1835660
4234	4725046000	경상북도 상주시 이안면	1055403	1842341
4235	4725047000	경상북도 상주시 화남면	1035285	1827770
4236	4725052000	경상북도 상주시 남원동	1056674	1823865
4237	4725053000	경상북도 상주시 북문동	1059139	1827587
4238	4725054000	경상북도 상주시 계림동	1061642	1827206
4239	4725055000	경상북도 상주시 동문동	1063790	1825978
4240	4725056000	경상북도 상주시 동성동	1061409	1821553
4241	4725057000	경상북도 상주시 신흥동	1058124	1819404
4242	4728000000	경상북도 문경시	1056619	1855211
4243	4728025000	경상북도 문경시 문경읍	1055797	1863723
4244	4728025100	경상북도 문경시 문경읍갈평출장소	1058718	1865645
4245	4728025300	경상북도 문경시 가은읍	1044502	1851397
4246	4728025400	경상북도 문경시 가은읍북부출장소	1052582	1842325
4247	4728029000	경상북도 문경시 문경읍갈평출장소	1058718	1865645
4248	4728029100	경상북도 문경시 가은읍북부출장소	1052582	1842325
4249	4728031000	경상북도 문경시 영순면	1067714	1841174
4250	4728032000	경상북도 문경시 산양면	1067773	1847338
4251	4728033000	경상북도 문경시 호계면	1062153	1852042
4252	4728034000	경상북도 문경시 산북면	1067656	1857013
4253	4728035000	경상북도 문경시 동로면	1072890	1864376
4254	4728036000	경상북도 문경시 마성면	1054535	1854126
4255	4728037000	경상북도 문경시 농암면	1042845	1842880
4256	4728051500	경상북도 문경시 점촌동	1062370	1844639
4257	4728052000	경상북도 문경시 중앙동	1063200	1843255
4258	4728053000	경상북도 문경시 신흥동	1062398	1846938
4259	4728054500	경상북도 문경시 신평동	1057630	1847833
4260	4728056000	경상북도 문경시 모전동	1061366	1843838
4261	4728057000	경상북도 문경시 점촌1동	1062370	1844639
4262	4728058000	경상북도 문경시 점촌2동	1063200	1843255
4263	4728059000	경상북도 문경시 점촌3동	1062398	1846938
4264	4728060000	경상북도 문경시 점촌4동	1057639	1847833
4265	4728061000	경상북도 문경시 점촌5동	1061366	1843838
4266	4729000000	경상북도 경산시	1117655	1762024
4267	4729025000	경상북도 경산시 하양읍	1116089	1768427
4268	4729025300	경상북도 경산시 진량읍	1119718	1764474
4269	4729025600	경상북도 경산시 압량읍	1114897	1761434
4270	4729031000	경상북도 경산시 와촌면	1117245	1773440
4271	4729033000	경상북도 경산시 자인면	1120108	1759293
4272	4729034000	경상북도 경산시 용성면	1126157	1756699
4273	4729035000	경상북도 경산시 남산면	1119190	1754180
4274	4729036000	경상북도 경산시 압량면	1114954	1761362
4275	4729037000	경상북도 경산시 남천면	1112667	1751499
4276	4729051000	경상북도 경산시 중방동	1111549	1759833
4277	4729052000	경상북도 경산시 중앙동	1111945	1759257
4278	4729053000	경상북도 경산시 남부동	1112268	1757166
4279	4729054000	경상북도 경산시 서부동	1110654	1758251
4280	4729054100	경상북도 경산시 서부1동	1110654	1758251
4281	4729054200	경상북도 경산시 서부2동	1110866	1760566
4282	4729055000	경상북도 경산시 북부동	1113219	1760633
4283	4729056000	경상북도 경산시 동부동	1114926	1757085
4284	4772000000	경상북도 군위군	1110165	1797406
4285	4772025000	경상북도 군위군 군위읍	1096951	1804750
4286	4772031000	경상북도 군위군 소보면	1087241	1806965
4287	4772032000	경상북도 군위군 효령면	1097948	1794565
4288	4772033000	경상북도 군위군 부계면	1104449	1786117
4289	4772034000	경상북도 군위군 우보면	1102959	1797491
4290	4772035000	경상북도 군위군 의흥면	1111300	1796870
4291	4772036000	경상북도 군위군 산성면	1109550	1789198
4292	4772037000	경상북도 군위군 고로면	1119534	1795738
4293	4772038000	경상북도 군위군 삼국유사면	1119504	1795714
4294	4773000000	경상북도 의성군	1098193	1818864
4295	4773025000	경상북도 의성군 의성읍	1107682	1817692
4296	4773031000	경상북도 의성군 단촌면	1106682	1826896
4297	4773032000	경상북도 의성군 점곡면	1113449	1823743
4298	4773033000	경상북도 의성군 옥산면	1119304	1820543
4299	4773034000	경상북도 의성군 사곡면	1115879	1812590
4300	4773035000	경상북도 의성군 춘산면	1118469	1805359
4301	4773036000	경상북도 의성군 가음면	1110369	1804352
4302	4773037000	경상북도 의성군 금성면	1106514	1807721
4303	4773038000	경상북도 의성군 봉양면	1099754	1812661
4304	4773039000	경상북도 의성군 비안면	1091056	1816265
4305	4773040000	경상북도 의성군 구천면	1082619	1814926
4306	4773041000	경상북도 의성군 단밀면	1077459	1819366
4307	4773042000	경상북도 의성군 단북면	1080165	1822221
4308	4773043000	경상북도 의성군 안계면	1086520	1822453
4309	4773044000	경상북도 의성군 다인면	1077593	1830506
4310	4773045000	경상북도 의성군 신평면	1091154	1830727
4311	4773046000	경상북도 의성군 안평면	1096935	1821903
4312	4773047000	경상북도 의성군 안사면	1085757	1828803
4313	4775000000	경상북도 청송군	1143178	1821210
4314	4775025000	경상북도 청송군 청송읍	1143643	1825860
4315	4775031000	경상북도 청송군 부동면	1147581	1819859
4316	4775031500	경상북도 청송군 부동면	1147582	1819858
4317	4775032000	경상북도 청송군 부남면	1147810	1812201
4318	4775033000	경상북도 청송군 현동면	1137636	1806904
4319	4775034000	경상북도 청송군 현서면	1128558	1805007
4320	4775035000	경상북도 청송군 안덕면	1132816	1814489
4321	4775036000	경상북도 청송군 파천면	1134852	1828060
4322	4775037000	경상북도 청송군 진보면	1139206	1837181
4323	4776000000	경상북도 영양군	1146206	1855273
4324	4776025000	경상북도 영양군 영양읍	1148260	1850063
4325	4776031000	경상북도 영양군 입암면	1139803	1845770
4326	4776032000	경상북도 영양군 청기면	1137160	1859335
4327	4776032500	경상북도 영양군 청기면당동출장소	1137160	1859335
4328	4776032600	경상북도 영양군 청기면당리출장소	1138674	1863324
4329	4776033000	경상북도 영양군 일월면	1144687	1863579
4330	4776034000	경상북도 영양군 수비면	1154815	1865888
4331	4776035000	경상북도 영양군 석보면	1149292	1841299
4332	4777000000	경상북도 영덕군	1160713	1831805
4333	4777025000	경상북도 영덕군 영덕읍	1169403	1827824
4334	4777031000	경상북도 영덕군 강구면	1167121	1821589
4335	4777032000	경상북도 영덕군 남정면	1165138	1815328
4336	4777033000	경상북도 영덕군 달산면	1158627	1820720
4337	4777034000	경상북도 영덕군 지품면	1156681	1830175
4338	4777034500	경상북도 영덕군 지품면원전출장소	1151562	1833258
4339	4777035000	경상북도 영덕군 축산면	1168116	1834066
4340	4777035500	경상북도 영덕군 축산면축산출장소	1173914	1835973
4341	4777036000	경상북도 영덕군 영해면	1167657	1838878
4342	4777037000	경상북도 영덕군 병곡면	1168298	1847069
4343	4777038000	경상북도 영덕군 창수면	1159702	1846189
4344	4782000000	경상북도 청도군	1125319	1746420
4345	4782012000	경상북도 청도군 청도읍	1113992	1738368
4346	4782025000	경상북도 청도군 화양읍	1109842	1741849
4347	4782025100	경상북도 청도군 화양읍남성현출장	1110157	1745085
4348	4782025300	경상북도 청도군 청도읍	1113992	1738368
4349	4782025400	경상북도 청도군 청도읍유호출장소	1114974	1731393
4350	4782029000	경상북도 청도군 화양읍남성현출장	1110157	1745085
4351	4782029100	경상북도 청도군 청도읍유호출장소	1114974	1731393
4352	4782031000	경상북도 청도군 각남면	1105182	1736681
4353	4782032000	경상북도 청도군 풍각면	1098036	1738293
4354	4782033000	경상북도 청도군 각북면	1097020	1744350
4355	4782034000	경상북도 청도군 이서면	1104392	1744617
4356	4782035000	경상북도 청도군 운문면	1130950	1748814
4357	4782036000	경상북도 청도군 금천면	1126972	1745604
4358	4782037000	경상북도 청도군 매전면	1121927	1741834
4359	4783000000	경상북도 고령군	1073332	1748601
4360	4783025000	경상북도 고령군 고령읍	1068876	1748525
4361	4783025300	경상북도 고령군 대가야읍	1068876	1748525
4362	4783031000	경상북도 고령군 덕곡면	1063694	1754636
4363	4783032000	경상북도 고령군 운수면	1071483	1754340
4364	4783033000	경상북도 고령군 성산면	1077743	1751708
4365	4783034000	경상북도 고령군 다산면	1083528	1758110
4366	4783035000	경상북도 고령군 개진면	1081318	1745946
4367	4783036000	경상북도 고령군 우곡면	1075818	1740581
4368	4783037000	경상북도 고령군 쌍림면	1066941	1743887
4369	4784000000	경상북도 성주군	1065745	1769084
4370	4784025000	경상북도 성주군 성주읍	1070575	1769511
4371	4784031000	경상북도 성주군 선남면	1077281	1767727
4372	4784032000	경상북도 성주군 용암면	1073846	1760797
4373	4784033000	경상북도 성주군 수륜면	1063238	1759819
4374	4784034000	경상북도 성주군 가천면	1056928	1763797
4375	4784035000	경상북도 성주군 금수면	1056904	1769375
4376	4784035500	경상북도 성주군 금수강산면	1056915	1769366
4377	4784036000	경상북도 성주군 대가면	1063890	1767586
4378	4784037000	경상북도 성주군 벽진면	1062249	1775689
4379	4784038000	경상북도 성주군 초전면	1067630	1778161
4380	4784039000	경상북도 성주군 월항면	1072337	1775596
4381	4785000000	경상북도 칠곡군	1086924	1779051
4382	4785025000	경상북도 칠곡군 왜관읍	1082223	1773647
4383	4785025300	경상북도 칠곡군 북삼읍	1076258	1785127
4384	4785025600	경상북도 칠곡군 석적읍	1085178	1784067
4385	4785031000	경상북도 칠곡군 지천면	1088608	1774847
4386	4785032000	경상북도 칠곡군 동명면	1095723	1779174
4387	4785033000	경상북도 칠곡군 가산면	1091482	1786953
4388	4785034000	경상북도 칠곡군 석적면	1085178	1784067
4389	4785035000	경상북도 칠곡군 북삼면	1076258	1785127
4390	4785036000	경상북도 칠곡군 약목면	1077205	1781373
4391	4785037000	경상북도 칠곡군 기산면	1077547	1776141
4392	4790000000	경상북도 예천군	1086940	1850905
4393	4790025000	경상북도 예천군 예천읍	1084847	1851977
4394	4790025300	경상북도 예천군 호명읍	1087289	1846132
4395	4790031000	경상북도 예천군 용문면	1080902	1856948
4396	4790032000	경상북도 예천군 상리면	1082256	1866895
4397	4790033000	경상북도 예천군 하리면	1083626	1861286
4398	4790034000	경상북도 예천군 감천면	1091189	1859667
4399	4790035000	경상북도 예천군 보문면	1093391	1854165
4400	4790036000	경상북도 예천군 호명면	1087298	1846173
4401	4790037000	경상북도 예천군 유천면	1078379	1850948
4402	4790038000	경상북도 예천군 용궁면	1071189	1846137
4403	4790039000	경상북도 예천군 개포면	1077730	1846387
4404	4790040000	경상북도 예천군 지보면	1079445	1839429
4405	4790041000	경상북도 예천군 풍양면	1072004	1835083
4406	4790042000	경상북도 예천군 효자면	1082256	1866895
4407	4790043000	경상북도 예천군 은풍면	1083626	1861286
4408	4792000000	경상북도 봉화군	1124864	1881466
4409	4792025000	경상북도 봉화군 봉화읍	1107384	1877431
4410	4792031000	경상북도 봉화군 물야면	1111017	1887032
4411	4792032000	경상북도 봉화군 봉성면	1116696	1880067
4412	4792033000	경상북도 봉화군 법전면	1125522	1879815
4413	4792034000	경상북도 봉화군 춘양면	1119181	1890172
4414	4792035000	경상북도 봉화군 소천면	1135362	1885201
4415	4792036000	경상북도 봉화군 재산면	1133804	1869339
4416	4792037000	경상북도 봉화군 명호면	1123492	1871506
4417	4792038000	경상북도 봉화군 상운면	1114514	1872109
4418	4792039000	경상북도 봉화군 석포면	1139163	1895159
4419	4793000000	경상북도 울진군	1158994	1878873
4420	4793025000	경상북도 울진군 울진읍	1165184	1890818
4421	4793025300	경상북도 울진군 평해읍	1173826	1860441
4422	4793031000	경상북도 울진군 북면	1161003	1898311
4423	4793031500	경상북도 울진군 북면하당출장소	1162008	1895055
4424	4793032000	경상북도 울진군 서면	1152047	1884487
4425	4793033000	경상북도 울진군 근남면	1164047	1884156
4426	4793034000	경상북도 울진군 원남면	1165325	1875438
4427	4793035000	경상북도 울진군 기성면	1169979	1869536
4428	4793036000	경상북도 울진군 온정면	1165793	1859361
4429	4793037000	경상북도 울진군 죽변면	1167947	1896782
4430	4793038000	경상북도 울진군 후포면	1171674	1854722
4431	4793039000	경상북도 울진군 금강송면	1152047	1884487
4432	4793040000	경상북도 울진군 매화면	1165325	1875438
4433	4794000000	경상북도 울릉군	1296749	1950388
4434	4794025000	경상북도 울릉군 울릉읍	1299561	1949330
4435	4794031000	경상북도 울릉군 서면	1294535	1948970
4436	4794031500	경상북도 울릉군 서면태하출장소	1291770	1951010
4437	4794032000	경상북도 울릉군 북면	1296646	1952854
