SERIAL	ADMCD	ADMNM	LAT	LON
4021	4700000000	경상북도	36.3941415	128.6913164
4022	4711100000	경상북도 포항시 남구	35.9629929	129.4307890
4023	4711125000	경상북도 포항시 남구 구룡포읍	35.9843331	129.5288886
4024	4711125300	경상북도 포항시 남구 연일읍	36.0101925	129.3075984
4025	4711125600	경상북도 포항시 남구 오천읍	35.9227019	129.3915072
4026	4711131000	경상북도 포항시 남구 대송면	35.9413697	129.3493734
4027	4711132000	경상북도 포항시 남구 동해면	36.0042107	129.4868197
4028	4711133000	경상북도 포항시 남구 장기면	35.9078188	129.4754644
4029	4711134000	경상북도 포항시 남구 대보면	36.0564788	129.5508104
4030	4711135000	경상북도 포항시 남구 호미곶면	36.0564788	129.5508104
4031	4711151000	경상북도 포항시 남구 상대1동	35.1842372	128.1137144
4032	4711152000	경상북도 포항시 남구 상대2동	35.1842372	128.1137144
4033	4711152500	경상북도 포항시 남구 상대동	36.0147836	129.3592982
4034	4711153000	경상북도 포항시 남구 해도1동	36.0203872	129.3728343
4035	4711154000	경상북도 포항시 남구 해도2동	36.0203872	129.3728343
4036	4711154500	경상북도 포항시 남구 해도동	36.0203872	129.3728343
4037	4711155000	경상북도 포항시 남구 송도동	36.0368494	129.3750222
4038	4711156000	경상북도 포항시 남구 청림동	35.9923800	129.4155987
4039	4711157000	경상북도 포항시 남구 제철동	35.9977643	129.3835588
4040	4711158000	경상북도 포항시 남구 효곡동	36.0200575	129.3216833
4041	4711159000	경상북도 포항시 남구 대이동	36.0255045	129.3380772
4042	4711300000	경상북도 포항시 북구	36.1742936	129.1933960
4043	4711325000	경상북도 포항시 북구 흥해읍	36.1051438	129.3604595
4044	4711331000	경상북도 포항시 북구 신광면	36.1463826	129.2579595
4045	4711332000	경상북도 포항시 북구 청하면	36.1970288	129.3180574
4046	4711333000	경상북도 포항시 북구 송라면	36.2431741	129.3450427
4047	4711334000	경상북도 포항시 북구 기계면	36.0851854	129.1702369
4048	4711335000	경상북도 포항시 북구 죽장면	36.2224444	129.1609132
4049	4711335500	경상북도 포항시 북구 죽장면상옥출장소	36.0190317	129.3433862
4050	4711336000	경상북도 포항시 북구 기북면	36.1544728	129.1842995
4051	4711352000	경상북도 포항시 북구 중앙동	36.0463055	129.3669325
4052	4711356000	경상북도 포항시 북구 학산동	36.0463055	129.3669325
4053	4711363000	경상북도 포항시 북구 양학동	36.0322023	129.3451136
4054	4711364000	경상북도 포항시 북구 죽도1동	36.0254928	129.3581295
4055	4711365000	경상북도 포항시 북구 죽도2동	36.0254928	129.3581295
4056	4711365500	경상북도 포항시 북구 죽도동	36.0254928	129.3581295
4057	4711366500	경상북도 포항시 북구 용흥동	36.0395688	129.3508462
4058	4711368000	경상북도 포항시 북구 우창동	36.0636555	129.3578276
4059	4711369000	경상북도 포항시 북구 두호동	36.0639239	129.3913746
4060	4711370000	경상북도 포항시 북구 장량동	36.0810369	129.3859878
4061	4711371000	경상북도 포항시 북구 환여동	36.0724970	129.3998966
4062	4713000000	경상북도 경주시	35.8595927	129.2078935
4063	4713025000	경상북도 경주시 감포읍	35.7978782	129.4716316
4064	4713025300	경상북도 경주시 안강읍	35.9803039	129.1795915
4065	4713025600	경상북도 경주시 건천읍	35.8370425	129.0892582
4066	4713025900	경상북도 경주시 외동읍	35.7132601	129.3175139
4067	4713031000	경상북도 경주시 양북면	35.8026578	129.4004413
4068	4713031500	경상북도 경주시 문무대왕면	35.8032669	129.4006882
4069	4713032000	경상북도 경주시 양남면	35.7038174	129.4199311
4070	4713033000	경상북도 경주시 내남면	35.7501496	129.1746636
4071	4713034000	경상북도 경주시 산내면	35.7449499	129.0303851
4072	4713035000	경상북도 경주시 서면	35.8925700	129.0621823
4073	4713036000	경상북도 경주시 현곡면	35.8970828	129.1780418
4074	4713037000	경상북도 경주시 강동면	36.0025482	129.2664647
4075	4713038000	경상북도 경주시 천북면	35.9052306	129.2819942
4076	4713051500	경상북도 경주시 중부동	35.8442275	129.2106973
4077	4713052000	경상북도 경주시 성동동	35.8454144	129.2210089
4078	4713053000	경상북도 경주시 황오동	35.8454146	129.2209978
4079	4713055000	경상북도 경주시 성건동	35.8565820	129.1925913
4080	4713056000	경상북도 경주시 탑정동	35.8134323	129.2088078
4081	4713057000	경상북도 경주시 황남동	35.8138767	129.2092600
4082	4713059000	경상북도 경주시 선도동	35.8400105	129.1682471
4083	4713060500	경상북도 경주시 월성동	35.8082574	129.2514157
4084	4713061500	경상북도 경주시 용강동	35.8731552	129.2340251
4085	4713062100	경상북도 경주시 황성동	35.8689725	129.2145518
4086	4713063000	경상북도 경주시 동천동	35.8512058	129.2332812
4087	4713065000	경상북도 경주시 불국동	35.7777179	129.2861351
4088	4713066000	경상북도 경주시 보덕동	35.8482365	129.3188735
4089	4715000000	경상북도 김천시	36.0434954	128.0506972
4090	4715025000	경상북도 김천시 아포읍	36.1493601	128.2349531
4091	4715031000	경상북도 김천시 농소면	36.0883822	128.1778144
4092	4715032000	경상북도 김천시 남면	36.1003500	128.2337520
4093	4715034000	경상북도 김천시 개령면	36.1717670	128.1841692
4094	4715035000	경상북도 김천시 감문면	36.2227086	128.1754778
4095	4715036000	경상북도 김천시 어모면	36.2036417	128.0937205
4096	4715037000	경상북도 김천시 봉산면	36.1692367	128.0327733
4097	4715038000	경상북도 김천시 대항면	36.1034148	128.0139308
4098	4715039000	경상북도 김천시 감천면	36.0663166	128.1358390
4099	4715040000	경상북도 김천시 조마면	36.0213027	128.1217931
4100	4715041000	경상북도 김천시 구성면	36.0426091	128.0168990
4101	4715042000	경상북도 김천시 지례면	35.9641834	128.0506783
4102	4715043000	경상북도 김천시 부항면	36.0020142	127.9366906
4103	4715044000	경상북도 김천시 대덕면	35.9099287	127.9456375
4104	4715045000	경상북도 김천시 증산면	35.8847911	128.0281582
4105	4715051500	경상북도 김천시 용암동	36.1236864	128.1249109
4106	4715051600	경상북도 김천시 자산동	36.1233705	128.1249862
4107	4715053500	경상북도 김천시 성남동	36.1201326	128.1147819
4108	4715053600	경상북도 김천시 평화남산동	36.1201326	128.1147819
4109	4715054000	경상북도 김천시 평화동	36.1247947	128.1128180
4110	4715056500	경상북도 김천시 양금동	36.0981296	128.1051123
4111	4715057500	경상북도 김천시 대신동	36.1489710	128.1099713
4112	4715059500	경상북도 김천시 대곡동	36.1149483	128.0823742
4113	4715061000	경상북도 김천시 지좌동	36.1191072	128.1468540
4114	4715064000	경상북도 김천시 율곡동	36.1226646	128.1848431
4115	4717000000	경상북도 안동시	36.5592983	128.7242967
4116	4717025000	경상북도 안동시 풍산읍	36.5989139	128.5457313
4117	4717031000	경상북도 안동시 와룡면	36.6328315	128.7831719
4118	4717032000	경상북도 안동시 북후면	36.6637340	128.7036042
4119	4717033000	경상북도 안동시 서후면	36.6260963	128.6574672
4120	4717034000	경상북도 안동시 풍천면	36.5178554	128.5057401
4121	4717034500	경상북도 안동시 풍천면어담출장소	36.4937226	128.5639764
4122	4717035000	경상북도 안동시 일직면	36.4628797	128.6432955
4123	4717036000	경상북도 안동시 남후면	36.5286345	128.6298648
4124	4717037000	경상북도 안동시 남선면	36.5079039	128.7506106
4125	4717038000	경상북도 안동시 임하면	36.5172094	128.8464247
4126	4717039000	경상북도 안동시 길안면	36.4062945	128.9142967
4127	4717040000	경상북도 안동시 임동면	36.5923119	128.9334349
4128	4717041000	경상북도 안동시 예안면	36.6844078	128.8971907
4129	4717041500	경상북도 안동시 예안면삼계출장소	36.7195030	128.9250461
4130	4717042000	경상북도 안동시 도산면	36.7486962	128.8543233
4131	4717042500	경상북도 안동시 도산면서부출장소	36.6982108	128.8122318
4132	4717043000	경상북도 안동시 녹전면	36.7508193	128.7671555
4133	4717051000	경상북도 안동시 중구동	36.5735748	128.7565863
4134	4717052000	경상북도 안동시 명륜동	36.5831332	128.7425347
4135	4717055500	경상북도 안동시 용상동	36.5610758	128.7748773
4136	4717058500	경상북도 안동시 서구동	36.5643649	128.7216165
4137	4717060000	경상북도 안동시 태화동	36.5618039	128.7119885
4138	4717061000	경상북도 안동시 법상동	36.5618039	128.7119885
4139	4717062000	경상북도 안동시 평화동	36.5730080	128.7111913
4140	4717063000	경상북도 안동시 안기동	36.5917160	128.7144460
4141	4717065000	경상북도 안동시 옥동	36.5584072	128.6903362
4142	4717066000	경상북도 안동시 송하동	36.5802929	128.6913986
4143	4717069000	경상북도 안동시 강남동	36.5435620	128.7283832
4144	4719000000	경상북도 구미시	36.2122916	128.3626992
4145	4719025000	경상북도 구미시 선산읍	36.2469589	128.2835797
4146	4719025300	경상북도 구미시 고아읍	36.1836446	128.3276879
4147	4719025600	경상북도 구미시 산동읍	36.1810606	128.4622959
4148	4719031000	경상북도 구미시 무을면	36.2656410	128.1879262
4149	4719032000	경상북도 구미시 옥성면	36.3048739	128.2695678
4150	4719033000	경상북도 구미시 도개면	36.3041082	128.3493638
4151	4719034000	경상북도 구미시 해평면	36.2192429	128.4017606
4152	4719035000	경상북도 구미시 산동면	36.1814759	128.4622120
4153	4719036000	경상북도 구미시 장천면	36.1523610	128.5119684
4154	4719051000	경상북도 구미시 송정동	36.1181474	128.3483231
4155	4719052000	경상북도 구미시 원평1동	36.1254088	128.3477678
4156	4719053000	경상북도 구미시 원평2동	36.1312029	128.3314489
4157	4719053500	경상북도 구미시 원평동	36.1274899	128.3403001
4158	4719055100	경상북도 구미시 도량동	36.1430273	128.3294063
4159	4719055500	경상북도 구미시 지산동	36.1371064	128.3560071
4160	4719056500	경상북도 구미시 선주원남동	36.1298618	128.3100862
4161	4719058200	경상북도 구미시 형곡1동	36.1143780	128.3330493
4162	4719058300	경상북도 구미시 형곡2동	36.1030208	128.3340070
4163	4719059000	경상북도 구미시 신평1동	36.1199443	128.3618323
4164	4719060000	경상북도 구미시 신평2동	36.1250692	128.3662555
4165	4719061000	경상북도 구미시 비산동	36.1228967	128.3798330
4166	4719062100	경상북도 구미시 공단1동	36.1179998	128.3800340
4167	4719062200	경상북도 구미시 공단2동	36.0924514	128.3798490
4168	4719063000	경상북도 구미시 광평동	36.1087458	128.3569769
4169	4719064500	경상북도 구미시 상모사곡동	36.0923307	128.3465460
4170	4719066000	경상북도 구미시 임오동	36.0762218	128.3627209
4171	4719067000	경상북도 구미시 인동동	36.0973013	128.4518535
4172	4719068000	경상북도 구미시 진미동	36.1040615	128.4090744
4173	4719069000	경상북도 구미시 양포동	36.1351001	128.4128221
4174	4719070000	경상북도 구미시 공단동	36.0932717	128.3798581
4175	4721000000	경상북도 영주시	36.8804914	128.5349936
4176	4721025000	경상북도 영주시 풍기읍	36.9078097	128.4877800
4177	4721031000	경상북도 영주시 이산면	36.8133024	128.6996526
4178	4721032000	경상북도 영주시 평은면	36.7487512	128.7068351
4179	4721033000	경상북도 영주시 문수면	36.7474340	128.6260302
4180	4721034000	경상북도 영주시 장수면	36.7812454	128.5584236
4181	4721035000	경상북도 영주시 안정면	36.8427067	128.5571953
4182	4721036000	경상북도 영주시 봉현면	36.8192311	128.5001733
4183	4721037000	경상북도 영주시 순흥면	36.9279369	128.5530042
4184	4721038000	경상북도 영주시 단산면	36.9608700	128.5933785
4185	4721039000	경상북도 영주시 부석면	36.9807811	128.6562454
4186	4721051000	경상북도 영주시 상망동	36.8559532	128.6273174
4187	4721052500	경상북도 영주시 하망동	36.8223787	128.6364336
4188	4721055000	경상북도 영주시 영주1동	36.8289962	128.6201713
4189	4721056000	경상북도 영주시 영주2동	36.8231272	128.6183366
4190	4721059000	경상북도 영주시 휴천1동	36.8114762	128.6509473
4191	4721060000	경상북도 영주시 휴천2동	36.8103844	128.6227700
4192	4721061000	경상북도 영주시 휴천3동	36.7952564	128.6428699
4193	4721062000	경상북도 영주시 가흥1동	36.8023242	128.6046388
4194	4721063000	경상북도 영주시 가흥2동	36.8422373	128.6048425
4195	4723000000	경상북도 영천시	36.0074984	128.9157928
4196	4723025000	경상북도 영천시 금호읍	35.9238049	128.8916330
4197	4723031000	경상북도 영천시 청통면	35.9824755	128.8353395
4198	4723032000	경상북도 영천시 신녕면	36.0575601	128.7615093
4199	4723033000	경상북도 영천시 화산면	36.0489682	128.8444880
4200	4723034000	경상북도 영천시 화북면	36.1281633	128.9482714
4201	4723035000	경상북도 영천시 화남면	36.0831965	128.8779891
4202	4723036000	경상북도 영천시 자양면	36.1091228	129.0373313
4203	4723037000	경상북도 영천시 임고면	36.0443464	129.0510118
4204	4723038000	경상북도 영천시 고경면	35.9786527	129.0420834
4205	4723039000	경상북도 영천시 북안면	35.8947507	129.0007565
4206	4723040000	경상북도 영천시 대창면	35.8653187	128.9227730
4207	4723051000	경상북도 영천시 동부동	35.9917622	128.9508986
4208	4723052000	경상북도 영천시 중앙동	36.0013206	128.9274092
4209	4723053500	경상북도 영천시 서부동	35.9725707	128.8983888
4210	4723054000	경상북도 영천시 완산동	35.9611880	128.9534771
4211	4723055500	경상북도 영천시 남부동	35.9241691	128.9596490
4212	4725000000	경상북도 상주시	36.4470927	128.0969985
4213	4725025000	경상북도 상주시 함창읍	36.5518212	128.1919401
4214	4725031000	경상북도 상주시 중동면	36.4319599	128.2793662
4215	4725032000	경상북도 상주시 사벌면	36.4845529	128.2221424
4216	4725032500	경상북도 상주시 사벌국면	36.4846331	128.2222882
4217	4725033000	경상북도 상주시 낙동면	36.3653371	128.2514140
4218	4725033500	경상북도 상주시 낙동면동부출장소	36.3635811	128.2970196
4219	4725034000	경상북도 상주시 청리면	36.3323758	128.1368577
4220	4725035000	경상북도 상주시 공성면	36.2937448	128.0876426
4221	4725036000	경상북도 상주시 외남면	36.3572141	128.0799496
4222	4725037000	경상북도 상주시 내서면	36.4055789	128.0634126
4223	4725038000	경상북도 상주시 모동면	36.2988922	127.9625078
4224	4725039000	경상북도 상주시 모서면	36.3297876	127.8947027
4225	4725039500	경상북도 상주시 모서면서부출장소	36.3068382	127.8710177
4226	4725040000	경상북도 상주시 화동면	36.3981240	127.9762428
4227	4725041000	경상북도 상주시 화서면	36.4571003	127.9604658
4228	4725042000	경상북도 상주시 화북면	36.5820719	127.8683846
4229	4725042600	경상북도 상주시 화북면서부출장소	36.6015716	127.8281704
4230	4725043000	경상북도 상주시 외서면	36.4836415	128.0478233
4231	4725044000	경상북도 상주시 은척면	36.5501680	128.0680358
4232	4725044500	경상북도 상주시 은척면북부출장소	36.5772707	128.0877273
4233	4725045000	경상북도 상주시 공검면	36.5169101	128.1412704
4234	4725046000	경상북도 상주시 이안면	36.5772553	128.1192582
4235	4725047000	경상북도 상주시 화남면	36.4468544	127.8937327
4236	4725052000	경상북도 상주시 남원동	36.4106261	128.1321088
4237	4725053000	경상북도 상주시 북문동	36.4440301	128.1598842
4238	4725054000	경상북도 상주시 계림동	36.4404379	128.1877811
4239	4725055000	경상북도 상주시 동문동	36.4292275	128.2116451
4240	4725056000	경상북도 상주시 동성동	36.3894929	128.1847341
4241	4725057000	경상북도 상주시 신흥동	36.3703245	128.1479465
4242	4728000000	경상북도 문경시	36.6931997	128.1337986
4243	4728025000	경상북도 문경시 문경읍	36.7699780	128.1252194
4244	4728025100	경상북도 문경시 문경읍갈평출장소	36.7871268	128.1580961
4245	4728025300	경상북도 문경시 가은읍	36.6594628	127.9979434
4246	4728025400	경상북도 문경시 가은읍북부출장소	36.5772707	128.0877273
4247	4728029000	경상북도 문경시 문경읍갈평출장소	36.7871268	128.1580961
4248	4728029100	경상북도 문경시 가은읍북부출장소	36.5772707	128.0877273
4249	4728031000	경상북도 문경시 영순면	36.5659415	128.2567499
4250	4728032000	경상북도 문경시 산양면	36.6215011	128.2579524
4251	4728033000	경상북도 문경시 호계면	36.6642877	128.1954856
4252	4728034000	경상북도 문경시 산북면	36.7087214	128.2574982
4253	4728035000	경상북도 문경시 동로면	36.7747035	128.3167976
4254	4728036000	경상북도 문경시 마성면	36.6835410	128.1103940
4255	4728037000	경상북도 문경시 농암면	36.5827608	127.9789282
4256	4728051500	경상북도 문경시 점촌동	36.5975404	128.1973121
4257	4728052000	경상북도 문경시 중앙동	36.5850099	128.2064773
4258	4728053000	경상북도 문경시 신흥동	36.6182626	128.1978118
4259	4728054500	경상북도 문경시 신평동	36.6266309	128.1445604
4260	4728056000	경상북도 문경시 모전동	36.5903851	128.1860239
4261	4728057000	경상북도 문경시 점촌1동	36.5975404	128.1973121
4262	4728058000	경상북도 문경시 점촌2동	36.5850099	128.2064773
4263	4728059000	경상북도 문경시 점촌3동	36.6182626	128.1978118
4264	4728060000	경상북도 문경시 점촌4동	36.6266303	128.1446611
4265	4728061000	경상북도 문경시 점촌5동	36.5903851	128.1860239
4266	4729000000	경상북도 경산시	35.8476924	128.8028903
4267	4729025000	경상북도 경산시 하양읍	35.9055948	128.7864856
4268	4729025300	경상북도 경산시 진량읍	35.8695262	128.8260980
4269	4729025600	경상북도 경산시 압량읍	35.8427014	128.7722706
4270	4729031000	경상북도 경산시 와촌면	35.9506427	128.8000329
4271	4729033000	경상북도 경산시 자인면	35.8227782	128.8296371
4272	4729034000	경상북도 경산시 용성면	35.7986378	128.8961748
4273	4729035000	경상북도 경산시 남산면	35.7768024	128.8187149
4274	4729036000	경상북도 경산시 압량면	35.8420457	128.7728913
4275	4729037000	경상북도 경산시 남천면	35.7534051	128.7461833
4276	4729051000	경상북도 경산시 중방동	35.8286566	128.7349819
4277	4729052000	경상북도 경산시 중앙동	35.8234194	128.7392844
4278	4729053000	경상북도 경산시 남부동	35.8045340	128.7425657
4279	4729054000	경상북도 경산시 서부동	35.8144976	128.7248561
4280	4729054100	경상북도 경산시 서부1동	35.8144976	128.7248561
4281	4729054200	경상북도 경산시 서부2동	35.8353414	128.7275236
4282	4729055000	경상북도 경산시 북부동	35.8356764	128.7535803
4283	4729056000	경상북도 경산시 동부동	35.8034962	128.7719660
4284	4772000000	경상북도 군위군	36.1674919	128.7248891
4285	4772025000	경상북도 군위군 군위읍	36.2351039	128.5789001
4286	4772031000	경상북도 군위군 소보면	36.2559960	128.4711060
4287	4772032000	경상북도 군위군 효령면	36.1431955	128.5887216
4288	4772033000	경상북도 군위군 부계면	36.0663671	128.6598492
4289	4772034000	경상북도 군위군 우보면	36.1690509	128.6447940
4290	4772035000	경상북도 군위군 의흥면	36.1625309	128.7374302
4291	4772036000	경상북도 군위군 산성면	36.0935772	128.7169097
4292	4772037000	경상북도 군위군 고로면	36.1513469	128.8287820
4293	4772038000	경상북도 군위군 삼국유사면	36.1511343	128.8284449
4294	4773000000	경상북도 의성군	36.3621999	128.5944953
4295	4773025000	경상북도 의성군 의성읍	36.3506205	128.7000809
4296	4773031000	경상북도 의성군 단촌면	36.4336913	128.6902026
4297	4773032000	경상북도 의성군 점곡면	36.4044965	128.7652217
4298	4773033000	경상북도 의성군 옥산면	36.3749456	128.8300116
4299	4773034000	경상북도 의성군 사곡면	36.3036831	128.7906549
4300	4773035000	경상북도 의성군 춘산면	36.2381942	128.8183991
4301	4773036000	경상북도 의성군 가음면	36.2300770	128.7281345
4302	4773037000	경상북도 의성군 금성면	36.2608765	128.6857049
4303	4773038000	경상북도 의성군 봉양면	36.3061270	128.6110974
4304	4773039000	경상북도 의성군 비안면	36.3394747	128.5146513
4305	4773040000	경상북도 의성군 구천면	36.3281658	128.4205060
4306	4773041000	경상북도 의성군 단밀면	36.3686186	128.3634633
4307	4773042000	경상북도 의성군 단북면	36.3941325	128.3939194
4308	4773043000	경상북도 의성군 안계면	36.3956724	128.4648010
4309	4773044000	경상북도 의성군 다인면	36.4690269	128.3660713
4310	4773045000	경상북도 의성군 신평면	36.4698246	128.5174415
4311	4773046000	경상북도 의성군 안평면	36.3897203	128.5808544
4312	4773047000	경상북도 의성군 안사면	36.4529800	128.4569960
4313	4775000000	경상북도 청송군	36.3776976	129.0961985
4314	4775025000	경상북도 청송군 청송읍	36.4195331	129.1022408
4315	4775031000	경상북도 청송군 부동면	36.3648569	129.1450103
4316	4775031500	경상북도 청송군 부동면	36.3648478	129.1450212
4317	4775032000	경상북도 청송군 부남면	36.2958101	129.1461091
4318	4775033000	경상북도 청송군 현동면	36.2495780	129.0319096
4319	4775034000	경상북도 청송군 현서면	36.2337320	128.9305878
4320	4775035000	경상북도 청송군 안덕면	36.3186128	128.9795687
4321	4775036000	경상북도 청송군 파천면	36.4406353	129.0045973
4322	4775037000	경상북도 청송군 진보면	36.5222107	129.0548025
4323	4776000000	경상북도 영양군	36.6841995	129.1363988
4324	4776025000	경상북도 영양군 영양읍	36.6369333	129.1583717
4325	4776031000	경상북도 영양군 입암면	36.5995254	129.0630270
4326	4776032000	경상북도 영양군 청기면	36.7221530	129.0359146
4327	4776032500	경상북도 영양군 청기면당동출장소	36.7221530	129.0359146
4328	4776032600	경상북도 영양군 청기면당리출장소	36.7578799	129.0535872
4329	4776033000	경상북도 영양군 일월면	36.7592792	129.1209762
4330	4776034000	경상북도 영양군 수비면	36.7784851	129.2348667
4331	4776035000	경상북도 영양군 석보면	36.5577978	129.1682093
4332	4777000000	경상북도 영덕군	36.4703964	129.2937985
4333	4777025000	경상북도 영덕군 영덕읍	36.4330292	129.3898748
4334	4777031000	경상북도 영덕군 강구면	36.3772486	129.3630866
4335	4777032000	경상북도 영덕군 남정면	36.3211750	129.3396621
4336	4777033000	경상북도 영덕군 달산면	36.3708571	129.2682589
4337	4777034000	경상북도 영덕군 지품면	36.4563763	129.2484846
4338	4777034500	경상북도 영덕군 지품면원전출장소	36.4849811	129.1919857
4339	4777035000	경상북도 영덕군 축산면	36.4894985	129.3768793
4340	4777035500	경상북도 영덕군 축산면축산출장소	36.5056450	129.4420054
4341	4777036000	경상북도 영덕군 영해면	36.5329367	129.3728021
4342	4777037000	경상북도 영덕군 병곡면	36.6066268	129.3817490
4343	4777038000	경상북도 영덕군 창수면	36.6001761	129.2854973
4344	4782000000	경상북도 청도군	35.7060936	128.8852962
4345	4782012000	경상북도 청도군 청도읍	35.6348867	128.7589737
4346	4782025000	경상북도 청도군 화양읍	35.6667363	128.7136234
4347	4782025100	경상북도 청도군 화양읍남성현출장	35.6958717	128.7175462
4348	4782025300	경상북도 청도군 청도읍	35.6348867	128.7589737
4349	4782025400	경상북도 청도군 청도읍유호출장소	35.5718980	128.7688239
4350	4782029000	경상북도 청도군 화양읍남성현출장	35.6958717	128.7175462
4351	4782029100	경상북도 청도군 청도읍유호출장소	35.5718980	128.7688239
4352	4782031000	경상북도 청도군 각남면	35.6206566	128.6614712
4353	4782032000	경상북도 청도군 풍각면	35.6359234	128.5827705
4354	4782033000	경상북도 청도군 각북면	35.6906268	128.5722809
4355	4782034000	경상북도 청도군 이서면	35.6922805	128.6537778
4356	4782035000	경상북도 청도군 운문면	35.7269394	128.9479151
4357	4782036000	경상북도 청도군 금천면	35.6985267	128.9034349
4358	4782037000	경상북도 청도군 매전면	35.6651815	128.8471146
4359	4783000000	경상북도 고령군	35.7309989	128.3108926
4360	4783025000	경상북도 고령군 고령읍	35.7306357	128.2616164
4361	4783025300	경상북도 고령군 대가야읍	35.7306357	128.2616164
4362	4783031000	경상북도 고령군 덕곡면	35.7860792	128.2048047
4363	4783032000	경상북도 고령군 운수면	35.7828746	128.2909604
4364	4783033000	경상북도 고령군 성산면	35.7586709	128.3599651
4365	4783034000	경상북도 고령군 다산면	35.8159110	128.4246178
4366	4783035000	경상북도 고령군 개진면	35.7064359	128.3989223
4367	4783036000	경상북도 고령군 우곡면	35.6585067	128.3376233
4368	4783037000	경상북도 고령군 쌍림면	35.6889547	128.2398347
4369	4784000000	경상북도 성주군	35.9161991	128.2286893
4370	4784025000	경상북도 성주군 성주읍	35.9197118	128.2822565
4371	4784031000	경상북도 성주군 선남면	35.9031216	128.3564056
4372	4784032000	경상북도 성주군 용암면	35.8409116	128.3177013
4373	4784033000	경상북도 성주군 수륜면	35.8328363	128.2001693
4374	4784034000	경상북도 성주군 가천면	35.8690871	128.1305931
4375	4784035000	경상북도 성주군 금수면	35.9193773	128.1307260
4376	4784035500	경상북도 성주군 금수강산면	35.9192955	128.1308473
4377	4784036000	경상북도 성주군 대가면	35.9028170	128.2080103
4378	4784037000	경상북도 성주군 벽진면	35.9759745	128.1904616
4379	4784038000	경상북도 성주군 초전면	35.9979017	128.2503538
4380	4784039000	경상북도 성주군 월항면	35.9744401	128.3023393
4381	4785000000	경상북도 칠곡군	36.0043949	128.4644939
4382	4785025000	경상북도 칠곡군 왜관읍	35.9560868	128.4117779
4383	4785025300	경상북도 칠곡군 북삼읍	36.0600627	128.3467443
4384	4785025600	경상북도 칠곡군 석적읍	36.0497667	128.4456633
4385	4785031000	경상북도 칠곡군 지천면	35.9663457	128.4827068
4386	4785032000	경상북도 칠곡군 동명면	36.0046790	128.5621266
4387	4785033000	경상북도 칠곡군 가산면	36.0752099	128.5159764
4388	4785034000	경상북도 칠곡군 석적면	36.0497667	128.4456633
4389	4785035000	경상북도 칠곡군 북삼면	36.0600627	128.3467443
4390	4785036000	경상북도 칠곡군 약목면	36.0261462	128.3568916
4391	4785037000	경상북도 칠곡군 기산면	35.9789529	128.3601746
4392	4790000000	경상북도 예천군	36.6520967	128.4726895
4393	4790025000	경상북도 예천군 예천읍	36.6619483	128.4493945
4394	4790025300	경상북도 예천군 호명읍	36.6090425	128.4760508
4395	4790031000	경상북도 예천군 용문면	36.7070995	128.4057824
4396	4790032000	경상북도 예천군 상리면	36.7966418	128.4220123
4397	4790033000	경상북도 예천군 하리면	36.7459647	128.4367516
4398	4790034000	경상북도 예천군 감천면	36.7306750	128.5212648
4399	4790035000	경상북도 예천군 보문면	36.6808693	128.5452504
4400	4790036000	경상북도 예천군 호명면	36.6094112	128.4761561
4401	4790037000	경상북도 예천군 유천면	36.6532279	128.3769237
4402	4790038000	경상북도 예천군 용궁면	36.6104260	128.2960413
4403	4790039000	경상북도 예천군 개포면	36.6121685	128.3692013
4404	4790040000	경상북도 예천군 지보면	36.5493078	128.3876586
4405	4790041000	경상북도 예천군 풍양면	36.5107218	128.3041206
4406	4790042000	경상북도 예천군 효자면	36.7966418	128.4220123
4407	4790043000	경상북도 예천군 은풍면	36.7459647	128.4367516
4408	4792000000	경상북도 봉화군	36.9232945	128.9018974
4409	4792025000	경상북도 봉화군 봉화읍	36.8890827	128.7051130
4410	4792031000	경상북도 봉화군 물야면	36.9751903	128.7472849
4411	4792032000	경상북도 봉화군 봉성면	36.9117333	128.8099989
4412	4792033000	경상북도 봉화군 법전면	36.9083286	128.9090092
4413	4792034000	경상북도 봉화군 춘양면	37.0024890	128.8394823
4414	4792035000	경상북도 봉화군 소천면	36.9555026	129.0203950
4415	4792036000	경상북도 봉화군 재산면	36.8127849	129.0001014
4416	4792037000	경상북도 봉화군 명호면	36.8337160	128.8848756
4417	4792038000	경상북도 봉화군 상운면	36.8402806	128.7843084
4418	4792039000	경상북도 봉화군 석포면	37.0446805	129.0649121
4419	4793000000	경상북도 울진군	36.8947919	129.2843931
4420	4793025000	경상북도 울진군 울진읍	37.0013502	129.3564417
4421	4793025300	경상북도 울진군 평해읍	36.7261130	129.4465590
4422	4793031000	경상북도 울진군 북면	37.0695866	129.3110777
4423	4793031500	경상북도 울진군 북면하당출장소	37.0400777	129.3216758
4424	4793032000	경상북도 울진군 서면	36.9465222	129.2075868
4425	4793033000	경상북도 울진군 근남면	36.9415260	129.3422218
4426	4793034000	경상북도 울진군 원남면	36.8627548	129.3546640
4427	4793035000	경상북도 울진군 기성면	36.8087537	129.4055281
4428	4793036000	경상북도 울진군 온정면	36.7178191	129.3564125
4429	4793037000	경상북도 울진군 죽변면	37.0545931	129.3888093
4430	4793038000	경상북도 울진군 후포면	36.6749776	129.4211893
4431	4793039000	경상북도 울진군 금강송면	36.9465222	129.2075868
4432	4793040000	경상북도 울진군 매화면	36.8627548	129.3546640
4433	4794000000	경상북도 울릉군	37.5050967	130.8569931
4434	4794025000	경상북도 울릉군 울릉읍	37.4946690	130.8883227
4435	4794031000	경상북도 울릉군 서면	37.4930458	130.8314185
4436	4794031500	경상북도 울릉군 서면태하출장소	37.5122805	130.8010009
4437	4794032000	경상북도 울릉군 북면	37.5273192	130.8568247
