region_code,sido,sigungu,gu,eupmyeondong,level,region_name,total_population,elderly_65_plus,elderly_65_ratio,elderly_75_plus,elderly_75_ratio,elderly_85_plus,elderly_85_ratio,child_0_14,child_0_14_ratio,working_15_64,working_15_64_ratio,aging_index,pop_0_9,ratio_0_9,pop_10_19,ratio_10_19,pop_20_29,ratio_20_29,pop_30_39,ratio_30_39,pop_40_49,ratio_40_49,pop_50_59,ratio_50_59,pop_60_69,ratio_60_69,pop_70_79,ratio_70_79,pop_80_plus,ratio_80_plus,farmer_ratio,solitary_elderly,base_year
4711100000,경상북도,포항시 남구,북구,,sigungu,북구,275509,66327,24.07,23755,8.62,6014,2.18,30374,11.02,178808,64.9,218.4,17100,6.21,26018,9.44,23215,8.43,32995,11.98,39081,14.19,46707,16.95,48804,17.71,28840,10.47,12749,4.63,0.0481,16581,2026
4711125000,경상북도,포항시 남구,남구,구룡포읍,eupmyeondong,구룡포읍,6509,3415,52.47,1516,23.29,453,6.96,143,2.2,2951,45.34,2388.1,65,1.0,170,2.61,249,3.83,283,4.35,513,7.88,1056,16.22,1808,27.78,1438,22.09,927,14.24,0.2099,853,2026
4711125300,경상북도,포항시 남구,남구,연일읍,eupmyeondong,연일읍,26633,6156,23.11,2002,7.52,448,1.68,2628,9.87,17849,67.02,234.2,1049,3.94,3139,11.79,2497,9.38,2074,7.79,3914,14.7,5215,19.58,5103,19.16,2645,9.93,997,3.74,0.0924,1539,2026
4711125600,경상북도,포항시 남구,남구,오천읍,eupmyeondong,오천읍,55927,9601,17.17,3150,5.63,818,1.46,6612,11.82,39714,71.01,145.2,3506,6.27,6131,10.96,5968,10.67,7232,12.93,9606,17.18,9936,17.77,7860,14.05,3989,7.13,1699,3.04,0.0687,2400,2026
4711131000,경상북도,포항시 남구,남구,대송면,eupmyeondong,대송면,2869,1470,51.24,581,20.25,148,5.16,62,2.16,1337,46.6,2371.0,23,0.8,78,2.72,106,3.69,183,6.38,221,7.7,399,13.91,887,30.92,665,23.18,307,10.7,0.3843,367,2026
4711132000,경상북도,포항시 남구,남구,동해면,eupmyeondong,동해면,8837,3184,36.03,1311,14.84,347,3.93,588,6.65,5065,57.32,541.5,278,3.15,625,7.07,612,6.93,742,8.4,921,10.42,1550,17.54,1964,22.22,1385,15.67,760,8.6,0.2702,796,2026
4711133000,경상북도,포항시 남구,남구,장기면,eupmyeondong,장기면,3561,2100,58.97,1086,30.5,383,10.76,72,2.02,1389,39.01,2916.7,32,0.9,88,2.47,85,2.39,138,3.88,220,6.18,510,14.32,916,25.72,884,24.82,688,19.32,0.4423,525,2026
4711134000,경상북도,포항시 남구,,대보면,eupmyeondong,포항시 남구 대보면,3500,1200,34.29,540,15.43,144,4.11,,,,,,,,,,,,,,,,,,,,,,,,0.35,300,2026
4711135000,경상북도,포항시 남구,남구,호미곶면,eupmyeondong,호미곶면,1614,911,56.44,464,28.75,134,8.3,35,2.17,668,41.39,2602.9,15,0.93,50,3.1,43,2.66,48,2.97,114,7.06,245,15.18,441,27.32,399,24.72,259,16.05,0.4233,227,2026
4711151000,경상북도,포항시 남구,남구,상대1동,eupmyeondong,상대동,21689,7277,33.55,2525,11.64,405,1.87,1096,5.05,13316,61.4,664.0,530,2.44,1205,5.56,2056,9.48,2316,10.68,2656,12.25,3539,16.32,4666,21.51,3562,16.42,1159,5.34,0.0671,1819,2026
4711152000,경상북도,포항시 남구,남구,상대2동,eupmyeondong,상대동,21689,7277,33.55,2525,11.64,405,1.87,1096,5.05,13316,61.4,664.0,530,2.44,1205,5.56,2056,9.48,2316,10.68,2656,12.25,3539,16.32,4666,21.51,3562,16.42,1159,5.34,0.0671,1819,2026
4711152500,경상북도,포항시 남구,남구,상대동,eupmyeondong,상대동,21689,7277,33.55,2525,11.64,405,1.87,1096,5.05,13316,61.4,664.0,530,2.44,1205,5.56,2056,9.48,2316,10.68,2656,12.25,3539,16.32,4666,21.51,3562,16.42,1159,5.34,0.0671,1819,2026
4711153000,경상북도,포항시 남구,남구,해도1동,eupmyeondong,해도동,14965,6102,40.78,2261,15.11,396,2.65,575,3.84,8288,55.38,1061.2,272,1.82,628,4.2,974,6.51,1202,8.03,1654,11.05,2504,16.73,3700,24.72,2941,19.65,1090,7.28,0.0816,1525,2026
4711154000,경상북도,포항시 남구,남구,해도2동,eupmyeondong,해도동,14965,6102,40.78,2261,15.11,396,2.65,575,3.84,8288,55.38,1061.2,272,1.82,628,4.2,974,6.51,1202,8.03,1654,11.05,2504,16.73,3700,24.72,2941,19.65,1090,7.28,0.0816,1525,2026
4711154500,경상북도,포항시 남구,남구,해도동,eupmyeondong,해도동,14965,6102,40.78,2261,15.11,396,2.65,575,3.84,8288,55.38,1061.2,272,1.82,628,4.2,974,6.51,1202,8.03,1654,11.05,2504,16.73,3700,24.72,2941,19.65,1090,7.28,0.0816,1525,2026
4711155000,경상북도,포항시 남구,남구,송도동,eupmyeondong,송도동,10590,4829,45.6,1878,17.73,395,3.73,387,3.65,5374,50.75,1247.8,185,1.75,475,4.49,601,5.68,657,6.2,1067,10.08,1647,15.55,2674,25.25,2334,22.04,950,8.97,0.0912,1207,2026
4711156000,경상북도,포항시 남구,남구,청림동,eupmyeondong,청림동,4395,1546,35.18,647,14.72,140,3.19,207,4.71,2642,60.11,746.9,128,2.91,190,4.32,506,11.51,579,13.17,412,9.37,631,14.36,899,20.46,721,16.41,329,7.49,0.0704,386,2026
4711157000,경상북도,포항시 남구,남구,제철동,eupmyeondong,제철동,2251,633,28.12,224,9.95,47,2.09,133,5.91,1485,65.97,475.9,59,2.62,166,7.37,269,11.95,247,10.97,248,11.02,389,17.28,484,21.5,279,12.39,110,4.89,0.0562,158,2026
4711158000,경상북도,포항시 남구,남구,효곡동,eupmyeondong,효곡동,28675,4192,14.62,971,3.39,162,0.56,5406,18.85,19077,66.53,77.5,2728,9.51,4556,15.89,2457,8.57,3008,10.49,5607,19.55,4254,14.84,3698,12.9,1992,6.95,375,1.31,0.0292,1048,2026
4711159000,경상북도,포항시 남구,남구,대이동,eupmyeondong,대이동,22994,3575,15.55,1105,4.81,284,1.24,2575,11.2,16844,73.25,138.8,1428,6.21,2398,10.43,2564,11.15,2925,12.72,3429,14.91,4773,20.76,3399,14.78,1486,6.46,592,2.57,0.0311,893,2026
4711300000,경상북도,포항시 북구,북구,,sigungu,북구,275509,66327,24.07,23755,8.62,6014,2.18,30374,11.02,178808,64.9,218.4,17100,6.21,26018,9.44,23215,8.43,32995,11.98,39081,14.19,46707,16.95,48804,17.71,28840,10.47,12749,4.63,0.0481,16581,2026
4711325000,경상북도,포항시 북구,북구,흥해읍,eupmyeondong,흥해읍,60374,11012,18.24,3901,6.46,1114,1.85,8398,13.91,40964,67.85,131.1,5546,9.19,5358,8.87,4988,8.26,9910,16.41,8823,14.61,9974,16.52,9114,15.1,4437,7.35,2224,3.68,0.073,2753,2026
4711331000,경상북도,포항시 북구,북구,신광면,eupmyeondong,신광면,2700,1547,57.3,681,25.22,245,9.07,70,2.59,1083,40.11,2210.0,33,1.22,75,2.78,93,3.44,98,3.63,153,5.67,354,13.11,839,31.07,621,23.0,434,16.07,0.4297,386,2026
4711332000,경상북도,포항시 북구,북구,청하면,eupmyeondong,청하면,4165,2143,51.45,1036,24.87,332,7.97,114,2.74,1908,45.81,1879.8,45,1.08,144,3.46,175,4.2,184,4.42,299,7.18,661,15.87,1106,26.55,895,21.49,656,15.75,0.3859,535,2026
4711333000,경상북도,포항시 북구,북구,송라면,eupmyeondong,송라면,2289,1241,54.22,620,27.09,220,9.61,50,2.18,998,43.6,2482.0,23,1.0,52,2.27,91,3.98,95,4.15,153,6.68,344,15.03,618,27.0,515,22.5,398,17.39,0.4067,310,2026
4711334000,경상북도,포항시 북구,북구,기계면,eupmyeondong,기계면,4646,2577,55.47,1205,25.94,406,8.74,113,2.43,1956,42.1,2280.5,64,1.38,131,2.82,157,3.38,187,4.02,266,5.73,615,13.24,1381,29.72,1076,23.16,769,16.55,0.416,644,2026
4711335000,경상북도,포항시 북구,북구,죽장면,eupmyeondong,죽장면,2634,1595,60.55,704,26.73,245,9.3,37,1.4,1002,38.04,4310.8,11,0.42,54,2.05,59,2.24,62,2.35,108,4.1,374,14.2,904,34.32,639,24.26,423,16.06,0.4541,398,2026
4711335500,경상북도,포항시 북구,,죽장면상옥출장소,eupmyeondong,포항시 북구 죽장면상옥출장소,3500,1200,34.29,540,15.43,144,4.11,,,,,,,,,,,,,,,,,,,,,,,,0.15,300,2026
4711336000,경상북도,포항시 북구,북구,기북면,eupmyeondong,기북면,1279,741,57.94,339,26.51,114,8.91,19,1.49,519,40.58,3900.0,9,0.7,30,2.35,38,2.97,33,2.58,67,5.24,195,15.25,387,30.26,299,23.38,221,17.28,0.4345,185,2026
4711352000,경상북도,포항시 북구,북구,중앙동,eupmyeondong,중앙동,14178,5146,36.3,2206,15.56,547,3.86,801,5.65,8231,58.05,642.4,447,3.15,737,5.2,1158,8.17,1567,11.05,1613,11.38,2208,15.57,2856,20.14,2404,16.96,1188,8.38,0.0726,1286,2026
4711356000,경상북도,포항시 북구,,학산동,eupmyeondong,포항시 북구 학산동,3500,1200,34.29,540,15.43,144,4.11,,,,,,,,,,,,,,,,,,,,,,,,0.15,300,2026
4711363000,경상북도,포항시 북구,북구,양학동,eupmyeondong,양학동,18805,3801,20.21,1162,6.18,221,1.18,2252,11.98,12752,67.81,168.8,1292,6.87,1896,10.08,1660,8.83,2469,13.13,2690,14.3,3355,17.84,3212,17.08,1691,8.99,540,2.87,0.0404,950,2026
4711364000,경상북도,포항시 북구,북구,죽도1동,eupmyeondong,죽도동,17555,6484,36.94,2563,14.6,510,2.91,742,4.23,10329,58.84,873.9,369,2.1,769,4.38,1567,8.93,1834,10.45,2116,12.05,2746,15.64,3747,21.34,3087,17.58,1320,7.52,0.0739,1621,2026
4711365000,경상북도,포항시 북구,북구,죽도2동,eupmyeondong,죽도동,17555,6484,36.94,2563,14.6,510,2.91,742,4.23,10329,58.84,873.9,369,2.1,769,4.38,1567,8.93,1834,10.45,2116,12.05,2746,15.64,3747,21.34,3087,17.58,1320,7.52,0.0739,1621,2026
4711365500,경상북도,포항시 북구,북구,죽도동,eupmyeondong,죽도동,17555,6484,36.94,2563,14.6,510,2.91,742,4.23,10329,58.84,873.9,369,2.1,769,4.38,1567,8.93,1834,10.45,2116,12.05,2746,15.64,3747,21.34,3087,17.58,1320,7.52,0.0739,1621,2026
4711366500,경상북도,포항시 북구,북구,용흥동,eupmyeondong,용흥동,18669,6067,32.5,2176,11.66,468,2.51,1397,7.48,11205,60.02,434.3,654,3.5,1519,8.14,1420,7.61,1452,7.78,2312,12.38,3373,18.07,4001,21.43,2842,15.22,1096,5.87,0.065,1516,2026
4711368000,경상북도,포항시 북구,북구,우창동,eupmyeondong,우창동,29727,6421,21.6,2039,6.86,492,1.66,3674,12.36,19632,66.04,174.8,1999,6.72,3225,10.85,2303,7.75,3447,11.6,4614,15.52,5044,16.97,5309,17.86,2742,9.22,1044,3.51,0.0432,1605,2026
4711369000,경상북도,포항시 북구,북구,두호동,eupmyeondong,두호동,19913,5062,25.42,1558,7.82,327,1.64,2005,10.07,12846,64.51,252.5,1112,5.58,1871,9.4,1615,8.11,2154,10.82,2549,12.8,3589,18.02,4022,20.2,2250,11.3,751,3.77,0.0508,1265,2026
4711370000,경상북도,포항시 북구,북구,장량동,eupmyeondong,장량동,70456,10402,14.76,2850,4.05,642,0.91,9802,13.91,50252,71.32,106.1,5074,7.2,9168,13.01,7314,10.38,8750,12.42,12039,17.09,12506,17.75,9902,14.05,4328,6.14,1375,1.95,0.0295,2600,2026
4711371000,경상북도,포항시 북구,북구,환여동,eupmyeondong,환여동,8119,2088,25.72,715,8.81,131,1.61,900,11.09,5131,63.2,232.0,422,5.2,989,12.18,577,7.11,753,9.27,1279,15.75,1369,16.86,1406,17.32,1014,12.49,310,3.82,0.0514,522,2026
4713000000,경상북도,경주시,,,sigungu,경주시,242880,72534,29.86,30441,12.53,8731,3.59,20037,8.25,150309,61.89,362.0,11079,4.56,18562,7.64,19635,8.08,23109,9.51,29722,12.24,44172,18.19,48176,19.84,30805,12.68,17620,7.25,0.0597,18133,2026
4713025000,경상북도,경주시,,감포읍,eupmyeondong,감포읍,4991,2336,46.8,1100,22.04,317,6.35,136,2.72,2519,50.47,1717.6,71,1.42,182,3.65,252,5.05,265,5.31,439,8.8,852,17.07,1272,25.49,986,19.76,672,13.46,0.1872,584,2026
4713025300,경상북도,경주시,,안강읍,eupmyeondong,안강읍,21412,8024,37.47,3603,16.83,1069,4.99,1103,5.15,12285,57.37,727.5,477,2.23,1418,6.62,1388,6.48,1389,6.49,2044,9.55,4170,19.48,5016,23.43,3433,16.03,2077,9.7,0.1499,2006,2026
4713025600,경상북도,경주시,,건천읍,eupmyeondong,건천읍,14869,4464,30.02,1911,12.85,569,3.83,1182,7.95,9223,62.03,377.7,852,5.73,733,4.93,1138,7.65,1970,13.25,1645,11.06,2615,17.59,2893,19.46,1913,12.87,1110,7.47,0.1201,1116,2026
4713025900,경상북도,경주시,,외동읍,eupmyeondong,외동읍,21487,6496,30.23,2502,11.64,736,3.43,1656,7.71,13335,62.06,392.3,1111,5.17,1116,5.19,1296,6.03,2265,10.54,2699,12.56,3907,18.18,5033,23.42,2661,12.38,1399,6.51,0.1209,1624,2026
4713031000,경상북도,경주시,,양북면,eupmyeondong,경주시 양북면,3500,1200,34.29,540,15.43,144,4.11,,,,,,,,,,,,,,,,,,,,,,,,0.35,300,2026
4713031500,경상북도,경주시,,문무대왕면,eupmyeondong,문무대왕면,3947,1698,43.02,803,20.34,267,6.76,166,4.21,2083,52.77,1022.9,126,3.19,125,3.17,300,7.6,464,11.76,268,6.79,559,14.16,898,22.75,684,17.33,523,13.25,0.3226,424,2026
4713032000,경상북도,경주시,,양남면,eupmyeondong,양남면,6218,2402,38.63,943,15.17,289,4.65,308,4.95,3508,56.42,779.9,160,2.57,313,5.03,395,6.35,430,6.92,588,9.46,1175,18.9,1624,26.12,953,15.33,580,9.33,0.2897,600,2026
4713033000,경상북도,경주시,,내남면,eupmyeondong,내남면,4267,2306,54.04,1093,25.62,370,8.67,111,2.6,1850,43.36,2077.5,47,1.1,141,3.3,167,3.91,178,4.17,266,6.23,597,13.99,1234,28.92,944,22.12,693,16.24,0.4053,576,2026
4713034000,경상북도,경주시,,산내면,eupmyeondong,산내면,3108,1864,59.97,823,26.48,238,7.66,50,1.61,1194,38.42,3728.0,25,0.8,59,1.9,68,2.19,100,3.22,161,5.18,402,12.93,1022,32.88,779,25.06,492,15.83,0.4498,466,2026
4713035000,경상북도,경주시,,서면,eupmyeondong,서면,2885,1570,54.42,806,27.94,233,8.08,76,2.63,1239,42.95,2065.8,39,1.35,102,3.54,103,3.57,127,4.4,179,6.2,425,14.73,751,26.03,675,23.4,484,16.78,0.4082,392,2026
4713036000,경상북도,경주시,,현곡면,eupmyeondong,현곡면,21403,4033,18.84,1464,6.84,414,1.93,2993,13.98,14377,67.17,134.7,1736,8.11,2387,11.15,1730,8.08,2483,11.6,3305,15.44,4009,18.73,3278,15.32,1668,7.79,807,3.77,0.1413,1008,2026
4713037000,경상북도,경주시,,강동면,eupmyeondong,강동면,5701,2586,45.36,1166,20.45,380,6.67,177,3.1,2938,51.53,1461.0,84,1.47,196,3.44,362,6.35,314,5.51,395,6.93,1045,18.33,1512,26.52,1087,19.07,706,12.38,0.3402,646,2026
4713038000,경상북도,경주시,,천북면,eupmyeondong,천북면,5333,2022,37.91,925,17.34,278,5.21,308,5.78,3003,56.31,656.5,183,3.43,270,5.06,293,5.49,463,8.68,568,10.65,938,17.59,1207,22.63,866,16.24,545,10.22,0.2843,505,2026
4713051500,경상북도,경주시,,중부동,eupmyeondong,경주시 중부동,3500,1200,34.29,540,15.43,144,4.11,,,,,,,,,,,,,,,,,,,,,,,,0.15,300,2026
4713052000,경상북도,경주시,,성동동,eupmyeondong,성건동,12204,4464,36.58,1984,16.26,439,3.6,400,3.28,7340,60.14,1116.0,202,1.66,623,5.1,1962,16.08,922,7.55,1031,8.45,1976,16.19,2305,18.89,2134,17.49,1049,8.6,0.0732,1116,2026
4713053000,경상북도,경주시,,황오동,eupmyeondong,황오동,9451,4109,43.48,1914,20.25,503,5.32,308,3.26,5034,53.26,1334.1,146,1.54,400,4.23,711,7.52,699,7.4,947,10.02,1488,15.74,2085,22.06,1867,19.75,1108,11.72,0.087,1027,2026
4713055000,경상북도,경주시,,성건동,eupmyeondong,성건동,12204,4464,36.58,1984,16.26,439,3.6,400,3.28,7340,60.14,1116.0,202,1.66,623,5.1,1962,16.08,922,7.55,1031,8.45,1976,16.19,2305,18.89,2134,17.49,1049,8.6,0.0732,1116,2026
4713056000,경상북도,경주시,,탑정동,eupmyeondong,경주시 탑정동,3500,1200,34.29,540,15.43,144,4.11,,,,,,,,,,,,,,,,,,,,,,,,0.15,300,2026
4713057000,경상북도,경주시,,황남동,eupmyeondong,황남동,3552,1774,49.94,909,25.59,303,8.53,89,2.51,1689,47.55,1993.3,43,1.21,121,3.41,145,4.08,187,5.26,299,8.42,578,16.27,853,24.01,750,21.11,576,16.22,0.0999,443,2026
4713059000,경상북도,경주시,,선도동,eupmyeondong,선도동,13492,3161,23.43,1294,9.59,384,2.85,1197,8.87,9134,67.7,264.1,528,3.91,1398,10.36,1355,10.04,1185,8.78,1925,14.27,2680,19.86,2310,17.12,1388,10.29,723,5.36,0.0469,790,2026
4713060500,경상북도,경주시,,월성동,eupmyeondong,월성동,5176,2008,38.79,927,17.91,268,5.18,356,6.88,2812,54.33,564.0,150,2.9,366,7.07,284,5.49,338,6.53,541,10.45,939,18.14,1168,22.57,846,16.34,544,10.51,0.0776,502,2026
4713061500,경상북도,경주시,,용강동,eupmyeondong,용강동,24683,3677,14.9,1271,5.15,350,1.42,4123,16.7,16883,68.4,89.2,2359,9.56,3136,12.71,1890,7.66,3149,12.76,4527,18.34,4141,16.78,3276,13.27,1486,6.02,719,2.91,0.0298,919,2026
4713062100,경상북도,경주시,,황성동,eupmyeondong,황성동,27969,4678,16.73,1596,5.71,412,1.47,3279,11.72,20012,71.55,142.7,1676,5.99,3349,11.97,2953,10.56,3082,11.02,4218,15.08,5726,20.47,4207,15.04,1890,6.76,868,3.1,0.0335,1169,2026
4713063000,경상북도,경주시,,동천동,eupmyeondong,동천동,19761,5100,25.81,1787,9.04,424,2.15,1244,6.3,13417,67.9,410.0,578,2.92,1526,7.72,2126,10.76,2043,10.34,2388,12.08,4018,20.33,3883,19.65,2241,11.34,958,4.85,0.0516,1275,2026
4713065000,경상북도,경주시,,불국동,eupmyeondong,불국동,9427,3092,32.8,1327,14.08,403,4.27,722,7.66,5613,59.54,428.3,456,4.84,553,5.87,619,6.57,962,10.2,1145,12.15,1652,17.52,1953,20.72,1270,13.47,817,8.67,0.0656,773,2026
4713066000,경상북도,경주시,,보덕동,eupmyeondong,보덕동,1544,670,43.39,293,18.98,85,5.51,53,3.43,821,53.17,1264.2,30,1.94,48,3.11,98,6.35,94,6.09,144,9.33,280,18.13,396,25.65,284,18.39,170,11.01,0.0868,167,2026
4715000000,경상북도,김천시,,,sigungu,김천시,132550,39888,30.09,17168,12.95,5597,4.22,12543,9.46,80119,60.44,318.0,6912,5.21,11979,9.04,10057,7.59,12829,9.68,16880,12.73,21983,16.58,24908,18.79,16645,12.56,10357,7.81,0.0602,9972,2026
4715025000,경상북도,김천시,,아포읍,eupmyeondong,아포읍,7849,2828,36.03,1182,15.06,383,4.88,424,5.4,4597,58.57,667.0,231,2.94,415,5.29,424,5.4,633,8.06,791,10.08,1531,19.51,1972,25.12,1149,14.64,703,8.96,0.1441,707,2026
4715031000,경상북도,김천시,,농소면,eupmyeondong,농소면,2997,1286,42.91,607,20.25,216,7.21,152,5.07,1559,52.02,846.1,77,2.57,149,4.97,163,5.44,185,6.17,259,8.64,547,18.25,711,23.72,525,17.52,381,12.71,0.3218,321,2026
4715032000,경상북도,김천시,,남면,eupmyeondong,남면,2834,1393,49.15,664,23.43,252,8.89,85,3.0,1356,47.85,1638.8,45,1.59,88,3.11,126,4.45,170,6.0,196,6.92,435,15.35,781,27.56,564,19.9,429,15.14,0.3686,348,2026
4715034000,경상북도,김천시,,개령면,eupmyeondong,개령면,2175,1155,53.1,519,23.86,181,8.32,60,2.76,960,44.14,1925.0,31,1.43,79,3.63,75,3.45,102,4.69,139,6.39,319,14.67,621,28.55,496,22.8,313,14.39,0.3982,288,2026
4715035000,경상북도,김천시,,감문면,eupmyeondong,감문면,2971,1694,57.02,808,27.2,336,11.31,53,1.78,1224,41.2,3196.2,30,1.01,68,2.29,78,2.63,94,3.16,180,6.06,430,14.47,885,29.79,653,21.98,553,18.61,0.4277,423,2026
4715036000,경상북도,김천시,,어모면,eupmyeondong,어모면,3902,1761,45.13,806,20.66,273,7.0,208,5.33,1933,49.54,846.6,124,3.18,151,3.87,200,5.13,239,6.13,314,8.05,650,16.66,1008,25.83,713,18.27,503,12.89,0.3385,440,2026
4715037000,경상북도,김천시,,봉산면,eupmyeondong,봉산면,2768,1371,49.53,589,21.28,183,6.61,97,3.5,1300,46.97,1413.4,42,1.52,117,4.23,99,3.58,133,4.8,208,7.51,435,15.72,801,28.94,561,20.27,372,13.44,0.3715,342,2026
4715038000,경상북도,김천시,,대항면,eupmyeondong,대항면,3034,1452,47.86,618,20.37,207,6.82,96,3.16,1486,48.98,1512.5,46,1.52,133,4.38,139,4.58,135,4.45,213,7.02,498,16.41,899,29.63,590,19.45,381,12.56,0.3589,363,2026
4715039000,경상북도,김천시,,감천면,eupmyeondong,감천면,1655,826,49.91,383,23.14,156,9.43,54,3.26,775,46.83,1529.6,27,1.63,56,3.38,50,3.02,74,4.47,117,7.07,286,17.28,470,28.4,339,20.48,236,14.26,0.3743,206,2026
4715040000,경상북도,김천시,,조마면,eupmyeondong,조마면,1985,1059,53.35,475,23.93,178,8.97,50,2.52,876,44.13,2118.0,26,1.31,62,3.12,56,2.82,85,4.28,154,7.76,268,13.5,607,30.58,439,22.12,288,14.51,0.4001,264,2026
4715041000,경상북도,김천시,,구성면,eupmyeondong,구성면,2530,1480,58.5,720,28.46,273,10.79,43,1.7,1007,39.8,3441.9,23,0.91,45,1.78,66,2.61,84,3.32,115,4.55,378,14.94,736,29.09,615,24.31,468,18.5,0.4387,370,2026
4715042000,경상북도,김천시,,지례면,eupmyeondong,지례면,1364,796,58.36,414,30.35,161,11.8,39,2.86,529,38.78,2041.0,18,1.32,55,4.03,36,2.64,47,3.45,56,4.11,168,12.32,379,27.79,326,23.9,279,20.45,0.4377,199,2026
4715043000,경상북도,김천시,,부항면,eupmyeondong,부항면,1168,670,57.36,311,26.63,128,10.96,21,1.8,477,40.84,3190.5,7,0.6,41,3.51,28,2.4,40,3.42,66,5.65,168,14.38,350,29.97,255,21.83,213,18.24,0.4302,167,2026
4715044000,경상북도,김천시,,대덕면,eupmyeondong,대덕면,2054,1039,50.58,503,24.49,187,9.1,130,6.33,885,43.09,799.2,27,1.31,272,13.24,44,2.14,80,3.89,110,5.36,249,12.12,530,25.8,414,20.16,328,15.97,0.3794,259,2026
4715045000,경상북도,김천시,,증산면,eupmyeondong,증산면,940,536,57.02,234,24.89,100,10.64,18,1.91,386,41.06,2977.8,10,1.06,23,2.45,18,1.91,23,2.45,53,5.64,142,15.11,316,33.62,203,21.6,152,16.17,0.4277,134,2026
4715051500,경상북도,김천시,,용암동,eupmyeondong,용암면,3446,1696,49.22,667,19.36,203,5.89,87,2.52,1663,48.26,1949.4,47,1.36,87,2.52,99,2.87,178,5.17,257,7.46,590,17.12,1052,30.53,751,21.79,385,11.17,0.3691,424,2026
4715051600,경상북도,김천시,,자산동,eupmyeondong,자산동,5613,2515,44.81,1111,19.79,313,5.58,227,4.04,2871,51.15,1107.9,120,2.14,251,4.47,375,6.68,423,7.54,543,9.67,882,15.71,1271,22.64,1121,19.97,627,11.17,0.0896,628,2026
4715053500,경상북도,김천시,,성남동,eupmyeondong,김천시 성남동,3500,1200,34.29,540,15.43,144,4.11,,,,,,,,,,,,,,,,,,,,,,,,0.15,300,2026
4715053600,경상북도,김천시,,평화남산동,eupmyeondong,평화남산동,6667,2769,41.53,1273,19.09,376,5.64,247,3.7,3651,54.76,1121.1,128,1.92,326,4.89,517,7.75,570,8.55,708,10.62,997,14.95,1448,21.72,1209,18.13,764,11.46,0.0831,692,2026
4715054000,경상북도,김천시,,평화동,eupmyeondong,평화남산동,6667,2769,41.53,1273,19.09,376,5.64,247,3.7,3651,54.76,1121.1,128,1.92,326,4.89,517,7.75,570,8.55,708,10.62,997,14.95,1448,21.72,1209,18.13,764,11.46,0.0831,692,2026
4715056500,경상북도,김천시,,양금동,eupmyeondong,양금동,3283,1636,49.83,799,24.34,232,7.07,131,3.99,1516,46.18,1248.9,53,1.61,162,4.93,176,5.36,147,4.48,250,7.61,526,16.02,768,23.39,735,22.39,466,14.19,0.0997,409,2026
4715057500,경상북도,김천시,,대신동,eupmyeondong,대신동,22843,4606,20.16,1816,7.95,563,2.46,2204,9.65,16033,70.19,209.0,1088,4.76,2620,11.47,2778,12.16,2397,10.49,3099,13.57,4398,19.25,3489,15.27,1914,8.38,1060,4.64,0.0403,1151,2026
4715059500,경상북도,김천시,,대곡동,eupmyeondong,대곡동,20237,5168,25.54,2019,9.98,594,2.94,2064,10.2,13005,64.26,250.4,1191,5.89,2363,11.68,1555,7.68,1972,9.74,2659,13.14,3599,17.78,3537,17.48,2220,10.97,1141,5.64,0.0511,1292,2026
4715061000,경상북도,김천시,,지좌동,eupmyeondong,지좌동,10274,2352,22.89,897,8.73,208,2.02,927,9.02,6995,68.08,253.7,507,4.93,916,8.92,1027,10.0,1221,11.88,1446,14.07,1926,18.75,1731,16.85,1022,9.95,478,4.65,0.0458,588,2026
4715064000,경상북도,김천시,,율곡동,eupmyeondong,율곡동,23407,1496,6.39,420,1.79,97,0.41,5213,22.27,16698,71.34,28.7,3061,13.08,3587,15.32,2027,8.66,3975,16.98,5204,22.23,3151,13.46,1598,6.83,582,2.49,222,0.95,0.0128,374,2026
4717000000,경상북도,안동시,,,sigungu,안동시,151584,46698,30.81,20694,13.65,6446,4.25,12925,8.53,91961,60.67,361.3,6968,4.6,13045,8.61,14806,9.77,13988,9.23,18037,11.9,25133,16.58,27621,18.22,19415,12.81,12571,8.29,0.0616,11674,2026
4717025000,경상북도,안동시,,풍산읍,eupmyeondong,풍산읍,7967,3023,37.94,1439,18.06,487,6.11,543,6.82,4401,55.24,556.7,326,4.09,463,5.81,510,6.4,775,9.73,775,9.73,1320,16.57,1635,20.52,1266,15.89,897,11.26,0.1518,755,2026
4717031000,경상북도,안동시,,와룡면,eupmyeondong,와룡면,3585,1963,54.76,981,27.36,372,10.38,85,2.37,1537,42.87,2309.4,46,1.28,123,3.43,167,4.66,153,4.27,186,5.19,538,15.01,952,26.56,791,22.06,629,17.55,0.4107,490,2026
4717032000,경상북도,안동시,,북후면,eupmyeondong,북후면,2697,1431,53.06,724,26.84,293,10.86,59,2.19,1207,44.75,2425.4,23,0.85,70,2.6,67,2.48,122,4.52,202,7.49,460,17.06,716,26.55,536,19.87,501,18.58,0.398,357,2026
4717033000,경상북도,안동시,,서후면,eupmyeondong,서후면,3698,1644,44.46,744,20.12,269,7.27,89,2.41,1965,53.14,1847.2,48,1.3,204,5.52,443,11.98,211,5.71,271,7.33,523,14.14,845,22.85,678,18.33,475,12.84,0.3335,411,2026
4717034000,경상북도,안동시,,풍천면,eupmyeondong,풍천면,7604,1955,25.71,927,12.19,307,4.04,774,10.18,4875,64.11,252.6,562,7.39,425,5.59,764,10.05,1447,19.03,992,13.05,970,12.76,1069,14.06,776,10.21,599,7.88,0.1928,488,2026
4717034500,경상북도,안동시,,풍천면어담출장소,eupmyeondong,안동시 풍천면어담출장소,3500,1200,34.29,540,15.43,144,4.11,,,,,,,,,,,,,,,,,,,,,,,,0.15,300,2026
4717035000,경상북도,안동시,,일직면,eupmyeondong,일직면,2328,1338,57.47,708,30.41,238,10.22,47,2.02,943,40.51,2846.8,17,0.73,76,3.26,67,2.88,72,3.09,134,5.76,332,14.26,651,27.96,560,24.05,419,18.0,0.431,334,2026
4717036000,경상북도,안동시,,남후면,eupmyeondong,남후면,1573,917,58.3,486,30.9,194,12.33,37,2.35,619,39.35,2478.4,19,1.21,43,2.73,46,2.92,57,3.62,107,6.8,204,12.97,417,26.51,349,22.19,331,21.04,0.4372,229,2026
4717037000,경상북도,안동시,,남선면,eupmyeondong,남선면,1924,956,49.69,410,21.31,136,7.07,56,2.91,912,47.4,1707.1,34,1.77,55,2.86,90,4.68,97,5.04,120,6.24,324,16.84,561,29.16,375,19.49,268,13.93,0.3727,239,2026
4717038000,경상북도,안동시,,임하면,eupmyeondong,임하면,2489,1349,54.2,615,24.71,227,9.12,58,2.33,1082,43.47,2325.9,31,1.25,73,2.93,85,3.42,94,3.78,170,6.83,410,16.47,659,26.48,553,22.22,414,16.63,0.4065,337,2026
4717039000,경상북도,안동시,,길안면,eupmyeondong,길안면,2489,1425,57.25,687,27.6,239,9.6,35,1.41,1029,41.34,4071.4,17,0.68,58,2.33,57,2.29,91,3.66,128,5.14,343,13.78,801,32.18,533,21.41,461,18.52,0.4294,356,2026
4717040000,경상북도,안동시,,임동면,eupmyeondong,임동면,1522,913,59.99,425,27.92,152,9.99,31,2.04,578,37.98,2945.2,17,1.12,35,2.3,44,2.89,36,2.37,85,5.58,229,15.05,448,29.43,338,22.21,290,19.05,0.4499,228,2026
4717041000,경상북도,안동시,,예안면,eupmyeondong,예안면,1600,962,60.12,445,27.81,149,9.31,33,2.06,605,37.81,2915.2,18,1.12,36,2.25,37,2.31,46,2.88,61,3.81,215,13.44,507,31.69,401,25.06,279,17.44,0.4509,240,2026
4717041500,경상북도,안동시,,예안면삼계출장소,eupmyeondong,안동시 예안면삼계출장소,3500,1200,34.29,540,15.43,144,4.11,,,,,,,,,,,,,,,,,,,,,,,,0.15,300,2026
4717042000,경상북도,안동시,,도산면,eupmyeondong,도산면,1333,826,61.97,408,30.61,133,9.98,14,1.05,493,36.98,5900.0,3,0.23,32,2.4,34,2.55,37,2.78,53,3.98,191,14.33,393,29.48,330,24.76,260,19.5,0.4648,206,2026
4717042500,경상북도,안동시,,도산면서부출장소,eupmyeondong,안동시 도산면서부출장소,3500,1200,34.29,540,15.43,144,4.11,,,,,,,,,,,,,,,,,,,,,,,,0.15,300,2026
4717043000,경상북도,안동시,,녹전면,eupmyeondong,녹전면,1519,927,61.03,450,29.62,167,10.99,37,2.44,555,36.54,2505.4,17,1.12,42,2.76,29,1.91,42,2.76,86,5.66,185,12.18,453,29.82,361,23.77,304,20.01,0.4577,231,2026
4717051000,경상북도,안동시,,중구동,eupmyeondong,중구동,4828,1675,34.69,841,17.42,227,4.7,250,5.18,2903,60.13,670.0,142,2.94,320,6.63,612,12.68,463,9.59,507,10.5,742,15.37,776,16.07,773,16.01,493,10.21,0.0694,418,2026
4717052000,경상북도,안동시,,명륜동,eupmyeondong,명륜동,4575,1580,34.54,688,15.04,187,4.09,283,6.19,2712,59.28,558.3,137,2.99,341,7.45,368,8.04,363,7.93,516,11.28,803,17.55,978,21.38,650,14.21,419,9.16,0.0691,395,2026
4717055500,경상북도,안동시,,용상동,eupmyeondong,용상동,24634,4826,19.59,2009,8.16,557,2.26,2693,10.93,17115,69.48,179.2,1511,6.13,2930,11.89,4071,16.53,2607,10.58,3260,13.23,3843,15.6,3192,12.96,2079,8.44,1141,4.63,0.0392,1206,2026
4717058500,경상북도,안동시,,서구동,eupmyeondong,서구동,8078,2689,33.29,1233,15.26,348,4.31,691,8.55,4698,58.16,389.1,286,3.54,832,10.3,684,8.47,549,6.8,1036,12.82,1345,16.65,1437,17.79,1198,14.83,711,8.8,0.0666,672,2026
4717060000,경상북도,안동시,,태화동,eupmyeondong,태화동,11780,3689,31.32,1612,13.68,394,3.34,979,8.31,7112,60.37,376.8,538,4.57,852,7.23,996,8.46,1096,9.3,1592,13.51,1971,16.73,2169,18.41,1648,13.99,918,7.79,0.0626,922,2026
4717061000,경상북도,안동시,,법상동,eupmyeondong,안동시 법상동,3500,1200,34.29,540,15.43,144,4.11,,,,,,,,,,,,,,,,,,,,,,,,0.15,300,2026
4717062000,경상북도,안동시,,평화동,eupmyeondong,평화동,5741,2016,35.12,884,15.4,240,4.18,403,7.02,3322,57.86,500.2,174,3.03,453,7.89,477,8.31,469,8.17,657,11.44,1005,17.51,1100,19.16,901,15.69,505,8.8,0.0702,504,2026
4717063000,경상북도,안동시,,안기동,eupmyeondong,안기동,5670,1926,33.97,773,13.63,191,3.37,395,6.97,3349,59.07,487.6,210,3.7,415,7.32,470,8.29,481,8.48,631,11.13,1003,17.69,1213,21.39,825,14.55,422,7.44,0.0679,481,2026
4717065000,경상북도,안동시,,옥동,eupmyeondong,옥동,19538,4126,21.12,1528,7.82,457,2.34,2244,11.49,13168,67.4,183.9,1096,5.61,2342,11.99,2128,10.89,1935,9.9,2867,14.67,3540,18.12,3081,15.77,1676,8.58,873,4.47,0.0422,1031,2026
4717066000,경상북도,안동시,,송하동,eupmyeondong,송하동,14468,2962,20.47,1052,7.27,306,2.12,1776,12.28,9730,67.25,166.8,1006,6.95,1528,10.56,1442,9.97,1701,11.76,2063,14.26,2618,18.1,2346,16.22,1157,8.0,607,4.2,0.0409,740,2026
4717069000,경상북도,안동시,,강남동,eupmyeondong,강남동,9944,1580,15.89,625,6.29,176,1.77,1313,13.2,7051,70.91,120.3,690,6.94,1297,13.04,1118,11.24,1044,10.5,1538,15.47,2019,20.3,1222,12.29,661,6.65,355,3.57,0.0318,395,2026
4719000000,경상북도,구미시,,,sigungu,구미시,402691,60464,15.01,19942,4.95,5710,1.42,49026,12.17,293201,72.81,123.3,26293,6.53,44664,11.09,42455,10.54,57050,14.17,69428,17.24,71734,17.81,55997,13.91,23808,5.91,11262,2.8,0.03,15116,2026
4719025000,경상북도,구미시,,선산읍,eupmyeondong,선산읍,12992,4660,35.87,1918,14.76,647,4.98,869,6.69,7463,57.44,536.2,421,3.24,939,7.23,786,6.05,870,6.7,1419,10.92,2419,18.62,3036,23.37,1901,14.63,1201,9.24,0.1435,1165,2026
4719025300,경상북도,구미시,,고아읍,eupmyeondong,고아읍,40186,6919,17.22,2212,5.5,737,1.83,5549,13.81,27718,68.97,124.7,3225,8.03,4206,10.47,3187,7.93,5099,12.69,6051,15.06,7584,18.87,7008,17.44,2467,6.14,1359,3.38,0.0689,1729,2026
4719025600,경상북도,구미시,,산동읍,eupmyeondong,산동읍,30980,1613,5.21,510,1.65,187,0.6,7826,25.26,21541,69.53,20.6,4859,15.68,4710,15.2,1762,5.69,6575,21.22,7577,24.46,2974,9.6,1594,5.15,603,1.95,326,1.05,0.0208,403,2026
4719031000,경상북도,구미시,,무을면,eupmyeondong,무을면,1675,952,56.84,445,26.57,189,11.28,41,2.45,682,40.72,2322.0,22,1.31,36,2.15,50,2.99,53,3.16,87,5.19,241,14.39,499,29.79,391,23.34,296,17.67,0.4263,238,2026
4719032000,경상북도,구미시,,옥성면,eupmyeondong,옥성면,1570,865,55.1,406,25.86,156,9.94,20,1.27,685,43.63,4325.0,8,0.51,25,1.59,54,3.44,50,3.18,98,6.24,247,15.73,465,29.62,363,23.12,260,16.56,0.4133,216,2026
4719033000,경상북도,구미시,,도개면,eupmyeondong,도개면,1951,1052,53.92,518,26.55,199,10.2,48,2.46,851,43.62,2191.7,19,0.97,93,4.77,59,3.02,68,3.49,127,6.51,289,14.81,544,27.88,419,21.48,333,17.07,0.4044,263,2026
4719034000,경상북도,구미시,,해평면,eupmyeondong,해평면,3521,1800,51.12,882,25.05,307,8.72,81,2.3,1640,46.58,2222.2,36,1.02,117,3.32,143,4.06,144,4.09,240,6.82,612,17.38,932,26.47,738,20.96,559,15.88,0.3834,450,2026
4719035000,경상북도,구미시,,산동면,eupmyeondong,산내면,3108,1864,59.97,823,26.48,238,7.66,50,1.61,1194,38.42,3728.0,25,0.8,59,1.9,68,2.19,100,3.22,161,5.18,402,12.93,1022,32.88,779,25.06,492,15.83,0.4498,466,2026
4719036000,경상북도,구미시,,장천면,eupmyeondong,장천면,2654,1251,47.14,578,21.78,192,7.23,85,3.2,1318,49.66,1471.8,34,1.28,127,4.79,117,4.41,126,4.75,217,8.18,452,17.03,708,26.68,522,19.67,351,13.23,0.3535,312,2026
4719051000,경상북도,구미시,,송정동,eupmyeondong,송정동,22877,4633,20.25,1366,5.97,296,1.29,2036,8.9,16208,70.85,227.6,1070,4.68,2028,8.86,2569,11.23,3043,13.3,3305,14.45,4178,18.26,4024,17.59,1990,8.7,670,2.93,0.0405,1158,2026
4719052000,경상북도,구미시,,원평1동,eupmyeondong,원평동,9420,1955,20.75,729,7.74,175,1.86,1035,10.99,6430,68.26,188.9,739,7.85,577,6.13,691,7.34,1632,17.32,1573,16.7,1528,16.22,1426,15.14,867,9.2,387,4.11,0.0415,488,2026
4719053000,경상북도,구미시,,원평2동,eupmyeondong,원평동,9420,1955,20.75,729,7.74,175,1.86,1035,10.99,6430,68.26,188.9,739,7.85,577,6.13,691,7.34,1632,17.32,1573,16.7,1528,16.22,1426,15.14,867,9.2,387,4.11,0.0415,488,2026
4719053500,경상북도,구미시,,원평동,eupmyeondong,원평동,9420,1955,20.75,729,7.74,175,1.86,1035,10.99,6430,68.26,188.9,739,7.85,577,6.13,691,7.34,1632,17.32,1573,16.7,1528,16.22,1426,15.14,867,9.2,387,4.11,0.0415,488,2026
4719055100,경상북도,구미시,,도량동,eupmyeondong,도량동,25786,5393,20.91,1617,6.27,435,1.69,2646,10.26,17747,68.82,203.8,1249,4.84,2789,10.82,2272,8.81,2498,9.69,3781,14.66,5223,20.26,4941,19.16,2164,8.39,869,3.37,0.0418,1348,2026
4719055500,경상북도,구미시,,지산동,eupmyeondong,지산동,1766,743,42.07,256,14.5,63,3.57,63,3.57,960,54.36,1179.4,30,1.7,64,3.62,118,6.68,106,6.0,150,8.49,319,18.06,508,28.77,338,19.14,133,7.53,0.0841,185,2026
4719056500,경상북도,구미시,,선주원남동,eupmyeondong,선주원남동,35630,5293,14.86,1482,4.16,374,1.05,3944,11.07,26393,74.08,134.2,1762,4.95,4674,13.12,4358,12.23,3705,10.4,5799,16.28,7017,19.69,5476,15.37,2075,5.82,764,2.14,0.0297,1323,2026
4719058200,경상북도,구미시,,형곡1동,eupmyeondong,형곡1동,12163,2519,20.71,774,6.36,163,1.34,1126,9.26,8518,70.03,223.7,511,4.2,1266,10.41,1213,9.97,1220,10.03,1691,13.9,2507,20.61,2320,19.07,1068,8.78,367,3.02,0.0414,629,2026
4719058300,경상북도,구미시,,형곡2동,eupmyeondong,형곡2동,14479,2981,20.59,784,5.41,184,1.27,940,6.49,10558,72.92,317.1,406,2.8,1269,8.76,1664,11.49,1566,10.82,1827,12.62,3178,21.95,3017,20.84,1150,7.94,402,2.78,0.0412,745,2026
4719059000,경상북도,구미시,,신평1동,eupmyeondong,신평1동,4547,837,18.41,317,6.97,84,1.85,313,6.88,3397,74.71,267.4,216,4.75,215,4.73,801,17.62,846,18.61,547,12.03,719,15.81,670,14.73,358,7.87,175,3.85,0.0368,209,2026
4719060000,경상북도,구미시,,신평2동,eupmyeondong,신평2동,2774,571,20.58,216,7.79,66,2.38,275,9.91,1928,69.5,207.6,178,6.42,184,6.63,268,9.66,465,16.76,372,13.41,494,17.81,462,16.65,228,8.22,123,4.43,0.0412,142,2026
4719061000,경상북도,구미시,,비산동,eupmyeondong,비산동,13418,1341,9.99,347,2.59,78,0.58,1934,14.41,10143,75.59,69.3,1238,9.23,1275,9.5,1371,10.22,2580,19.23,2341,17.45,2307,17.19,1662,12.39,449,3.35,195,1.45,0.02,335,2026
4719062100,경상북도,구미시,,공단1동,eupmyeondong,공단동,3980,397,9.97,80,2.01,9,0.23,504,12.66,3079,77.36,78.8,293,7.36,336,8.44,498,12.51,811,20.38,731,18.37,652,16.38,477,11.98,153,3.84,29,0.73,0.0199,99,2026
4719062200,경상북도,구미시,,공단2동,eupmyeondong,공단동,3980,397,9.97,80,2.01,9,0.23,504,12.66,3079,77.36,78.8,293,7.36,336,8.44,498,12.51,811,20.38,731,18.37,652,16.38,477,11.98,153,3.84,29,0.73,0.0199,99,2026
4719063000,경상북도,구미시,,광평동,eupmyeondong,광평동,3923,691,17.61,239,6.09,51,1.3,279,7.11,2953,75.27,247.7,134,3.42,315,8.03,513,13.08,510,13.0,634,16.16,772,19.68,631,16.08,285,7.26,129,3.29,0.0352,172,2026
4719064500,경상북도,구미시,,상모사곡동,eupmyeondong,상모사곡동,29726,3020,10.16,862,2.9,236,0.79,3314,11.15,23392,78.69,91.1,1713,5.76,3309,11.13,3810,12.82,4065,13.67,4903,16.49,6610,22.24,3757,12.64,1100,3.7,459,1.54,0.0203,755,2026
4719066000,경상북도,구미시,,임오동,eupmyeondong,임오동,16506,1658,10.04,460,2.79,123,0.75,2194,13.29,12654,76.66,75.6,1037,6.28,2249,13.63,1639,9.93,2058,12.47,3241,19.64,3411,20.67,2032,12.31,589,3.57,250,1.51,0.0201,414,2026
4719067000,경상북도,구미시,,인동동,eupmyeondong,인동동,46230,5085,11.0,1587,3.43,394,0.85,5066,10.96,36079,78.04,100.4,2467,5.34,5514,11.93,5397,11.67,7365,15.93,9277,20.07,8211,17.76,5182,11.21,1939,4.19,878,1.9,0.022,1271,2026
4719068000,경상북도,구미시,,진미동,eupmyeondong,진미동,16022,1188,7.41,359,2.24,86,0.54,909,5.67,13925,86.91,130.7,488,3.05,991,6.19,2816,17.58,4482,27.97,3158,19.71,2172,13.56,1240,7.74,484,3.02,191,1.19,0.0148,297,2026
4719069000,경상북도,구미시,,양포동,eupmyeondong,양포동,47915,3047,6.36,998,2.08,279,0.58,7929,16.55,36939,77.09,38.4,4138,8.64,7356,15.35,6299,13.15,7113,14.85,10282,21.46,7618,15.9,3386,7.07,1167,2.44,556,1.16,0.0127,761,2026
4719070000,경상북도,구미시,,공단동,eupmyeondong,공단동,3980,397,9.97,80,2.01,9,0.23,504,12.66,3079,77.36,78.8,293,7.36,336,8.44,498,12.51,811,20.38,731,18.37,652,16.38,477,11.98,153,3.84,29,0.73,0.0199,99,2026
4721000000,경상북도,영주시,,,sigungu,영주시,96345,33315,34.58,14828,15.39,4642,4.82,7584,7.87,55446,57.55,439.3,3932,4.08,8421,8.74,7511,7.8,7400,7.68,10697,11.1,16315,16.93,18936,19.65,14206,14.74,8927,9.27,0.0692,8328,2026
4721025000,경상북도,영주시,,풍기읍,eupmyeondong,풍기읍,9874,4112,41.64,1828,18.51,587,5.94,560,5.67,5202,52.68,734.3,276,2.8,895,9.06,661,6.69,555,5.62,850,8.61,1525,15.44,2261,22.9,1742,17.64,1109,11.23,0.1666,1028,2026
4721031000,경상북도,영주시,,이산면,eupmyeondong,이산면,2078,1059,50.96,472,22.71,194,9.34,56,2.69,963,46.34,1891.1,25,1.2,78,3.75,81,3.9,98,4.72,121,5.82,330,15.88,644,30.99,387,18.62,314,15.11,0.3822,264,2026
4721032000,경상북도,영주시,,평은면,eupmyeondong,평은면,1320,767,58.11,397,30.08,154,11.67,25,1.89,528,40.0,3068.0,13,0.98,39,2.95,29,2.2,41,3.11,70,5.3,197,14.92,361,27.35,317,24.02,253,19.17,0.4358,191,2026
4721033000,경상북도,영주시,,문수면,eupmyeondong,문수면,1818,953,52.42,444,24.42,167,9.19,62,3.41,803,44.17,1537.1,41,2.26,59,3.25,67,3.69,99,5.45,106,5.83,278,15.29,501,27.56,353,19.42,314,17.27,0.3931,238,2026
4721034000,경상북도,영주시,,장수면,eupmyeondong,장수면,1947,1051,53.98,511,26.25,197,10.12,60,3.08,836,42.94,1751.7,33,1.69,63,3.24,95,4.88,105,5.39,128,6.57,248,12.74,511,26.25,415,21.31,349,17.93,0.4048,262,2026
4721035000,경상북도,영주시,,안정면,eupmyeondong,안정면,2715,1511,55.65,754,27.77,288,10.61,95,3.5,1109,40.85,1590.5,51,1.88,90,3.31,96,3.54,124,4.57,164,6.04,393,14.48,691,25.45,607,22.36,499,18.38,0.4174,377,2026
4721036000,경상북도,영주시,,봉현면,eupmyeondong,봉현면,2436,1237,50.78,514,21.1,164,6.73,90,3.69,1109,45.53,1374.4,41,1.68,98,4.02,97,3.98,133,5.46,182,7.47,353,14.49,692,28.41,540,22.17,300,12.32,0.3809,309,2026
4721037000,경상북도,영주시,,순흥면,eupmyeondong,순흥면,1804,1035,57.37,450,24.94,153,8.48,37,2.05,732,40.58,2797.3,15,0.83,47,2.61,76,4.21,63,3.49,86,4.77,250,13.86,551,30.54,435,24.11,281,15.58,0.4303,258,2026
4721038000,경상북도,영주시,,단산면,eupmyeondong,단산면,1672,967,57.83,470,28.11,174,10.41,29,1.73,676,40.43,3334.5,12,0.72,41,2.45,58,3.47,70,4.19,79,4.72,215,12.86,495,29.61,413,24.7,289,17.28,0.4337,241,2026
4721039000,경상북도,영주시,,부석면,eupmyeondong,부석면,2692,1569,58.28,714,26.52,241,8.95,68,2.53,1055,39.19,2307.4,36,1.34,72,2.67,82,3.05,89,3.31,154,5.72,361,13.41,803,29.83,656,24.37,439,16.31,0.4371,392,2026
4721051000,경상북도,영주시,,상망동,eupmyeondong,상망동,6740,2133,31.65,952,14.12,275,4.08,521,7.73,4086,60.62,409.4,247,3.66,662,9.82,530,7.86,437,6.48,736,10.92,1389,20.61,1222,18.13,937,13.9,580,8.61,0.0633,533,2026
4721052500,경상북도,영주시,,하망동,eupmyeondong,하망동,5611,1877,33.45,884,15.75,260,4.63,437,7.79,3297,58.76,429.5,199,3.55,694,12.37,374,6.67,350,6.24,614,10.94,1025,18.27,1004,17.89,827,14.74,524,9.34,0.0669,469,2026
4721055000,경상북도,영주시,,영주1동,eupmyeondong,영주1동,3352,1472,43.91,684,20.41,183,5.46,174,5.19,1706,50.89,846.0,91,2.71,183,5.46,217,6.47,211,6.29,328,9.79,558,16.65,707,21.09,648,19.33,409,12.2,0.0878,368,2026
4721056000,경상북도,영주시,,영주2동,eupmyeondong,영주2동,4333,1943,44.84,899,20.75,254,5.86,220,5.08,2170,50.08,883.2,107,2.47,253,5.84,239,5.52,246,5.68,429,9.9,682,15.74,985,22.73,863,19.92,529,12.21,0.0897,485,2026
4721059000,경상북도,영주시,,휴천1동,eupmyeondong,휴천1동,6886,1581,22.96,698,10.14,194,2.82,799,11.6,4506,65.44,197.9,462,6.71,919,13.35,591,8.58,687,9.98,885,12.85,1259,18.28,961,13.96,747,10.85,375,5.45,0.0459,395,2026
4721060000,경상북도,영주시,,휴천2동,eupmyeondong,휴천2동,9544,3248,34.03,1479,15.5,389,4.08,619,6.49,5677,59.48,524.7,318,3.33,752,7.88,1028,10.77,750,7.86,998,10.46,1562,16.37,1876,19.66,1430,14.98,830,8.7,0.0681,812,2026
4721061000,경상북도,영주시,,휴천3동,eupmyeondong,휴천3동,6752,2300,34.06,918,13.6,249,3.69,448,6.64,4004,59.3,513.4,219,3.24,492,7.29,536,7.94,537,7.95,728,10.78,1261,18.68,1461,21.64,1005,14.88,513,7.6,0.0681,575,2026
4721062000,경상북도,영주시,,가흥1동,eupmyeondong,가흥1동,14886,2220,14.91,811,5.45,219,1.47,2144,14.4,10522,70.68,103.5,1133,7.61,1957,13.15,1692,11.37,1742,11.7,2612,17.55,2642,17.75,1750,11.76,924,6.21,434,2.92,0.0298,555,2026
4721063000,경상북도,영주시,,가흥2동,eupmyeondong,가흥2동,9885,2280,23.07,949,9.6,300,3.03,1140,11.53,6465,65.4,200.0,613,6.2,1027,10.39,962,9.73,1063,10.75,1427,14.44,1787,18.08,1460,14.77,960,9.71,586,5.93,0.0461,570,2026
4723000000,경상북도,영천시,,,sigungu,영천시,93847,34718,36.99,15416,16.43,4454,4.75,6666,7.1,52463,55.9,520.8,3945,4.2,5997,6.39,5872,6.26,7586,8.08,9802,10.44,16101,17.16,20636,21.99,14949,15.93,8959,9.55,0.074,8679,2026
4723025000,경상북도,영천시,,금호읍,eupmyeondong,금호읍,9757,4182,42.86,1882,19.29,525,5.38,393,4.03,5182,53.11,1064.1,254,2.6,348,3.57,498,5.1,625,6.41,828,8.49,1783,18.27,2520,25.83,1786,18.3,1115,11.43,0.1714,1045,2026
4723031000,경상북도,영천시,,청통면,eupmyeondong,청통면,3740,1899,50.78,854,22.83,263,7.03,133,3.56,1708,45.67,1427.8,93,2.49,90,2.41,153,4.09,196,5.24,275,7.35,582,15.56,1011,27.03,838,22.41,502,13.42,0.3809,474,2026
4723032000,경상북도,영천시,,신녕면,eupmyeondong,신녕면,3446,1791,51.97,853,24.75,254,7.37,98,2.84,1557,45.18,1827.6,60,1.74,222,6.44,110,3.19,148,4.29,215,6.24,509,14.77,876,25.42,784,22.75,522,15.15,0.3898,447,2026
4723033000,경상북도,영천시,,화산면,eupmyeondong,화산면,2844,1563,54.96,789,27.74,253,8.9,71,2.5,1210,42.55,2201.4,54,1.9,72,2.53,84,2.95,123,4.32,176,6.19,417,14.66,760,26.72,655,23.03,503,17.69,0.4122,390,2026
4723034000,경상북도,영천시,,화북면,eupmyeondong,화북면,2125,1168,54.96,509,23.95,166,7.81,76,3.58,881,41.46,1536.8,22,1.04,95,4.47,47,2.21,60,2.82,98,4.61,324,15.25,695,32.71,500,23.53,284,13.36,0.4122,292,2026
4723035000,경상북도,영천시,,화남면,eupmyeondong,화남면,3104,1635,52.67,746,24.03,223,7.18,120,3.87,1349,43.46,1362.5,72,2.32,116,3.74,89,2.87,142,4.57,191,6.15,456,14.69,913,29.41,711,22.91,414,13.34,0.395,408,2026
4723036000,경상북도,영천시,,자양면,eupmyeondong,자양면,1219,638,52.34,290,23.79,91,7.47,27,2.21,554,45.45,2363.0,16,1.31,39,3.2,36,2.95,51,4.18,63,5.17,178,14.6,431,35.36,218,17.88,187,15.34,0.3926,159,2026
4723037000,경상북도,영천시,,임고면,eupmyeondong,임고면,3919,2139,54.58,1055,26.92,303,7.73,123,3.14,1657,42.28,1739.0,78,1.99,103,2.63,127,3.24,172,4.39,251,6.4,614,15.67,1019,26.0,939,23.96,616,15.72,0.4093,534,2026
4723038000,경상북도,영천시,,고경면,eupmyeondong,고경면,5252,2390,45.51,1095,20.85,325,6.19,262,4.99,2600,49.5,912.2,171,3.26,200,3.81,401,7.64,377,7.18,417,7.94,699,13.31,1275,24.28,1049,19.97,663,12.62,0.3413,597,2026
4723039000,경상북도,영천시,,북안면,eupmyeondong,북안면,4092,2244,54.84,1089,26.61,349,8.53,77,1.88,1771,43.28,2914.3,48,1.17,81,1.98,155,3.79,191,4.67,253,6.18,618,15.1,1127,27.54,942,23.02,677,16.54,0.4113,561,2026
4723040000,경상북도,영천시,,대창면,eupmyeondong,대창면,2830,1485,52.47,629,22.23,180,6.36,91,3.22,1254,44.31,1631.9,60,2.12,74,2.61,89,3.14,142,5.02,184,6.5,451,15.94,796,28.13,688,24.31,346,12.23,0.3935,371,2026
4723051000,경상북도,영천시,,동부동,eupmyeondong,동부동,25230,6029,23.9,2284,9.05,596,2.36,2606,10.33,16595,65.77,231.4,1418,5.62,2473,9.8,2075,8.22,2557,10.13,3550,14.07,4878,19.33,4463,17.69,2614,10.36,1202,4.76,0.0478,1507,2026
4723052000,경상북도,영천시,,중앙동,eupmyeondong,중앙동,8694,2268,26.09,960,11.04,256,2.94,904,10.4,5522,63.52,250.9,501,5.76,829,9.54,775,8.91,949,10.92,1130,13.0,1507,17.33,1508,17.35,966,11.11,529,6.08,0.0522,567,2026
4723053500,경상북도,영천시,,서부동,eupmyeondong,서부동,4190,1715,40.93,795,18.97,225,5.37,156,3.72,2319,55.35,1099.4,81,1.93,207,4.94,320,7.64,290,6.92,361,8.62,750,17.9,967,23.08,721,17.21,493,11.77,0.0819,428,2026
4723054000,경상북도,영천시,,완산동,eupmyeondong,완산동,9716,2213,22.78,948,9.76,252,2.59,1274,13.11,6229,64.11,173.7,866,8.91,840,8.65,714,7.35,1251,12.88,1393,14.34,1683,17.32,1479,15.22,965,9.93,525,5.4,0.0456,553,2026
4723055500,경상북도,영천시,,남부동,eupmyeondong,남부동,3689,1359,36.84,638,17.29,193,5.23,255,6.91,2075,56.25,532.9,151,4.09,208,5.64,199,5.39,312,8.46,417,11.3,652,17.67,796,21.58,573,15.53,381,10.33,0.0737,339,2026
4725000000,경상북도,상주시,,,sigungu,상주시,89070,35252,39.58,16412,18.43,5617,6.31,6248,7.01,47570,53.41,564.2,3271,3.67,6754,7.58,5694,6.39,5823,6.54,8950,10.05,14256,16.01,19689,22.11,14410,16.18,10223,11.48,0.0792,8813,2026
4725025000,경상북도,상주시,,함창읍,eupmyeondong,함창읍,5886,2631,44.7,1270,21.58,447,7.59,339,5.76,2916,49.54,776.1,184,3.13,434,7.37,261,4.43,335,5.69,600,10.19,857,14.56,1336,22.7,1070,18.18,809,13.74,0.1788,657,2026
4725031000,경상북도,상주시,,중동면,eupmyeondong,중동면,1265,706,55.81,370,29.25,123,9.72,39,3.08,520,41.11,1810.3,23,1.82,48,3.79,32,2.53,45,3.56,77,6.09,179,14.15,331,26.17,305,24.11,225,17.79,0.4186,176,2026
4725032000,경상북도,상주시,,사벌면,eupmyeondong,사벌국면,3558,1891,53.15,969,27.23,397,11.16,134,3.77,1533,43.09,1411.2,68,1.91,132,3.71,152,4.27,183,5.14,261,7.34,469,13.18,917,25.77,712,20.01,664,18.66,0.3986,472,2026
4725032500,경상북도,상주시,,사벌국면,eupmyeondong,사벌국면,3558,1891,53.15,969,27.23,397,11.16,134,3.77,1533,43.09,1411.2,68,1.91,132,3.71,152,4.27,183,5.14,261,7.34,469,13.18,917,25.77,712,20.01,664,18.66,0.3986,472,2026
4725033000,경상북도,상주시,,낙동면,eupmyeondong,낙동면,3613,1953,54.05,1026,28.4,419,11.6,139,3.85,1521,42.1,1405.0,66,1.83,157,4.35,109,3.02,138,3.82,189,5.23,515,14.25,1012,28.01,728,20.15,699,19.35,0.4054,488,2026
4725033500,경상북도,상주시,,낙동면동부출장소,eupmyeondong,상주시 낙동면동부출장소,3500,1200,34.29,540,15.43,144,4.11,,,,,,,,,,,,,,,,,,,,,,,,0.15,300,2026
4725034000,경상북도,상주시,,청리면,eupmyeondong,청리면,2339,1303,55.71,673,28.77,270,11.54,82,3.51,954,40.79,1589.0,44,1.88,97,4.15,71,3.04,96,4.1,133,5.69,340,14.54,613,26.21,513,21.93,432,18.47,0.4178,325,2026
4725035000,경상북도,상주시,,공성면,eupmyeondong,공성면,3668,1994,54.36,976,26.61,328,8.94,114,3.11,1560,42.53,1749.1,41,1.12,279,7.61,98,2.67,125,3.41,253,6.9,464,12.65,963,26.25,847,23.09,598,16.3,0.4077,498,2026
4725036000,경상북도,상주시,,외남면,eupmyeondong,외남면,1474,812,55.09,415,28.15,165,11.19,51,3.46,611,41.45,1592.2,21,1.42,58,3.93,44,2.99,48,3.26,88,5.97,214,14.52,411,27.88,307,20.83,283,19.2,0.4132,203,2026
4725037000,경상북도,상주시,,내서면,eupmyeondong,내서면,1756,986,56.15,444,25.28,164,9.34,40,2.28,730,41.57,2465.0,18,1.03,49,2.79,42,2.39,64,3.64,99,5.64,239,13.61,584,33.26,365,20.79,296,16.86,0.4211,246,2026
4725038000,경상북도,상주시,,모동면,eupmyeondong,모동면,2417,1140,47.17,470,19.45,135,5.59,93,3.85,1184,48.99,1225.8,36,1.49,186,7.7,84,3.48,100,4.14,182,7.53,361,14.94,695,28.75,489,20.23,284,11.75,0.3538,285,2026
4725039000,경상북도,상주시,,모서면,eupmyeondong,모서면,2226,1172,52.65,524,23.54,199,8.94,71,3.19,983,44.16,1650.7,41,1.84,73,3.28,82,3.68,68,3.05,156,7.01,344,15.45,650,29.2,467,20.98,345,15.5,0.3949,293,2026
4725039500,경상북도,상주시,,모서면서부출장소,eupmyeondong,상주시 모서면서부출장소,3500,1200,34.29,540,15.43,144,4.11,,,,,,,,,,,,,,,,,,,,,,,,0.15,300,2026
4725040000,경상북도,상주시,,화동면,eupmyeondong,화동면,1783,900,50.48,416,23.33,133,7.46,67,3.76,816,45.77,1343.3,39,2.19,84,4.71,65,3.65,80,4.49,124,6.95,256,14.36,527,29.56,348,19.52,260,14.58,0.3786,225,2026
4725041000,경상북도,상주시,,화서면,eupmyeondong,화서면,2683,1214,45.25,555,20.69,203,7.57,206,7.68,1263,47.07,589.3,120,4.47,164,6.11,96,3.58,142,5.29,212,7.9,405,15.1,695,25.9,485,18.08,364,13.57,0.3394,303,2026
4725042000,경상북도,상주시,,화북면,eupmyeondong,화북면,1402,717,51.14,316,22.54,116,8.27,42,3.0,643,45.86,1707.1,16,1.14,57,4.07,42,3.0,38,2.71,92,6.56,244,17.4,445,31.74,260,18.54,208,14.84,0.3835,179,2026
4725042600,경상북도,상주시,,화북면서부출장소,eupmyeondong,상주시 화북면서부출장소,3500,1200,34.29,540,15.43,144,4.11,,,,,,,,,,,,,,,,,,,,,,,,0.15,300,2026
4725043000,경상북도,상주시,,외서면,eupmyeondong,외서면,2380,1269,53.32,624,26.22,216,9.08,87,3.66,1024,43.03,1458.6,33,1.39,112,4.71,70,2.94,80,3.36,163,6.85,368,15.46,650,27.31,525,22.06,379,15.92,0.3999,317,2026
4725044000,경상북도,상주시,,은척면,eupmyeondong,은척면,1437,867,60.33,467,32.5,183,12.73,45,3.13,525,36.53,1926.7,25,1.74,46,3.2,43,2.99,37,2.57,67,4.66,192,13.36,372,25.89,345,24.01,310,21.57,0.4525,216,2026
4725044500,경상북도,상주시,,은척면북부출장소,eupmyeondong,상주시 은척면북부출장소,3500,1200,34.29,540,15.43,144,4.11,,,,,,,,,,,,,,,,,,,,,,,,0.15,300,2026
4725045000,경상북도,상주시,,공검면,eupmyeondong,공검면,1879,1133,60.3,580,30.87,223,11.87,30,1.6,716,38.11,3776.7,11,0.59,53,2.82,63,3.35,72,3.83,114,6.07,259,13.78,468,24.91,473,25.17,366,19.48,0.4522,283,2026
4725046000,경상북도,상주시,,이안면,eupmyeondong,이안면,1843,1032,56.0,576,31.25,214,11.61,68,3.69,743,40.31,1517.6,32,1.74,80,4.34,65,3.53,60,3.26,117,6.35,267,14.49,460,24.96,381,20.67,381,20.67,0.42,258,2026
4725047000,경상북도,상주시,,화남면,eupmyeondong,화남면,751,388,51.66,191,25.43,72,9.59,38,5.06,325,43.28,1021.1,25,3.33,29,3.86,24,3.2,24,3.2,40,5.33,106,14.11,228,30.36,152,20.24,123,16.38,0.3874,97,2026
4725052000,경상북도,상주시,,남원동,eupmyeondong,남원동,10689,3085,28.86,1295,12.12,316,2.96,1018,9.52,6586,61.61,303.0,491,4.59,1196,11.19,850,7.95,884,8.27,1392,13.02,1849,17.3,1947,18.21,1383,12.94,697,6.52,0.0577,771,2026
4725053000,경상북도,상주시,,북문동,eupmyeondong,북문동,9023,2336,25.89,876,9.71,253,2.8,962,10.66,5725,63.45,242.8,522,5.79,851,9.43,816,9.04,890,9.86,1294,14.34,1567,17.37,1575,17.46,1012,11.22,496,5.5,0.0518,584,2026
4725054000,경상북도,상주시,,계림동,eupmyeondong,계림동,8613,2197,25.51,971,11.27,313,3.63,1032,11.98,5384,62.51,212.9,626,7.27,845,9.81,627,7.28,919,10.67,1171,13.6,1541,17.89,1401,16.27,891,10.34,592,6.87,0.051,549,2026
4725055000,경상북도,상주시,,동문동,eupmyeondong,동문동,7170,2244,31.3,1018,14.2,302,4.21,654,9.12,4272,59.58,343.1,326,4.55,636,8.87,549,7.66,567,7.91,834,11.63,1338,18.66,1366,19.05,950,13.25,604,8.42,0.0626,561,2026
4725056000,경상북도,상주시,,동성동,eupmyeondong,동성동,3107,1243,40.01,560,18.02,161,5.18,159,5.12,1705,54.88,781.8,73,2.35,229,7.37,211,6.79,164,5.28,331,10.65,551,17.73,682,21.95,537,17.28,329,10.59,0.08,310,2026
4725057000,경상북도,상주시,,신흥동,eupmyeondong,신흥동,8108,2039,25.15,830,10.24,265,3.27,738,9.1,5331,65.75,276.3,390,4.81,859,10.59,1198,14.78,664,8.19,961,11.85,1331,16.42,1361,16.79,865,10.67,479,5.91,0.0503,509,2026
4728000000,경상북도,문경시,,,sigungu,문경시,64662,25309,39.14,11594,17.93,3744,5.79,4544,7.03,34809,53.83,557.0,2331,3.6,4756,7.36,4233,6.55,4336,6.71,6688,10.34,10498,16.24,14111,21.82,10611,16.41,7098,10.98,0.0783,6327,2026
4728025000,경상북도,문경시,,문경읍,eupmyeondong,문경읍,6487,3019,46.54,1434,22.11,468,7.21,295,4.55,3173,48.91,1023.4,163,2.51,391,6.03,256,3.95,346,5.33,499,7.69,1036,15.97,1674,25.81,1219,18.79,903,13.92,0.1862,754,2026
4728025100,경상북도,문경시,,문경읍갈평출장소,eupmyeondong,문경시 문경읍갈평출장소,3500,1200,34.29,540,15.43,144,4.11,,,,,,,,,,,,,,,,,,,,,,,,0.15,300,2026
4728025300,경상북도,문경시,,가은읍,eupmyeondong,가은읍,3727,1971,52.88,964,25.87,355,9.53,150,4.02,1606,43.09,1314.0,81,2.17,152,4.08,114,3.06,137,3.68,257,6.9,536,14.38,1078,28.92,737,19.77,635,17.04,0.2115,492,2026
4728025400,경상북도,문경시,,가은읍북부출장소,eupmyeondong,문경시 가은읍북부출장소,3500,1200,34.29,540,15.43,144,4.11,,,,,,,,,,,,,,,,,,,,,,,,0.15,300,2026
4728029000,경상북도,문경시,,문경읍갈평출장소,eupmyeondong,문경시 문경읍갈평출장소,3500,1200,34.29,540,15.43,144,4.11,,,,,,,,,,,,,,,,,,,,,,,,0.15,300,2026
4728029100,경상북도,문경시,,가은읍북부출장소,eupmyeondong,문경시 가은읍북부출장소,3500,1200,34.29,540,15.43,144,4.11,,,,,,,,,,,,,,,,,,,,,,,,0.15,300,2026
4728031000,경상북도,문경시,,영순면,eupmyeondong,영순면,2220,1153,51.94,557,25.09,223,10.05,122,5.5,945,42.57,945.1,40,1.8,241,10.86,76,3.42,85,3.83,131,5.9,269,12.12,527,23.74,470,21.17,381,17.16,0.3895,288,2026
4728032000,경상북도,문경시,,산양면,eupmyeondong,산양면,2832,1502,53.04,722,25.49,259,9.15,111,3.92,1219,43.04,1353.2,50,1.77,136,4.8,111,3.92,114,4.03,221,7.8,390,13.77,713,25.18,641,22.63,456,16.1,0.3978,375,2026
4728033000,경상북도,문경시,,호계면,eupmyeondong,호계면,2145,1055,49.18,503,23.45,195,9.09,49,2.28,1041,48.53,2153.1,27,1.26,82,3.82,194,9.04,97,4.52,138,6.43,284,13.24,566,26.39,426,19.86,331,15.43,0.3689,263,2026
4728034000,경상북도,문경시,,산북면,eupmyeondong,산북면,2488,1375,55.27,692,27.81,268,10.77,69,2.77,1044,41.96,1992.8,43,1.73,58,2.33,90,3.62,83,3.34,144,5.79,365,14.67,694,27.89,543,21.82,468,18.81,0.4145,343,2026
4728035000,경상북도,문경시,,동로면,eupmyeondong,동로면,1821,968,53.16,412,22.62,146,8.02,83,4.56,770,42.28,1166.3,38,2.09,81,4.45,47,2.58,67,3.68,105,5.77,279,15.32,573,31.47,372,20.43,259,14.22,0.3987,242,2026
4728036000,경상북도,문경시,,마성면,eupmyeondong,마성면,3228,1750,54.21,930,28.81,341,10.56,75,2.32,1403,43.46,2333.3,41,1.27,87,2.7,136,4.21,137,4.24,190,5.89,513,15.89,824,25.53,713,22.09,587,18.18,0.4066,437,2026
4728037000,경상북도,문경시,,농암면,eupmyeondong,농암면,2401,1370,57.06,647,26.95,228,9.5,60,2.5,971,40.44,2283.3,22,0.92,69,2.87,72,3.0,78,3.25,128,5.33,338,14.08,723,30.11,537,22.37,434,18.08,0.4279,342,2026
4728051500,경상북도,문경시,,점촌동,eupmyeondong,점촌1동,5092,1921,37.73,839,16.48,201,3.95,424,8.33,2747,53.95,453.1,218,4.28,366,7.19,307,6.03,433,8.5,589,11.57,785,15.42,1040,20.42,904,17.75,450,8.84,0.0755,480,2026
4728052000,경상북도,문경시,,중앙동,eupmyeondong,중앙동,5474,1804,32.96,740,13.52,202,3.69,200,3.65,3470,63.39,902.0,111,2.03,222,4.06,655,11.97,614,11.22,509,9.3,996,18.2,1201,21.94,745,13.61,421,7.69,0.0659,451,2026
4728053000,경상북도,문경시,,신흥동,eupmyeondong,신흥동,8108,2039,25.15,830,10.24,265,3.27,738,9.1,5331,65.75,276.3,390,4.81,859,10.59,1198,14.78,664,8.19,961,11.85,1331,16.42,1361,16.79,865,10.67,479,5.91,0.0503,509,2026
4728054500,경상북도,문경시,,신평동,eupmyeondong,신평1동,4547,837,18.41,317,6.97,84,1.85,313,6.88,3397,74.71,267.4,216,4.75,215,4.73,801,17.62,846,18.61,547,12.03,719,15.81,670,14.73,358,7.87,175,3.85,0.0368,209,2026
4728056000,경상북도,문경시,,모전동,eupmyeondong,문경시 모전동,3500,1200,34.29,540,15.43,144,4.11,,,,,,,,,,,,,,,,,,,,,,,,0.15,300,2026
4728057000,경상북도,문경시,,점촌1동,eupmyeondong,점촌1동,5092,1921,37.73,839,16.48,201,3.95,424,8.33,2747,53.95,453.1,218,4.28,366,7.19,307,6.03,433,8.5,589,11.57,785,15.42,1040,20.42,904,17.75,450,8.84,0.0755,480,2026
4728058000,경상북도,문경시,,점촌2동,eupmyeondong,점촌2동,6265,2409,38.45,1104,17.62,310,4.95,479,7.65,3377,53.9,502.9,251,4.01,511,8.16,420,6.7,434,6.93,698,11.14,994,15.87,1248,19.92,1062,16.95,647,10.33,0.0769,602,2026
4728059000,경상북도,문경시,,점촌3동,eupmyeondong,점촌3동,8027,2647,32.98,1120,13.95,313,3.9,664,8.27,4716,58.75,398.6,324,4.04,703,8.76,640,7.97,646,8.05,968,12.06,1348,16.79,1614,20.11,1154,14.38,630,7.85,0.066,661,2026
4728060000,경상북도,문경시,,점촌4동,eupmyeondong,점촌4동,2798,1300,46.46,628,22.44,201,7.18,130,4.65,1368,48.89,1000.0,73,2.61,110,3.93,124,4.43,186,6.65,261,9.33,458,16.37,674,24.09,522,18.66,390,13.94,0.0929,325,2026
4728061000,경상북도,문경시,,점촌5동,eupmyeondong,점촌5동,15131,2869,18.96,1042,6.89,236,1.56,1833,12.11,10429,68.92,156.5,960,6.34,1769,11.69,1646,10.88,1493,9.87,2359,15.59,2903,19.19,2163,14.3,1311,8.66,527,3.48,0.0379,717,2026
4729000000,경상북도,경산시,,,sigungu,경산시,263171,60067,22.82,24258,9.22,6516,2.48,24871,9.45,178233,67.73,241.5,13698,5.2,23226,8.83,32927,12.51,30197,11.47,35846,13.62,45661,17.35,42430,16.12,25671,9.75,13515,5.14,0.0456,15016,2026
4729025000,경상북도,경산시,,하양읍,eupmyeondong,하양읍,32866,6387,19.43,2740,8.34,739,2.25,3313,10.08,23166,70.49,192.8,1809,5.5,3305,10.06,5513,16.77,3915,11.91,4383,13.34,5327,16.21,4318,13.14,2737,8.33,1559,4.74,0.0777,1596,2026
4729025300,경상북도,경산시,,진량읍,eupmyeondong,진량읍,32605,6963,21.36,2823,8.66,776,2.38,2318,7.11,23324,71.54,300.4,1161,3.56,2684,8.23,4856,14.89,3103,9.52,4088,12.54,6863,21.05,5380,16.5,2839,8.71,1631,5.0,0.0854,1740,2026
4729025600,경상북도,경산시,,압량읍,eupmyeondong,압량읍,22073,3949,17.89,1533,6.95,433,1.96,2858,12.95,15266,69.16,138.2,1788,8.1,1828,8.28,2690,12.19,3726,16.88,3644,16.51,3058,13.85,2792,12.65,1669,7.56,878,3.98,0.0716,987,2026
4729031000,경상북도,경산시,,와촌면,eupmyeondong,와촌면,5015,2282,45.5,976,19.46,317,6.32,161,3.21,2572,51.29,1417.4,93,1.85,158,3.15,261,5.2,311,6.2,408,8.14,868,17.31,1374,27.4,954,19.02,588,11.72,0.3412,570,2026
4729033000,경상북도,경산시,,자인면,eupmyeondong,자인면,4959,2334,47.07,1040,20.97,307,6.19,139,2.8,2486,50.13,1679.1,80,1.61,182,3.67,287,5.79,313,6.31,406,8.19,785,15.83,1288,25.97,1036,20.89,582,11.74,0.353,583,2026
4729034000,경상북도,경산시,,용성면,eupmyeondong,용성면,3105,1716,55.27,757,24.38,217,6.99,61,1.96,1328,42.77,2813.1,31,1.0,80,2.58,97,3.12,137,4.41,180,5.8,452,14.56,945,30.43,763,24.57,420,13.53,0.4145,429,2026
4729035000,경상북도,경산시,,남산면,eupmyeondong,남산면,3386,1727,51.0,798,23.57,268,7.91,117,3.46,1542,45.54,1476.1,41,1.21,163,4.81,128,3.78,153,4.52,254,7.5,502,14.83,944,27.88,734,21.68,467,13.79,0.3825,431,2026
4729036000,경상북도,경산시,,압량면,eupmyeondong,압량읍,22073,3949,17.89,1533,6.95,433,1.96,2858,12.95,15266,69.16,138.2,1788,8.1,1828,8.28,2690,12.19,3726,16.88,3644,16.51,3058,13.85,2792,12.65,1669,7.56,878,3.98,0.0716,987,2026
4729037000,경상북도,경산시,,남천면,eupmyeondong,남천면,2577,1313,50.95,611,23.71,171,6.64,73,2.83,1191,46.22,1798.6,32,1.24,87,3.38,105,4.07,128,4.97,192,7.45,386,14.98,699,27.12,621,24.1,327,12.69,0.3821,328,2026
4729051000,경상북도,경산시,,중방동,eupmyeondong,중방동,10688,2684,25.11,963,9.01,220,2.06,772,7.22,7232,67.66,347.7,475,4.44,648,6.06,1237,11.57,1459,13.65,1228,11.49,1889,17.67,2068,19.35,1205,11.27,479,4.48,0.0502,671,2026
4729052000,경상북도,경산시,,중앙동,eupmyeondong,중앙동,5474,1804,32.96,740,13.52,202,3.69,200,3.65,3470,63.39,902.0,111,2.03,222,4.06,655,11.97,614,11.22,509,9.3,996,18.2,1201,21.94,745,13.61,421,7.69,0.0659,451,2026
4729053000,경상북도,경산시,,남부동,eupmyeondong,남부동,18082,4395,24.31,1821,10.07,454,2.51,2129,11.77,11558,63.92,206.4,1060,5.86,2020,11.17,1456,8.05,1742,9.63,2943,16.28,3131,17.32,2819,15.59,1920,10.62,991,5.48,0.0486,1098,2026
4729054000,경상북도,경산시,,서부동,eupmyeondong,서부동,4190,1715,40.93,795,18.97,225,5.37,156,3.72,2319,55.35,1099.4,81,1.93,207,4.94,320,7.64,290,6.92,361,8.62,750,17.9,967,23.08,721,17.21,493,11.77,0.0819,428,2026
4729054100,경상북도,경산시,,서부1동,eupmyeondong,서부1동,29499,7024,23.81,2760,9.36,722,2.45,2737,9.28,19738,66.91,256.6,1193,4.04,3254,11.03,2889,9.79,2706,9.17,4290,14.54,5600,18.98,5026,17.04,3008,10.2,1533,5.2,0.0476,1756,2026
4729054200,경상북도,경산시,,서부2동,eupmyeondong,서부2동,41469,7599,18.32,2951,7.12,707,1.7,5805,14.0,28065,67.68,130.9,3740,9.02,3768,9.09,3817,9.2,6080,14.66,6390,15.41,6923,16.69,5919,14.27,3253,7.84,1579,3.81,0.0366,1899,2026
4729055000,경상북도,경산시,,북부동,eupmyeondong,북부동,16230,2826,17.41,1083,6.67,292,1.8,879,5.42,12525,77.17,321.5,549,3.38,966,5.95,4452,27.43,2193,13.51,1830,11.28,2292,14.12,2122,13.07,1244,7.66,582,3.59,0.0348,706,2026
4729056000,경상북도,경산시,,동부동,eupmyeondong,동부동,35143,7064,20.1,2662,7.57,691,1.97,3309,9.42,24770,70.48,213.5,1535,4.37,3861,10.99,4484,12.76,3617,10.29,5101,14.51,6589,18.75,5535,15.75,2943,8.37,1478,4.21,0.0402,1766,2026
4772000000,경상북도,군위군,,,sigungu,군위군,3500,1200,34.29,540,15.43,144,4.11,,,,,,,,,,,,,,,,,,,,,,,,0.15,300,2026
4772025000,경상북도,군위군,,군위읍,eupmyeondong,군위군 군위읍,3500,1200,34.29,540,15.43,144,4.11,,,,,,,,,,,,,,,,,,,,,,,,0.15,300,2026
4772031000,경상북도,군위군,,소보면,eupmyeondong,군위군 소보면,3500,1200,34.29,540,15.43,144,4.11,,,,,,,,,,,,,,,,,,,,,,,,0.35,300,2026
4772032000,경상북도,군위군,,효령면,eupmyeondong,군위군 효령면,3500,1200,34.29,540,15.43,144,4.11,,,,,,,,,,,,,,,,,,,,,,,,0.35,300,2026
4772033000,경상북도,군위군,,부계면,eupmyeondong,군위군 부계면,3500,1200,34.29,540,15.43,144,4.11,,,,,,,,,,,,,,,,,,,,,,,,0.35,300,2026
4772034000,경상북도,군위군,,우보면,eupmyeondong,군위군 우보면,3500,1200,34.29,540,15.43,144,4.11,,,,,,,,,,,,,,,,,,,,,,,,0.35,300,2026
4772035000,경상북도,군위군,,의흥면,eupmyeondong,군위군 의흥면,3500,1200,34.29,540,15.43,144,4.11,,,,,,,,,,,,,,,,,,,,,,,,0.35,300,2026
4772036000,경상북도,군위군,,산성면,eupmyeondong,군위군 산성면,3500,1200,34.29,540,15.43,144,4.11,,,,,,,,,,,,,,,,,,,,,,,,0.35,300,2026
4772037000,경상북도,군위군,,고로면,eupmyeondong,군위군 고로면,3500,1200,34.29,540,15.43,144,4.11,,,,,,,,,,,,,,,,,,,,,,,,0.35,300,2026
4772038000,경상북도,군위군,,삼국유사면,eupmyeondong,군위군 삼국유사면,3500,1200,34.29,540,15.43,144,4.11,,,,,,,,,,,,,,,,,,,,,,,,0.35,300,2026
4773000000,경상북도,의성군,,,sigungu,의성군,47920,24059,50.21,11480,23.96,3899,8.14,2119,4.42,21742,45.37,1135.4,1265,2.64,2014,4.2,1861,3.88,2600,5.43,3723,7.77,6919,14.44,12320,25.71,9968,20.8,7250,15.13,0.1,6014,2026
4773025000,경상북도,의성군,,의성읍,eupmyeondong,의성읍,12007,4437,36.95,1985,16.53,552,4.6,916,7.63,6654,55.42,484.4,480,4.0,948,7.9,781,6.5,944,7.86,1379,11.48,1918,15.97,2468,20.55,1968,16.39,1121,9.34,0.1478,1109,2026
4773031000,경상북도,의성군,,단촌면,eupmyeondong,단촌면,1820,1049,57.64,469,25.77,168,9.23,52,2.86,719,39.51,2017.3,41,2.25,42,2.31,42,2.31,73,4.01,121,6.65,239,13.13,526,28.9,412,22.64,324,17.8,0.4323,262,2026
4773032000,경상북도,의성군,,점곡면,eupmyeondong,점곡면,1475,896,60.75,432,29.29,159,10.78,36,2.44,543,36.81,2488.9,22,1.49,27,1.83,34,2.31,61,4.14,70,4.75,189,12.81,419,28.41,381,25.83,272,18.44,0.4556,224,2026
4773033000,경상북도,의성군,,옥산면,eupmyeondong,옥산면,1651,925,56.03,416,25.2,128,7.75,36,2.18,690,41.79,2569.4,27,1.64,28,1.7,34,2.06,55,3.33,90,5.45,255,15.45,519,31.44,386,23.38,257,15.57,0.4202,231,2026
4773034000,경상북도,의성군,,사곡면,eupmyeondong,사곡면,1497,901,60.19,427,28.52,163,10.89,22,1.47,574,38.34,4095.5,15,1.0,24,1.6,39,2.61,41,2.74,61,4.07,204,13.63,463,30.93,358,23.91,292,19.51,0.4514,225,2026
4773035000,경상북도,의성군,,춘산면,eupmyeondong,춘산면,1463,855,58.44,364,24.88,121,8.27,48,3.28,560,38.28,1781.2,26,1.78,55,3.76,24,1.64,49,3.35,81,5.54,183,12.51,492,33.63,326,22.28,227,15.52,0.4383,213,2026
4773036000,경상북도,의성군,,가음면,eupmyeondong,가음면,1432,830,57.96,364,25.42,124,8.66,40,2.79,562,39.25,2075.0,24,1.68,29,2.03,30,2.09,66,4.61,79,5.52,189,13.2,455,31.77,339,23.67,221,15.43,0.4347,207,2026
4773037000,경상북도,의성군,,금성면,eupmyeondong,금성면,3967,2184,55.05,1099,27.7,370,9.33,138,3.48,1645,41.47,1582.6,90,2.27,110,2.77,124,3.13,174,4.39,267,6.73,539,13.59,1041,26.24,946,23.85,676,17.04,0.4129,546,2026
4773038000,경상북도,의성군,,봉양면,eupmyeondong,봉양면,3821,1827,47.81,829,21.7,279,7.3,154,4.03,1840,48.15,1186.4,98,2.56,220,5.76,167,4.37,207,5.42,313,8.19,578,15.13,926,24.23,782,20.47,530,13.87,0.3586,456,2026
4773039000,경상북도,의성군,,비안면,eupmyeondong,비안면,2473,1391,56.25,695,28.1,245,9.91,93,3.76,989,39.99,1495.7,55,2.22,63,2.55,65,2.63,104,4.21,158,6.39,334,13.51,682,27.58,576,23.29,436,17.63,0.4219,347,2026
4773040000,경상북도,의성군,,구천면,eupmyeondong,구천면,1631,957,58.68,465,28.51,177,10.85,38,2.33,636,38.99,2518.4,29,1.78,24,1.47,41,2.51,61,3.74,86,5.27,236,14.47,453,27.77,393,24.1,308,18.88,0.4401,239,2026
4773041000,경상북도,의성군,,단밀면,eupmyeondong,단밀면,1598,858,53.69,458,28.66,177,11.08,42,2.63,698,43.68,2042.9,25,1.56,60,3.75,42,2.63,70,4.38,93,5.82,217,13.58,475,29.72,310,19.4,306,19.15,0.4027,214,2026
4773042000,경상북도,의성군,,단북면,eupmyeondong,단북면,1619,916,56.58,468,28.91,172,10.62,39,2.41,664,41.01,2348.7,26,1.61,34,2.1,45,2.78,67,4.14,114,7.04,240,14.82,425,26.25,360,22.24,308,19.02,0.4244,229,2026
4773043000,경상북도,의성군,,안계면,eupmyeondong,안계면,4238,1807,42.64,918,21.66,294,6.94,297,7.01,2134,50.35,608.4,184,4.34,212,5.0,210,4.96,337,7.95,421,9.93,632,14.91,914,21.57,754,17.79,574,13.54,0.3198,451,2026
4773044000,경상북도,의성군,,다인면,eupmyeondong,다인면,3544,1997,56.35,1008,28.44,356,10.05,103,2.91,1444,40.74,1938.8,77,2.17,70,1.98,111,3.13,167,4.71,213,6.01,483,13.63,941,26.55,812,22.91,670,18.91,0.4226,499,2026
4773045000,경상북도,의성군,,신평면,eupmyeondong,신평면,801,476,59.43,247,30.84,85,10.61,15,1.87,310,38.7,3173.3,10,1.25,18,2.25,14,1.75,22,2.75,37,4.62,124,15.48,227,28.34,174,21.72,175,21.85,0.4457,119,2026
4773046000,경상북도,의성군,,안평면,eupmyeondong,안평면,2054,1257,61.2,582,28.33,223,10.86,33,1.61,764,37.2,3809.1,26,1.27,36,1.75,35,1.7,65,3.16,101,4.92,246,11.98,660,32.13,500,24.34,385,18.74,0.459,314,2026
4773047000,경상북도,의성군,,안사면,eupmyeondong,안사면,829,496,59.83,254,30.64,106,12.79,17,2.05,316,38.12,2917.6,10,1.21,14,1.69,23,2.77,37,4.46,39,4.7,113,13.63,234,28.23,191,23.04,168,20.27,0.4487,124,2026
4775000000,경상북도,청송군,,,sigungu,청송군,24437,10948,44.8,5131,21.0,1684,6.89,1198,4.9,12291,50.3,913.9,714,2.92,1026,4.2,1284,5.25,1618,6.62,2057,8.42,3902,15.97,6130,25.08,4494,18.39,3212,13.14,0.0896,2737,2026
4775025000,경상북도,청송군,,청송읍,eupmyeondong,청송읍,5104,1813,35.52,823,16.12,274,5.37,353,6.92,2938,57.56,513.6,194,3.8,312,6.11,382,7.48,415,8.13,525,10.29,920,18.03,1111,21.77,734,14.38,511,10.01,0.1421,453,2026
4775031000,경상북도,청송군,,부동면,eupmyeondong,부항면,1168,670,57.36,311,26.63,128,10.96,21,1.8,477,40.84,3190.5,7,0.6,41,3.51,28,2.4,40,3.42,66,5.65,168,14.38,350,29.97,255,21.83,213,18.24,0.4302,167,2026
4775031500,경상북도,청송군,,부동면,eupmyeondong,부항면,1168,670,57.36,311,26.63,128,10.96,21,1.8,477,40.84,3190.5,7,0.6,41,3.51,28,2.4,40,3.42,66,5.65,168,14.38,350,29.97,255,21.83,213,18.24,0.4302,167,2026
4775032000,경상북도,청송군,,부남면,eupmyeondong,부남면,2388,1277,53.48,608,25.46,189,7.91,80,3.35,1031,43.17,1596.2,52,2.18,81,3.39,72,3.02,92,3.85,139,5.82,351,14.7,693,29.02,525,21.98,383,16.04,0.4011,319,2026
4775033000,경상북도,청송군,,현동면,eupmyeondong,현동면,2025,933,46.07,471,23.26,159,7.85,106,5.23,986,48.69,880.2,64,3.16,84,4.15,84,4.15,83,4.1,162,8.0,344,16.99,523,25.83,396,19.56,285,14.07,0.3455,233,2026
4775034000,경상북도,청송군,,현서면,eupmyeondong,현서면,2496,1262,50.56,552,22.12,172,6.89,87,3.49,1147,45.95,1450.6,60,2.4,85,3.41,89,3.57,123,4.93,182,7.29,352,14.1,738,29.57,536,21.47,331,13.26,0.3792,315,2026
4775035000,경상북도,청송군,,안덕면,eupmyeondong,안덕면,2485,1323,53.24,647,26.04,216,8.69,84,3.38,1078,43.38,1575.0,46,1.85,86,3.46,84,3.38,96,3.86,144,5.79,369,14.85,716,28.81,527,21.21,417,16.78,0.3993,330,2026
4775036000,경상북도,청송군,,파천면,eupmyeondong,파천면,1688,939,55.63,445,26.36,163,9.66,53,3.14,696,41.23,1771.7,28,1.66,52,3.08,57,3.38,82,4.86,122,7.23,224,13.27,454,26.9,380,22.51,289,17.12,0.4172,234,2026
4775037000,경상북도,청송군,,진보면,eupmyeondong,진보면,6457,2471,38.27,1153,17.86,378,5.85,394,6.1,3592,55.63,627.2,246,3.81,282,4.37,458,7.09,626,9.69,668,10.35,1064,16.48,1364,21.12,1025,15.87,724,11.21,0.287,617,2026
4776000000,경상북도,영양군,,,sigungu,영양군,15973,7049,44.13,3357,21.02,1142,7.15,789,4.94,8135,50.93,893.4,401,2.51,868,5.43,895,5.6,944,5.91,1351,8.46,2579,16.15,3969,24.85,2787,17.45,2179,13.64,0.0883,1762,2026
4776025000,경상북도,영양군,,영양읍,eupmyeondong,영양읍,7107,2400,33.77,1101,15.49,349,4.91,520,7.32,4187,58.91,461.5,273,3.84,549,7.72,542,7.63,624,8.78,821,11.55,1214,17.08,1419,19.97,979,13.78,686,9.65,0.1351,600,2026
4776031000,경상북도,영양군,,입암면,eupmyeondong,입암면,2036,1052,51.67,505,24.8,173,8.5,69,3.39,915,44.94,1524.6,30,1.47,86,4.22,74,3.63,83,4.08,152,7.47,293,14.39,579,28.44,418,20.53,321,15.77,0.3875,263,2026
4776032000,경상북도,영양군,,청기면,eupmyeondong,청기면,1601,938,58.59,462,28.86,153,9.56,42,2.62,621,38.79,2233.3,20,1.25,42,2.62,47,2.94,49,3.06,74,4.62,218,13.62,472,29.48,359,22.42,320,19.99,0.4394,234,2026
4776032500,경상북도,영양군,,청기면당동출장소,eupmyeondong,영양군 청기면당동출장소,3500,1200,34.29,540,15.43,144,4.11,,,,,,,,,,,,,,,,,,,,,,,,0.15,300,2026
4776032600,경상북도,영양군,,청기면당리출장소,eupmyeondong,영양군 청기면당리출장소,3500,1200,34.29,540,15.43,144,4.11,,,,,,,,,,,,,,,,,,,,,,,,0.15,300,2026
4776033000,경상북도,영양군,,일월면,eupmyeondong,일월면,1689,861,50.98,411,24.33,162,9.59,45,2.66,783,46.36,1913.3,22,1.3,49,2.9,80,4.74,66,3.91,85,5.03,264,15.63,511,30.25,325,19.24,287,16.99,0.3823,215,2026
4776034000,경상북도,영양군,,수비면,eupmyeondong,수비면,1630,800,49.08,400,24.54,149,9.14,55,3.37,775,47.55,1454.5,26,1.6,74,4.54,77,4.72,53,3.25,114,6.99,282,17.3,433,26.56,317,19.45,254,15.58,0.3681,200,2026
4776035000,경상북도,영양군,,석보면,eupmyeondong,석보면,1910,998,52.25,478,25.03,156,8.17,58,3.04,854,44.71,1720.7,30,1.57,68,3.56,75,3.93,69,3.61,105,5.5,308,16.13,555,29.06,389,20.37,311,16.28,0.3919,249,2026
4777000000,경상북도,영덕군,,,sigungu,영덕군,32536,14979,46.04,7443,22.88,2465,7.58,1691,5.2,15866,48.76,885.8,882,2.71,1701,5.23,1511,4.64,1795,5.52,2912,8.95,5190,15.95,7679,23.6,6114,18.79,4752,14.61,0.0921,3744,2026
4777025000,경상북도,영덕군,,영덕읍,eupmyeondong,영덕읍,10057,3283,32.64,1469,14.61,445,4.42,837,8.32,5937,59.03,392.2,425,4.23,818,8.13,681,6.77,831,8.26,1224,12.17,1836,18.26,1969,19.58,1399,13.91,874,8.69,0.1306,820,2026
4777031000,경상북도,영덕군,,강구면,eupmyeondong,강구면,5399,2588,47.93,1232,22.82,328,6.08,222,4.11,2589,47.95,1165.8,120,2.22,241,4.46,233,4.32,275,5.09,469,8.69,907,16.8,1318,24.41,1082,20.04,754,13.97,0.3595,647,2026
4777032000,경상북도,영덕군,,남정면,eupmyeondong,남정면,2172,1217,56.03,637,29.33,218,10.04,43,1.98,912,41.99,2830.2,29,1.34,42,1.93,65,2.99,76,3.5,134,6.17,323,14.87,594,27.35,507,23.34,402,18.51,0.4202,304,2026
4777033000,경상북도,영덕군,,달산면,eupmyeondong,달산면,1059,637,60.15,325,30.69,133,12.56,23,2.17,399,37.68,2769.6,18,1.7,16,1.51,22,2.08,31,2.93,58,5.48,134,12.65,316,29.84,240,22.66,224,21.15,0.4511,159,2026
4777034000,경상북도,영덕군,,지품면,eupmyeondong,지품면,1884,1110,58.92,548,29.09,188,9.98,52,2.76,722,38.32,2134.6,36,1.91,39,2.07,42,2.23,66,3.5,88,4.67,265,14.07,547,29.03,431,22.88,370,19.64,0.4419,277,2026
4777034500,경상북도,영덕군,,지품면원전출장소,eupmyeondong,영덕군 지품면원전출장소,3500,1200,34.29,540,15.43,144,4.11,,,,,,,,,,,,,,,,,,,,,,,,0.15,300,2026
4777035000,경상북도,영덕군,,축산면,eupmyeondong,축산면,2328,1275,54.77,681,29.25,217,9.32,76,3.26,977,41.97,1677.6,37,1.59,87,3.74,70,3.01,82,3.52,150,6.44,329,14.13,628,26.98,527,22.64,418,17.96,0.4108,318,2026
4777035500,경상북도,영덕군,,축산면축산출장소,eupmyeondong,영덕군 축산면축산출장소,3500,1200,34.29,540,15.43,144,4.11,,,,,,,,,,,,,,,,,,,,,,,,0.15,300,2026
4777036000,경상북도,영덕군,,영해면,eupmyeondong,영해면,5722,2531,44.23,1291,22.56,450,7.86,364,6.36,2827,49.41,695.3,177,3.09,363,6.34,306,5.35,312,5.45,555,9.7,872,15.24,1267,22.14,1050,18.35,820,14.33,0.3317,632,2026
4777037000,경상북도,영덕군,,병곡면,eupmyeondong,병곡면,2448,1397,57.07,765,31.25,302,12.34,55,2.25,996,40.69,2540.0,31,1.27,72,2.94,67,2.74,94,3.84,161,6.58,341,13.93,628,25.65,522,21.32,532,21.73,0.428,349,2026
4777038000,경상북도,영덕군,,창수면,eupmyeondong,창수면,1467,941,64.14,495,33.74,184,12.54,19,1.3,507,34.56,4952.6,9,0.61,23,1.57,25,1.7,28,1.91,73,4.98,183,12.47,412,28.08,356,24.27,358,24.4,0.481,235,2026
4782000000,경상북도,청도군,,,sigungu,청도군,39989,19070,47.69,8696,21.75,2831,7.08,1831,4.58,19088,47.73,1041.5,981,2.45,1958,4.9,1613,4.03,2091,5.23,3467,8.67,6159,15.4,10379,25.95,8169,20.43,5172,12.93,0.0954,4767,2026
4782012000,경상북도,청도군,,청도읍,eupmyeondong,청도읍,10874,4650,42.76,2011,18.49,597,5.49,564,5.19,5660,52.05,824.5,295,2.71,654,6.01,532,4.89,652,6.0,1113,10.24,1870,17.2,2546,23.41,2041,18.77,1171,10.77,0.171,1162,2026
4782025000,경상북도,청도군,,화양읍,eupmyeondong,화양읍,7848,2963,37.75,1336,17.02,450,5.73,599,7.63,4286,54.61,494.7,312,3.98,604,7.7,460,5.86,511,6.51,929,11.84,1281,16.32,1729,22.03,1254,15.98,768,9.79,0.151,740,2026
4782025100,경상북도,청도군,,화양읍남성현출장,eupmyeondong,청도군 화양읍남성현출장,3500,1200,34.29,540,15.43,144,4.11,,,,,,,,,,,,,,,,,,,,,,,,0.15,300,2026
4782025300,경상북도,청도군,,청도읍,eupmyeondong,청도읍,10874,4650,42.76,2011,18.49,597,5.49,564,5.19,5660,52.05,824.5,295,2.71,654,6.01,532,4.89,652,6.0,1113,10.24,1870,17.2,2546,23.41,2041,18.77,1171,10.77,0.171,1162,2026
4782025400,경상북도,청도군,,청도읍유호출장소,eupmyeondong,청도군 청도읍유호출장소,3500,1200,34.29,540,15.43,144,4.11,,,,,,,,,,,,,,,,,,,,,,,,0.15,300,2026
4782029000,경상북도,청도군,,화양읍남성현출장,eupmyeondong,청도군 화양읍남성현출장,3500,1200,34.29,540,15.43,144,4.11,,,,,,,,,,,,,,,,,,,,,,,,0.15,300,2026
4782029100,경상북도,청도군,,청도읍유호출장소,eupmyeondong,청도군 청도읍유호출장소,3500,1200,34.29,540,15.43,144,4.11,,,,,,,,,,,,,,,,,,,,,,,,0.15,300,2026
4782031000,경상북도,청도군,,각남면,eupmyeondong,각남면,2108,1185,56.21,598,28.37,202,9.58,64,3.04,859,40.75,1851.6,36,1.71,61,2.89,61,2.89,94,4.46,135,6.4,297,14.09,589,27.94,475,22.53,360,17.08,0.4216,296,2026
4782032000,경상북도,청도군,,풍각면,eupmyeondong,풍각면,3644,1891,51.89,838,23.0,294,8.07,135,3.7,1618,44.4,1400.7,89,2.44,139,3.81,103,2.83,200,5.49,266,7.3,490,13.45,1047,28.73,800,21.95,510,14.0,0.3892,472,2026
4782033000,경상북도,청도군,,각북면,eupmyeondong,각북면,2283,1235,54.1,545,23.87,176,7.71,69,3.02,979,42.88,1789.9,38,1.66,62,2.72,61,2.67,111,4.86,141,6.18,316,13.84,705,30.88,506,22.16,343,15.02,0.4058,308,2026
4782034000,경상북도,청도군,,이서면,eupmyeondong,이서면,4420,2191,49.57,1030,23.3,323,7.31,214,4.84,2015,45.59,1023.8,106,2.4,234,5.29,166,3.76,200,4.52,372,8.42,640,14.48,1145,25.9,962,21.76,595,13.46,0.3718,547,2026
4782035000,경상북도,청도군,,운문면,eupmyeondong,운문면,1914,1053,55.02,488,25.5,181,9.46,40,2.09,821,42.89,2632.5,21,1.1,36,1.88,51,2.66,67,3.5,115,6.01,300,15.67,586,30.62,416,21.73,322,16.82,0.4127,263,2026
4782036000,경상북도,청도군,,금천면,eupmyeondong,금천면,3199,1819,56.86,882,27.57,277,8.66,74,2.31,1306,40.83,2458.1,43,1.34,79,2.47,86,2.69,109,3.41,179,5.6,464,14.5,914,28.57,804,25.13,521,16.29,0.4264,454,2026
4782037000,경상북도,청도군,,매전면,eupmyeondong,매전면,3699,2083,56.31,968,26.17,331,8.95,72,1.95,1544,41.74,2893.1,41,1.11,89,2.41,93,2.51,147,3.97,217,5.87,501,13.54,1118,30.22,911,24.63,582,15.73,0.4223,520,2026
4783000000,경상북도,고령군,,,sigungu,고령군,29472,12211,41.43,5376,18.24,1746,5.92,1564,5.31,15697,53.26,780.8,832,2.82,1600,5.43,1633,5.54,1858,6.3,2804,9.51,5138,17.43,7270,24.67,5077,17.23,3260,11.06,0.0829,3052,2026
4783025000,경상북도,고령군,,고령읍,eupmyeondong,고령군 고령읍,3500,1200,34.29,540,15.43,144,4.11,,,,,,,,,,,,,,,,,,,,,,,,0.15,300,2026
4783025300,경상북도,고령군,,대가야읍,eupmyeondong,대가야읍,9154,3091,33.77,1341,14.65,396,4.33,669,7.31,5394,58.93,462.0,328,3.58,700,7.65,658,7.19,647,7.07,1014,11.08,1800,19.66,1890,20.65,1331,14.54,786,8.59,0.1351,772,2026
4783031000,경상북도,고령군,,덕곡면,eupmyeondong,덕곡면,1393,779,55.92,363,26.06,146,10.48,47,3.37,567,40.7,1657.4,19,1.36,53,3.8,40,2.87,56,4.02,84,6.03,188,13.5,393,28.21,315,22.61,245,17.59,0.4194,194,2026
4783032000,경상북도,고령군,,운수면,eupmyeondong,운수면,1712,926,54.09,429,25.06,159,9.29,37,2.16,749,43.75,2502.7,27,1.58,31,1.81,48,2.8,88,5.14,114,6.66,245,14.31,506,29.56,370,21.61,283,16.53,0.4057,231,2026
4783033000,경상북도,고령군,,성산면,eupmyeondong,성산면,2422,1169,48.27,501,20.69,158,6.52,76,3.14,1177,48.6,1538.2,41,1.69,66,2.73,82,3.39,150,6.19,221,9.12,371,15.32,726,29.98,475,19.61,290,11.97,0.362,292,2026
4783034000,경상북도,고령군,,다산면,eupmyeondong,다산면,8382,2790,33.29,1083,12.92,308,3.67,555,6.62,5037,60.09,502.7,306,3.65,591,7.05,615,7.34,658,7.85,969,11.56,1550,18.49,1887,22.51,1196,14.27,610,7.28,0.2497,697,2026
4783035000,경상북도,고령군,,개진면,eupmyeondong,개진면,1789,928,51.87,436,24.37,142,7.94,42,2.35,819,45.78,2209.5,26,1.45,37,2.07,52,2.91,93,5.2,107,5.98,287,16.04,540,30.18,375,20.96,272,15.2,0.389,232,2026
4783036000,경상북도,고령군,,우곡면,eupmyeondong,우곡면,1520,826,54.34,424,27.89,151,9.93,33,2.17,661,43.49,2503.0,24,1.58,29,1.91,46,3.03,53,3.49,99,6.51,243,15.99,414,27.24,357,23.49,255,16.78,0.4075,206,2026
4783037000,경상북도,고령군,,쌍림면,eupmyeondong,쌍림면,3100,1702,54.9,799,25.77,286,9.23,105,3.39,1293,41.71,1621.0,61,1.97,93,3.0,92,2.97,113,3.65,196,6.32,454,14.65,914,29.48,658,21.23,519,16.74,0.4117,425,2026
4784000000,경상북도,성주군,,,sigungu,성주군,40374,17281,42.8,7328,18.15,2238,5.54,2061,5.1,21032,52.09,838.5,1204,2.98,1936,4.8,1816,4.5,2706,6.7,3768,9.33,6637,16.44,10701,26.5,7413,18.36,4193,10.39,0.0856,4320,2026
4784025000,경상북도,성주군,,성주읍,eupmyeondong,성주읍,13001,3732,28.71,1566,12.05,444,3.42,1214,9.34,8055,61.96,307.4,685,5.27,1167,8.98,946,7.28,1263,9.71,1662,12.78,2342,18.01,2478,19.06,1580,12.15,878,6.75,0.1148,933,2026
4784031000,경상북도,성주군,,선남면,eupmyeondong,선남면,5721,2595,45.36,1053,18.41,279,4.88,192,3.36,2934,51.28,1351.6,138,2.41,166,2.9,202,3.53,377,6.59,466,8.15,911,15.92,1762,30.8,1115,19.49,584,10.21,0.3402,648,2026
4784032000,경상북도,성주군,,용암면,eupmyeondong,용암면,3446,1696,49.22,667,19.36,203,5.89,87,2.52,1663,48.26,1949.4,47,1.36,87,2.52,99,2.87,178,5.17,257,7.46,590,17.12,1052,30.53,751,21.79,385,11.17,0.3691,424,2026
4784033000,경상북도,성주군,,수륜면,eupmyeondong,수륜면,3102,1616,52.1,712,22.95,248,7.99,101,3.26,1385,44.65,1600.0,50,1.61,100,3.22,75,2.42,129,4.16,244,7.87,445,14.35,941,30.34,695,22.4,423,13.64,0.3908,404,2026
4784034000,경상북도,성주군,,가천면,eupmyeondong,가천면,1866,1006,53.91,426,22.83,153,8.2,50,2.68,810,43.41,2012.0,30,1.61,35,1.88,53,2.84,78,4.18,105,5.63,288,15.43,597,31.99,412,22.08,268,14.36,0.4043,251,2026
4784035000,경상북도,성주군,,금수면,eupmyeondong,금수강산면,1159,611,52.72,300,25.88,109,9.4,19,1.64,529,45.64,3215.8,11,0.95,26,2.24,27,2.33,55,4.75,73,6.3,172,14.84,348,30.03,273,23.55,174,15.01,0.3954,152,2026
4784035500,경상북도,성주군,,금수강산면,eupmyeondong,금수강산면,1159,611,52.72,300,25.88,109,9.4,19,1.64,529,45.64,3215.8,11,0.95,26,2.24,27,2.33,55,4.75,73,6.3,172,14.84,348,30.03,273,23.55,174,15.01,0.3954,152,2026
4784036000,경상북도,성주군,,대가면,eupmyeondong,대가면,2227,1164,52.27,535,24.02,170,7.63,50,2.25,1013,45.49,2328.0,26,1.17,68,3.05,86,3.86,115,5.16,147,6.6,358,16.08,622,27.93,495,22.23,310,13.92,0.392,291,2026
4784037000,경상북도,성주군,,벽진면,eupmyeondong,벽진면,2742,1474,53.76,621,22.65,177,6.46,75,2.74,1193,43.51,1965.3,52,1.9,60,2.19,78,2.84,126,4.6,197,7.18,383,13.97,851,31.04,648,23.63,347,12.65,0.4032,368,2026
4784038000,경상북도,성주군,,초전면,eupmyeondong,초전면,4026,1893,47.02,814,20.22,260,6.46,159,3.95,1974,49.03,1190.6,97,2.41,125,3.1,151,3.75,221,5.49,352,8.74,666,16.54,1134,28.17,811,20.14,469,11.65,0.3527,473,2026
4784039000,경상북도,성주군,,월항면,eupmyeondong,월항면,3084,1494,48.44,634,20.56,195,6.32,114,3.7,1476,47.86,1310.5,68,2.2,102,3.31,99,3.21,164,5.32,265,8.59,482,15.63,916,29.7,633,20.53,355,11.51,0.3633,373,2026
4785000000,경상북도,칠곡군,,,sigungu,칠곡군,103539,23903,23.09,9691,9.36,3015,2.91,9558,9.23,70078,67.68,250.1,4483,4.33,10205,9.86,8102,7.83,9520,9.19,16934,16.36,21076,20.36,17854,17.24,9559,9.23,5806,5.61,0.0462,5975,2026
4785025000,경상북도,칠곡군,,왜관읍,eupmyeondong,왜관읍,29631,7445,25.13,3052,10.3,968,3.27,2602,8.78,19584,66.09,286.1,1236,4.17,2839,9.58,2551,8.61,2575,8.69,3957,13.35,6180,20.86,5515,18.61,2915,9.84,1863,6.29,0.1005,1861,2026
4785025300,경상북도,칠곡군,,북삼읍,eupmyeondong,북삼읍,22081,3707,16.79,1352,6.12,367,1.66,1936,8.77,16438,74.44,191.5,813,3.68,2495,11.3,2029,9.19,1709,7.74,3613,16.36,5552,25.14,3657,16.56,1462,6.62,751,3.4,0.0672,926,2026
4785025600,경상북도,칠곡군,,석적읍,eupmyeondong,석적읍,29098,2689,9.24,907,3.12,256,0.88,4243,14.58,22166,76.18,63.4,2069,7.11,4027,13.84,2467,8.48,3949,13.57,7453,25.61,5185,17.82,2335,8.02,1103,3.79,510,1.75,0.037,672,2026
4785031000,경상북도,칠곡군,,지천면,eupmyeondong,지천면,3622,1897,52.37,892,24.63,302,8.34,69,1.91,1656,45.72,2749.3,29,0.8,76,2.1,155,4.28,165,4.56,253,6.99,602,16.62,1001,27.64,781,21.56,560,15.46,0.3928,474,2026
4785032000,경상북도,칠곡군,,동명면,eupmyeondong,동명면,4834,2433,50.33,1064,22.01,367,7.59,132,2.73,2269,46.94,1843.2,71,1.47,123,2.54,165,3.41,257,5.32,345,7.14,749,15.49,1498,30.99,963,19.92,663,13.72,0.3775,608,2026
4785033000,경상북도,칠곡군,,가산면,eupmyeondong,가산면,3115,1549,49.73,652,20.93,190,6.1,71,2.28,1495,47.99,2181.7,45,1.44,67,2.15,104,3.34,170,5.46,231,7.42,513,16.47,923,29.63,676,21.7,386,12.39,0.373,387,2026
4785034000,경상북도,칠곡군,,석적면,eupmyeondong,석적읍,29098,2689,9.24,907,3.12,256,0.88,4243,14.58,22166,76.18,63.4,2069,7.11,4027,13.84,2467,8.48,3949,13.57,7453,25.61,5185,17.82,2335,8.02,1103,3.79,510,1.75,0.037,672,2026
4785035000,경상북도,칠곡군,,북삼면,eupmyeondong,북삼읍,22081,3707,16.79,1352,6.12,367,1.66,1936,8.77,16438,74.44,191.5,813,3.68,2495,11.3,2029,9.19,1709,7.74,3613,16.36,5552,25.14,3657,16.56,1462,6.62,751,3.4,0.0672,926,2026
4785036000,경상북도,칠곡군,,약목면,eupmyeondong,약목면,8342,3070,36.8,1288,15.44,388,4.65,315,3.78,4957,59.42,974.6,139,1.67,402,4.82,522,6.26,512,6.14,776,9.3,1817,21.78,2189,26.24,1219,14.61,766,9.18,0.276,767,2026
4785037000,경상북도,칠곡군,,기산면,eupmyeondong,기산면,2816,1113,39.52,484,17.19,177,6.29,190,6.75,1513,53.73,585.8,81,2.88,176,6.25,109,3.87,183,6.5,306,10.87,478,16.97,736,26.14,440,15.62,307,10.9,0.2964,278,2026
4790000000,경상북도,예천군,,,sigungu,예천군,53340,18892,35.42,9053,16.97,3300,6.19,5894,11.05,28554,53.53,320.5,3408,6.39,4692,8.8,3109,5.83,4856,9.1,6627,12.42,7347,13.77,9750,18.28,7736,14.5,5815,10.9,0.0708,4723,2026
4790025000,경상북도,예천군,,예천읍,eupmyeondong,예천읍,13358,5142,38.49,2282,17.08,696,5.21,950,7.11,7266,54.39,541.3,461,3.45,1051,7.87,923,6.91,899,6.73,1389,10.4,2190,16.39,2814,21.07,2319,17.36,1312,9.82,0.154,1285,2026
4790025300,경상북도,예천군,,호명읍,eupmyeondong,호명읍,20803,2467,11.86,952,4.58,307,1.48,4393,21.12,13943,67.02,56.2,2656,12.77,3043,14.63,1459,7.01,3241,15.58,4105,19.73,2782,13.37,1974,9.49,944,4.54,599,2.88,0.0474,616,2026
4790031000,경상북도,예천군,,용문면,eupmyeondong,용문면,2036,1216,59.72,666,32.71,271,13.31,56,2.75,764,37.52,2171.4,28,1.38,71,3.49,64,3.14,58,2.85,121,5.94,240,11.79,525,25.79,469,23.04,460,22.59,0.4479,304,2026
4790032000,경상북도,예천군,,상리면,eupmyeondong,예천군 상리면,3500,1200,34.29,540,15.43,144,4.11,,,,,,,,,,,,,,,,,,,,,,,,0.35,300,2026
4790033000,경상북도,예천군,,하리면,eupmyeondong,예천군 하리면,3500,1200,34.29,540,15.43,144,4.11,,,,,,,,,,,,,,,,,,,,,,,,0.35,300,2026
4790034000,경상북도,예천군,,감천면,eupmyeondong,감천면,2341,1434,61.26,715,30.54,287,12.26,55,2.35,852,36.39,2607.3,30,1.28,62,2.65,62,2.65,87,3.72,114,4.87,290,12.39,636,27.17,573,24.48,487,20.8,0.4595,358,2026
4790035000,경상북도,예천군,,보문면,eupmyeondong,보문면,1471,878,59.69,444,30.18,178,12.1,50,3.4,543,36.91,1756.0,24,1.63,45,3.06,43,2.92,46,3.13,92,6.25,164,11.15,414,28.14,334,22.71,309,21.01,0.4477,219,2026
4790036000,경상북도,예천군,,호명면,eupmyeondong,호명읍,20803,2467,11.86,952,4.58,307,1.48,4393,21.12,13943,67.02,56.2,2656,12.77,3043,14.63,1459,7.01,3241,15.58,4105,19.73,2782,13.37,1974,9.49,944,4.54,599,2.88,0.0474,616,2026
4790037000,경상북도,예천군,,유천면,eupmyeondong,유천면,2311,1096,47.43,604,26.14,253,10.95,141,6.1,1074,46.47,777.3,92,3.98,95,4.11,212,9.17,194,8.39,167,7.23,236,10.21,475,20.55,418,18.09,422,18.26,0.3557,274,2026
4790038000,경상북도,예천군,,용궁면,eupmyeondong,용궁면,2142,1271,59.34,669,31.23,243,11.34,55,2.57,816,38.1,2310.9,27,1.26,68,3.17,59,2.75,71,3.31,148,6.91,291,13.59,507,23.67,542,25.3,429,20.03,0.4451,317,2026
4790039000,경상북도,예천군,,개포면,eupmyeondong,개포면,1396,920,65.9,481,34.46,196,14.04,31,2.22,445,31.88,2967.7,14,1.0,35,2.51,29,2.08,24,1.72,74,5.3,168,12.03,356,25.5,363,26.0,333,23.85,0.4943,230,2026
4790040000,경상북도,예천군,,지보면,eupmyeondong,지보면,2447,1503,61.42,793,32.41,306,12.51,56,2.29,888,36.29,2683.9,27,1.1,70,2.86,73,2.98,68,2.78,145,5.93,295,12.06,641,26.2,603,24.64,525,21.45,0.4607,375,2026
4790041000,경상북도,예천군,,풍양면,eupmyeondong,풍양면,2676,1601,59.83,825,30.83,332,12.41,48,1.79,1027,38.38,3335.4,29,1.08,51,1.91,108,4.04,98,3.66,140,5.23,378,14.13,686,25.64,640,23.92,546,20.4,0.4487,400,2026
4790042000,경상북도,예천군,,효자면,eupmyeondong,효자면,1146,653,56.98,261,22.77,100,8.73,29,2.53,464,40.49,2251.7,9,0.79,51,4.45,40,3.49,27,2.36,62,5.41,153,13.35,392,34.21,249,21.73,163,14.22,0.4274,163,2026
4790043000,경상북도,예천군,,은풍면,eupmyeondong,은풍면,1213,711,58.62,361,29.76,131,10.8,30,2.47,472,38.91,2370.0,11,0.91,50,4.12,37,3.05,43,3.54,70,5.77,160,13.19,330,27.21,282,23.25,230,18.96,0.4396,177,2026
4792000000,경상북도,봉화군,,,sigungu,봉화군,28076,13131,46.77,6083,21.67,2158,7.69,1372,4.89,13573,48.34,957.1,698,2.49,1618,5.76,1248,4.45,1340,4.77,2262,8.06,4427,15.77,7319,26.07,5309,18.91,3855,13.73,0.0935,3282,2026
4792025000,경상북도,봉화군,,봉화읍,eupmyeondong,봉화읍,8783,3253,37.04,1538,17.51,531,6.05,663,7.55,4867,55.41,490.6,327,3.72,819,9.32,563,6.41,532,6.06,929,10.58,1480,16.85,1839,20.94,1341,15.27,953,10.85,0.1482,813,2026
4792031000,경상북도,봉화군,,물야면,eupmyeondong,물야면,2804,1540,54.92,695,24.79,239,8.52,77,2.75,1187,42.33,2000.0,42,1.5,78,2.78,89,3.17,94,3.35,163,5.81,409,14.59,858,30.6,629,22.43,442,15.76,0.4119,385,2026
4792032000,경상북도,봉화군,,봉성면,eupmyeondong,봉성면,1857,1028,55.36,475,25.58,180,9.69,63,3.39,766,41.25,1631.7,37,1.99,60,3.23,72,3.88,71,3.82,123,6.62,260,14.0,515,27.73,423,22.78,296,15.94,0.4152,257,2026
4792033000,경상북도,봉화군,,법전면,eupmyeondong,법전면,1813,1006,55.49,487,26.86,199,10.98,71,3.92,736,40.6,1416.9,34,1.88,77,4.25,58,3.2,69,3.81,110,6.07,251,13.84,506,27.91,361,19.91,347,19.14,0.4162,251,2026
4792034000,경상북도,봉화군,,춘양면,eupmyeondong,춘양면,4042,1955,48.37,920,22.76,334,8.26,172,4.26,1915,47.38,1136.6,97,2.4,213,5.27,186,4.6,197,4.87,266,6.58,620,15.34,1099,27.19,764,18.9,600,14.84,0.3628,488,2026
4792035000,경상북도,봉화군,,소천면,eupmyeondong,소천면,2020,1100,54.46,460,22.77,162,8.02,53,2.62,867,42.92,2075.5,32,1.58,52,2.57,50,2.48,65,3.22,123,6.09,300,14.85,657,32.52,456,22.57,285,14.11,0.4084,275,2026
4792036000,경상북도,봉화군,,재산면,eupmyeondong,재산면,1347,678,50.33,300,22.27,114,8.46,31,2.3,638,47.36,2187.1,18,1.34,41,3.04,43,3.19,34,2.52,84,6.24,228,16.93,446,33.11,256,19.01,197,14.63,0.3775,169,2026
4792037000,경상북도,봉화군,,명호면,eupmyeondong,명호면,2011,1067,53.06,493,24.52,156,7.76,64,3.18,880,43.76,1667.2,24,1.19,83,4.13,53,2.64,71,3.53,112,5.57,316,15.71,606,30.13,463,23.02,283,14.07,0.398,266,2026
4792038000,경상북도,봉화군,,상운면,eupmyeondong,상운면,1588,941,59.26,473,29.79,163,10.26,22,1.39,625,39.36,4277.3,14,0.88,41,2.58,40,2.52,58,3.65,77,4.85,231,14.55,438,27.58,398,25.06,291,18.32,0.4445,235,2026
4792039000,경상북도,봉화군,,석포면,eupmyeondong,석포면,1811,563,31.09,242,13.36,80,4.42,156,8.61,1092,60.3,360.9,73,4.03,154,8.5,94,5.19,149,8.23,275,15.18,332,18.33,355,19.6,218,12.04,161,8.89,0.2332,140,2026
4793000000,경상북도,울진군,,,sigungu,울진군,46216,15992,34.6,7375,15.96,2610,5.65,3465,7.5,26759,57.9,461.5,2003,4.33,3067,6.64,3553,7.69,4070,8.81,4994,10.81,8049,17.42,9479,20.51,6175,13.36,4826,10.44,0.0692,3998,2026
4793025000,경상북도,울진군,,울진읍,eupmyeondong,울진읍,13919,3205,23.03,1426,10.24,476,3.42,1503,10.8,9211,66.18,213.2,797,5.73,1450,10.42,1396,10.03,1411,10.14,1937,13.92,2598,18.67,2183,15.68,1221,8.77,926,6.65,0.0921,801,2026
4793025300,경상북도,울진군,,평해읍,eupmyeondong,평해읍,2449,1270,51.86,707,28.87,267,10.9,51,2.08,1128,46.06,2490.2,21,0.86,108,4.41,137,5.59,105,4.29,159,6.49,367,14.99,588,24.01,473,19.31,491,20.05,0.2074,317,2026
4793031000,경상북도,울진군,,북면,eupmyeondong,북면,7559,1736,22.97,738,9.76,272,3.6,918,12.14,4905,64.89,189.1,663,8.77,476,6.3,666,8.81,1115,14.75,1032,13.65,1268,16.77,1226,16.22,618,8.18,495,6.55,0.1723,434,2026
4793031500,경상북도,울진군,,북면하당출장소,eupmyeondong,울진군 북면하당출장소,3500,1200,34.29,540,15.43,144,4.11,,,,,,,,,,,,,,,,,,,,,,,,0.15,300,2026
4793032000,경상북도,울진군,,서면,eupmyeondong,서면,1390,585,42.09,261,18.78,92,6.62,56,4.03,749,53.88,1044.6,32,2.3,50,3.6,62,4.46,100,7.19,134,9.64,262,18.85,362,26.04,226,16.26,162,11.65,0.3157,146,2026
4793033000,경상북도,울진군,,근남면,eupmyeondong,근남면,2676,1154,43.12,537,20.07,221,8.26,138,5.16,1384,51.72,836.2,80,2.99,105,3.92,139,5.19,174,6.5,220,8.22,484,18.09,693,25.9,402,15.02,379,14.16,0.3234,288,2026
4793034000,경상북도,울진군,,원남면,eupmyeondong,울진군 원남면,3500,1200,34.29,540,15.43,144,4.11,,,,,,,,,,,,,,,,,,,,,,,,0.35,300,2026
4793035000,경상북도,울진군,,기성면,eupmyeondong,기성면,2237,1250,55.88,637,28.48,263,11.76,61,2.73,926,41.39,2049.2,28,1.25,70,3.13,123,5.5,107,4.78,103,4.6,307,13.72,584,26.11,475,21.23,440,19.67,0.4191,312,2026
4793036000,경상북도,울진군,,온정면,eupmyeondong,온정면,1517,909,59.92,494,32.56,191,12.59,44,2.9,564,37.18,2065.9,18,1.19,46,3.03,49,3.23,43,2.83,78,5.14,208,13.71,405,26.7,345,22.74,325,21.42,0.4494,227,2026
4793037000,경상북도,울진군,,죽변면,eupmyeondong,죽변면,5955,2084,35.0,849,14.26,278,4.67,266,4.47,3605,60.54,783.5,150,2.52,295,4.95,471,7.91,535,8.98,613,10.29,1139,19.13,1397,23.46,831,13.95,524,8.8,0.2625,521,2026
4793038000,경상북도,울진군,,후포면,eupmyeondong,후포면,6841,2715,39.69,1142,16.69,306,4.47,414,6.05,3712,54.26,655.8,220,3.22,424,6.2,480,7.02,498,7.28,686,10.03,1147,16.77,1545,22.58,1182,17.28,659,9.63,0.2977,678,2026
4793039000,경상북도,울진군,,금강송면,eupmyeondong,금강송면,1198,634,52.92,296,24.71,104,8.68,16,1.34,548,45.74,3962.5,5,0.42,28,2.34,24,2.0,26,2.17,63,5.26,235,19.62,385,32.14,238,19.87,194,16.19,0.3969,158,2026
4793040000,경상북도,울진군,,매화면,eupmyeondong,매화면,1865,1035,55.5,549,29.44,232,12.44,54,2.9,776,41.61,1916.7,21,1.13,65,3.49,68,3.65,56,3.0,103,5.52,296,15.87,473,25.36,390,20.91,393,21.07,0.4163,258,2026
4794000000,경상북도,울릉군,,,sigungu,울릉군,8780,2915,33.2,1156,13.17,311,3.54,454,5.17,5411,61.63,642.1,247,2.81,414,4.72,621,7.07,786,8.95,1067,12.15,1765,20.1,2042,23.26,1185,13.5,653,7.44,0.0664,728,2026
4794025000,경상북도,울릉군,,울릉읍,eupmyeondong,울릉읍,6076,1849,30.43,699,11.5,162,2.67,336,5.53,3891,64.04,550.3,177,2.91,321,5.28,473,7.78,574,9.45,790,13.0,1257,20.69,1332,21.92,770,12.67,382,6.29,0.1217,462,2026
4794031000,경상북도,울릉군,,서면,eupmyeondong,서면,1390,585,42.09,261,18.78,92,6.62,56,4.03,749,53.88,1044.6,32,2.3,50,3.6,62,4.46,100,7.19,134,9.64,262,18.85,362,26.04,226,16.26,162,11.65,0.3157,146,2026
4794031500,경상북도,울릉군,,서면태하출장소,eupmyeondong,울릉군 서면태하출장소,3500,1200,34.29,540,15.43,144,4.11,,,,,,,,,,,,,,,,,,,,,,,,0.15,300,2026
4794032000,경상북도,울릉군,,북면,eupmyeondong,북면,1314,481,36.61,196,14.92,57,4.34,62,4.72,771,58.68,775.8,38,2.89,43,3.27,86,6.54,112,8.52,143,10.88,246,18.72,348,26.48,189,14.38,109,8.3,0.2746,120,2026
